"date","year","month","PDO","normalized_pdo","N34","normalized_CN34","combined_pdo_cn34","normalized_pdo_cn34","three_mta_normalized_PDO","three_mta_normalized_PDO_CN34","three_mta_normalized_PDO_lag_0","three_mta_normalized_PDO_CN34_lag_0"
1979-01-01,1979,1,-0.38,0.517,-0.13,0.622,1.139,0.492,NA,NA,NA,NA
1979-02-01,1979,2,-1.29,0.181,-0.22,0.631,0.812,0.198,NA,NA,NA,NA
1979-03-01,1979,3,-0.68,0.381,-0.02,0.58,0.961,0.428,0.36,0.373,NA,NA
1979-04-01,1979,4,-0.12,0.531,0.02,0.511,1.042,0.436,0.364,0.354,0.36,0.373
1979-05-01,1979,5,0.57,0.649,-0.25,0.589,1.238,0.641,0.52,0.502,0.364,0.354
1979-06-01,1979,6,0.22,0.524,-0.29,0.62,1.144,0.777,0.568,0.618,0.52,0.502
1979-07-01,1979,7,0.3,0.709,-0.47,0.744,1.453,0.925,0.627,0.781,0.568,0.618
1979-08-01,1979,8,0.05,0.544,-0.1,0.611,1.155,0.689,0.592,0.797,0.627,0.781
1979-09-01,1979,9,0.88,0.808,0.28,0.507,1.315,0.696,0.687,0.77,0.592,0.797
1979-10-01,1979,10,1.1,0.861,0.11,0.556,1.417,0.803,0.738,0.729,0.687,0.77
1979-11-01,1979,11,0.58,0.797,0.29,0.557,1.354,0.698,0.822,0.732,0.738,0.729
1979-12-01,1979,12,0.06,0.606,0.52,0.486,1.092,0.614,0.755,0.705,0.822,0.732
1980-01-01,1980,1,0.06,0.629,0.54,0.468,1.097,0.451,0.677,0.588,0.755,0.705
1980-02-01,1980,2,0.58,0.726,0.22,0.519,1.245,0.615,0.654,0.56,0.677,0.588
1980-03-01,1980,3,0.62,0.74,0.03,0.562,1.302,0.737,0.698,0.601,0.654,0.56
1980-04-01,1980,4,0.78,0.758,-0.07,0.55,1.308,0.691,0.741,0.681,0.698,0.601
1980-05-01,1980,5,0.64,0.665,0.08,0.438,1.103,0.522,0.721,0.65,0.741,0.681
1980-06-01,1980,6,-0.72,0.331,0.21,0.409,0.74,0.406,0.585,0.54,0.721,0.65
1980-07-01,1980,7,-0.21,0.585,-0.06,0.593,1.178,0.648,0.527,0.525,0.585,0.54
1980-08-01,1980,8,0.08,0.55,-0.38,0.696,1.246,0.776,0.489,0.61,0.527,0.525
1980-09-01,1980,9,-0.13,0.597,-0.28,0.654,1.251,0.643,0.577,0.689,0.489,0.61
1980-10-01,1980,10,0.99,0.838,-0.26,0.647,1.485,0.892,0.662,0.77,0.577,0.689
1980-11-01,1980,11,0.71,0.826,-0.1,0.647,1.473,0.808,0.754,0.781,0.662,0.77
1980-12-01,1980,12,0.3,0.659,0.05,0.593,1.252,0.762,0.774,0.821,0.754,0.781
1981-01-01,1981,1,1.18,0.916,-0.36,0.675,1.591,0.931,0.8,0.834,0.774,0.821
1981-02-01,1981,2,1.24,0.918,-0.64,0.738,1.656,1,0.831,0.898,0.8,0.834
1981-03-01,1981,3,1.22,0.906,-0.64,0.799,1.705,1,0.913,0.977,0.831,0.898
1981-04-01,1981,4,1.07,0.831,-0.53,0.749,1.58,0.952,0.885,0.984,0.913,0.977
1981-05-01,1981,5,1.29,0.811,-0.57,0.735,1.546,0.91,0.849,0.954,0.885,0.984
1981-06-01,1981,6,1.82,0.851,-0.46,0.692,1.543,1,0.831,0.954,0.849,0.954
1981-07-01,1981,7,0.82,0.835,-0.64,0.806,1.641,1,0.832,0.97,0.831,0.954
1981-08-01,1981,8,-0.05,0.524,-0.53,0.741,1.265,0.794,0.737,0.931,0.832,0.97
1981-09-01,1981,9,0.43,0.714,-0.19,0.63,1.344,0.72,0.691,0.838,0.737,0.931
1981-10-01,1981,10,-0.09,0.618,-0.3,0.657,1.275,0.616,0.619,0.71,0.691,0.838
1981-11-01,1981,11,0.54,0.788,-0.41,0.718,1.506,0.838,0.707,0.725,0.619,0.71
1981-12-01,1981,12,0.59,0.722,-0.2,0.65,1.372,0.873,0.709,0.776,0.707,0.725
1982-01-01,1982,1,0.11,0.642,0.13,0.562,1.204,0.555,0.717,0.755,0.709,0.776
1982-02-01,1982,2,-0.19,0.501,-0.17,0.618,1.119,0.494,0.622,0.641,0.717,0.755
1982-03-01,1982,3,-0.37,0.467,0.13,0.527,0.994,0.458,0.537,0.502,0.622,0.641
1982-04-01,1982,4,-0.7,0.385,0.21,0.429,0.814,0.217,0.451,0.39,0.537,0.502
1982-05-01,1982,5,-1.21,0.249,0.45,0.269,0.518,0.01,0.367,0.228,0.451,0.39
1982-06-01,1982,6,-0.99,0.276,0.53,0.274,0.55,0.232,0.303,0.153,0.367,0.228
1982-07-01,1982,7,0.12,0.665,0.37,0.436,1.101,0.571,0.397,0.271,0.303,0.153
1982-08-01,1982,8,-0.08,0.517,0.73,0.361,0.878,0.422,0.486,0.408,0.397,0.271
1982-09-01,1982,9,0.51,0.731,1.49,0.189,0.92,0.367,0.638,0.453,0.486,0.408
1982-10-01,1982,10,0.15,0.667,1.99,0.091,0.758,0,0.638,0.263,0.638,0.453
1982-11-01,1982,11,-0.6,0.53,1.92,0.183,0.713,0.105,0.643,0.157,0.638,0.263
1982-12-01,1982,12,0.16,0.628,2.2,0.105,0.733,0.282,0.608,0.129,0.643,0.157
1983-01-01,1983,1,0.4,0.716,2.35,0.051,0.767,0.13,0.625,0.172,0.608,0.129
1983-02-01,1983,2,0.97,0.84,1.94,0.081,0.921,0.303,0.728,0.238,0.625,0.172
1983-03-01,1983,3,1.73,1,1.38,0.085,1.085,0.541,0.852,0.325,0.728,0.238
1983-04-01,1983,4,1.26,0.879,0.95,0.108,0.987,0.383,0.906,0.409,0.852,0.325
1983-05-01,1983,5,1.01,0.748,0.9,0.064,0.812,0.267,0.876,0.397,0.906,0.409
1983-06-01,1983,6,1.9,0.867,0.54,0.27,1.137,0.771,0.831,0.474,0.876,0.397
1983-07-01,1983,7,2.47,1,-0.11,0.612,1.612,1,0.872,0.679,0.831,0.474
1983-08-01,1983,8,1.18,0.776,-0.27,0.663,1.439,0.962,0.881,0.911,0.872,0.679
1983-09-01,1983,9,0.47,0.722,-0.52,0.717,1.439,0.799,0.833,0.92,0.881,0.911
1983-10-01,1983,10,0.68,0.775,-1.16,0.869,1.644,1,0.758,0.92,0.833,0.92
1983-11-01,1983,11,1.19,0.935,-1.29,0.92,1.855,1,0.811,0.933,0.758,0.92
1983-12-01,1983,12,1.72,0.969,-1.03,0.839,1.808,1,0.893,1,0.811,0.933
1984-01-01,1984,1,1.42,0.977,-0.67,0.747,1.724,1,0.96,1,0.893,1
1984-02-01,1984,2,1.23,0.915,-0.19,0.623,1.538,0.897,0.954,0.966,0.96,1
1984-03-01,1984,3,1.56,1,-0.52,0.756,1.756,1,0.964,0.966,0.954,0.966
1984-04-01,1984,4,1,0.814,-0.68,0.814,1.628,0.998,0.91,0.965,0.964,0.966
1984-05-01,1984,5,0.87,0.717,-0.73,0.808,1.525,0.892,0.844,0.963,0.91,0.965
1984-06-01,1984,6,-0.13,0.452,-0.9,0.878,1.33,0.948,0.661,0.946,0.844,0.963
1984-07-01,1984,7,-0.35,0.551,-0.5,0.755,1.306,0.777,0.573,0.872,0.661,0.946
1984-08-01,1984,8,0.01,0.536,-0.24,0.654,1.19,0.722,0.513,0.816,0.573,0.872
1984-09-01,1984,9,0.18,0.662,-0.34,0.669,1.331,0.709,0.583,0.736,0.513,0.816
1984-10-01,1984,10,0.43,0.724,-0.67,0.748,1.472,0.875,0.641,0.769,0.583,0.736
1984-11-01,1984,11,0.54,0.788,-1.19,0.897,1.685,1,0.725,0.861,0.641,0.769
1984-12-01,1984,12,0.48,0.698,-1.34,0.909,1.607,1,0.737,0.958,0.725,0.861
1985-01-01,1985,1,0.87,0.836,-1.16,0.859,1.695,1,0.774,1,0.737,0.958
1985-02-01,1985,2,0.48,0.697,-0.72,0.758,1.455,0.817,0.744,0.939,0.774,1
1985-03-01,1985,3,-0.34,0.475,-0.79,0.852,1.327,0.76,0.669,0.859,0.744,0.939
1985-04-01,1985,4,-0.52,0.431,-1.18,1,1.431,0.809,0.534,0.795,0.669,0.859
1985-05-01,1985,5,-0.87,0.326,-1.03,0.945,1.271,0.669,0.411,0.746,0.534,0.795
1985-06-01,1985,6,0.04,0.487,-0.91,0.882,1.369,0.983,0.415,0.82,0.411,0.746
1985-07-01,1985,7,0.52,0.762,-0.74,0.842,1.604,1,0.525,0.884,0.415,0.82
1985-08-01,1985,8,0.19,0.573,-0.56,0.75,1.323,0.85,0.607,0.944,0.525,0.884
1985-09-01,1985,9,0.13,0.651,-0.7,0.764,1.415,0.779,0.662,0.876,0.607,0.944
1985-10-01,1985,10,0.14,0.665,-0.49,0.704,1.369,0.739,0.63,0.789,0.662,0.876
1985-11-01,1985,11,-0.65,0.519,-0.37,0.709,1.228,0.581,0.612,0.7,0.63,0.789
1985-12-01,1985,12,0.33,0.665,-0.41,0.698,1.363,0.864,0.616,0.728,0.612,0.7
1986-01-01,1986,1,1.04,0.88,-0.66,0.744,1.624,0.963,0.688,0.803,0.616,0.728
1986-02-01,1986,2,1.47,0.985,-0.71,0.756,1.741,1,0.843,0.942,0.688,0.803
1986-03-01,1986,3,1.68,1,-0.42,0.721,1.721,1,0.955,0.988,0.843,0.942
1986-04-01,1986,4,1.21,0.866,-0.33,0.662,1.528,0.902,0.95,0.967,0.955,0.988
1986-05-01,1986,5,0.85,0.712,-0.53,0.717,1.429,0.808,0.859,0.903,0.95,0.967
1986-06-01,1986,6,0.62,0.605,-0.31,0.629,1.234,0.86,0.728,0.857,0.859,0.903
1986-07-01,1986,7,1.05,0.891,-0.11,0.612,1.503,0.975,0.736,0.881,0.728,0.857
1986-08-01,1986,8,-0.19,0.495,0.32,0.485,0.98,0.52,0.664,0.785,0.736,0.881
1986-09-01,1986,9,-0.03,0.618,0.53,0.441,1.059,0.483,0.668,0.659,0.664,0.785
1986-10-01,1986,10,1,0.84,0.81,0.383,1.223,0.547,0.651,0.517,0.668,0.659
1986-11-01,1986,11,1.68,1,1.01,0.392,1.392,0.733,0.819,0.588,0.651,0.517
1986-12-01,1986,12,1.71,0.967,1.12,0.35,1.317,0.822,0.936,0.701,0.819,0.588
1987-01-01,1987,1,1.47,0.99,1.14,0.329,1.319,0.666,0.986,0.74,0.936,0.701
1987-02-01,1987,2,1.46,0.983,1.13,0.288,1.271,0.64,0.98,0.709,0.986,0.74
1987-03-01,1987,3,1.35,0.942,0.98,0.226,1.168,0.616,0.972,0.641,0.98,0.709
1987-04-01,1987,4,1.38,0.909,0.58,0.268,1.177,0.565,0.945,0.607,0.972,0.641
1987-05-01,1987,5,0.82,0.706,0.62,0.192,0.898,0.343,0.852,0.508,0.945,0.607
1987-06-01,1987,6,0.05,0.489,0.92,0.11,0.599,0.277,0.701,0.395,0.852,0.508
1987-07-01,1987,7,1.38,0.971,1.29,0.099,1.07,0.54,0.722,0.387,0.701,0.395
1987-08-01,1987,8,1.74,0.891,1.57,0.108,0.999,0.538,0.784,0.452,0.722,0.387
1987-09-01,1987,9,1.44,0.925,1.65,0.147,1.072,0.493,0.929,0.524,0.784,0.452
1987-10-01,1987,10,0.68,0.775,1.24,0.277,1.052,0.322,0.864,0.451,0.929,0.524
1987-11-01,1987,11,0.93,0.876,1.07,0.378,1.254,0.605,0.859,0.473,0.864,0.451
1987-12-01,1987,12,0.94,0.799,0.94,0.391,1.19,0.705,0.817,0.544,0.859,0.473
1988-01-01,1988,1,0.23,0.673,0.9,0.385,1.058,0.413,0.783,0.574,0.817,0.544
1988-02-01,1988,2,0.47,0.694,0.28,0.504,1.198,0.57,0.722,0.563,0.783,0.574
1988-03-01,1988,3,0.49,0.704,0.1,0.537,1.241,0.682,0.69,0.555,0.722,0.563
1988-04-01,1988,4,0.34,0.647,-0.44,0.71,1.357,0.738,0.682,0.663,0.69,0.555
1988-05-01,1988,5,0.37,0.604,-1.25,1,1.604,0.961,0.652,0.794,0.682,0.663
1988-06-01,1988,6,0.21,0.521,-1.74,1,1.521,1,0.591,0.9,0.652,0.794
1988-07-01,1988,7,-0.15,0.6,-1.74,1,1.6,1,0.575,0.987,0.591,0.9
1988-08-01,1988,8,-0.88,0.353,-1.19,0.94,1.293,0.821,0.491,0.94,0.575,0.987
1988-09-01,1988,9,-0.98,0.42,-1,0.843,1.263,0.653,0.458,0.825,0.491,0.94
1988-10-01,1988,10,-0.36,0.562,-1.9,1,1.562,0.994,0.445,0.823,0.458,0.825
1988-11-01,1988,11,-0.06,0.652,-2.05,1,1.652,0.973,0.545,0.873,0.445,0.823
1988-12-01,1988,12,-0.14,0.562,-1.96,1,1.562,1,0.592,0.989,0.545,0.873
1989-01-01,1989,1,-1.24,0.297,-1.97,1,1.297,0.645,0.504,0.873,0.592,0.989
1989-02-01,1989,2,-1.45,0.134,-1.47,0.949,1.083,0.459,0.331,0.701,0.504,0.873
1989-03-01,1989,3,-1.24,0.227,-1.21,1,1.227,0.669,0.219,0.591,0.331,0.701
1989-04-01,1989,4,-0.32,0.481,-1.08,0.987,1.468,0.845,0.281,0.658,0.219,0.591
1989-05-01,1989,5,-0.09,0.501,-0.88,0.877,1.378,0.763,0.403,0.759,0.281,0.658
1989-06-01,1989,6,0.11,0.501,-0.59,0.747,1.248,0.872,0.494,0.827,0.403,0.759
1989-07-01,1989,7,0.56,0.772,-0.57,0.78,1.552,1,0.591,0.878,0.494,0.827
1989-08-01,1989,8,-0.44,0.444,-0.53,0.741,1.185,0.717,0.572,0.863,0.591,0.878
1989-09-01,1989,9,-0.57,0.505,-0.3,0.659,1.164,0.57,0.574,0.762,0.572,0.863
1989-10-01,1989,10,-0.51,0.532,-0.4,0.681,1.213,0.534,0.494,0.607,0.574,0.762
1989-11-01,1989,11,-0.76,0.494,-0.45,0.727,1.221,0.575,0.51,0.56,0.494,0.607
1989-12-01,1989,12,-0.1,0.571,-0.13,0.634,1.205,0.718,0.532,0.609,0.51,0.56
1990-01-01,1990,1,-0.42,0.506,0.01,0.59,1.096,0.45,0.524,0.581,0.532,0.609
1990-02-01,1990,2,-1.28,0.184,0.21,0.522,0.706,0.096,0.42,0.421,0.524,0.581
1990-03-01,1990,3,-1.24,0.227,0.04,0.558,0.785,0.269,0.306,0.272,0.42,0.421
1990-04-01,1990,4,-0.15,0.524,0.08,0.485,1.009,0.404,0.312,0.256,0.306,0.272
1990-05-01,1990,5,-0.32,0.449,0.08,0.438,0.887,0.333,0.4,0.335,0.312,0.256
1990-06-01,1990,6,-0.25,0.427,-0.08,0.532,0.959,0.607,0.467,0.448,0.4,0.335
1990-07-01,1990,7,-0.31,0.561,0.09,0.538,1.099,0.569,0.479,0.503,0.467,0.448
1990-08-01,1990,8,-0.43,0.446,0.22,0.515,0.961,0.502,0.478,0.559,0.479,0.503
1990-09-01,1990,9,-0.26,0.57,0.22,0.522,1.092,0.51,0.526,0.527,0.478,0.559
1990-10-01,1990,10,-1.16,0.399,0.21,0.531,0.93,0.161,0.472,0.391,0.526,0.527
1990-11-01,1990,11,-1.88,0.242,0.1,0.601,0.843,0.225,0.404,0.299,0.472,0.391
1990-12-01,1990,12,-2.22,0.107,0.35,0.525,0.632,0.189,0.249,0.192,0.404,0.299
1991-01-01,1991,1,-1.8,0.153,0.49,0.479,0.632,0,0.167,0.138,0.249,0.192
1991-02-01,1991,2,-1.09,0.239,0.32,0.494,0.733,0.122,0.166,0.104,0.167,0.138
1991-03-01,1991,3,-1.11,0.262,0.03,0.562,0.824,0.304,0.218,0.142,0.166,0.104
1991-04-01,1991,4,-1.63,0.151,0.19,0.437,0.588,0,0.217,0.142,0.218,0.142
1991-05-01,1991,5,-1.65,0.151,0.26,0.356,0.507,0,0.188,0.101,0.217,0.142
1991-06-01,1991,6,-2.25,0.018,0.52,0.278,0.296,0,0.107,0,0.188,0.101
1991-07-01,1991,7,-1.57,0.255,0.76,0.293,0.548,0.015,0.141,0.005,0.107,0
1991-08-01,1991,8,-0.58,0.415,0.68,0.377,0.792,0.339,0.229,0.118,0.141,0.005
1991-09-01,1991,9,0.37,0.701,0.42,0.47,1.171,0.576,0.457,0.31,0.229,0.118
1991-10-01,1991,10,0.41,0.72,0.86,0.37,1.09,0.372,0.612,0.429,0.457,0.31
1991-11-01,1991,11,0.56,0.792,1.2,0.349,1.141,0.501,0.738,0.483,0.612,0.429
1991-12-01,1991,12,-0.21,0.547,1.69,0.22,0.767,0.314,0.686,0.396,0.738,0.483
1992-01-01,1992,1,0.08,0.634,1.84,0.168,0.802,0.164,0.658,0.326,0.686,0.396
1992-02-01,1992,2,0.17,0.606,1.78,0.122,0.728,0.117,0.596,0.198,0.658,0.326
1992-03-01,1992,3,0.12,0.602,1.38,0.085,0.687,0.18,0.614,0.154,0.596,0.198
1992-04-01,1992,4,0.55,0.7,1.2,0,0.7,0.107,0.636,0.135,0.614,0.154
1992-05-01,1992,5,1.26,0.804,1.04,0,0.804,0.26,0.702,0.182,0.636,0.135
1992-06-01,1992,6,1.22,0.728,0.58,0.253,0.981,0.628,0.744,0.332,0.702,0.182
1992-07-01,1992,7,1.5,1,0.22,0.491,1.491,0.963,0.844,0.617,0.744,0.332
1992-08-01,1992,8,0.85,0.708,0.05,0.566,1.274,0.803,0.812,0.798,0.844,0.617
1992-09-01,1992,9,0.45,0.718,-0.06,0.596,1.314,0.695,0.809,0.82,0.812,0.798
1992-10-01,1992,10,1.28,0.898,-0.3,0.657,1.555,0.984,0.775,0.827,0.809,0.82
1992-11-01,1992,11,1.31,0.962,-0.28,0.688,1.65,0.972,0.859,0.884,0.775,0.827
1992-12-01,1992,12,0.33,0.665,-0.15,0.639,1.304,0.81,0.842,0.922,0.859,0.884
1993-01-01,1993,1,-0.28,0.542,0.14,0.56,1.102,0.456,0.723,0.746,0.842,0.922
1993-02-01,1993,2,0.02,0.563,0.41,0.471,1.034,0.412,0.59,0.559,0.723,0.746
1993-03-01,1993,3,0.24,0.635,0.39,0.435,1.07,0.527,0.58,0.465,0.59,0.559
1993-04-01,1993,4,1,0.814,0.59,0.264,1.078,0.47,0.671,0.47,0.58,0.465
1993-05-01,1993,5,1.79,0.924,0.78,0.119,1.043,0.47,0.791,0.489,0.671,0.47
1993-06-01,1993,6,2.05,0.898,0.35,0.35,1.248,0.872,0.879,0.604,0.791,0.489
1993-07-01,1993,7,1.48,0.995,0.23,0.487,1.482,0.954,0.939,0.765,0.879,0.604
1993-08-01,1993,8,1.96,0.936,0.13,0.542,1.478,1,0.943,0.942,0.939,0.765
1993-09-01,1993,9,1.15,0.864,0.35,0.488,1.352,0.727,0.932,0.894,0.943,0.942
1993-10-01,1993,10,1.31,0.904,0.06,0.568,1.472,0.875,0.901,0.867,0.932,0.894
1993-11-01,1993,11,1.13,0.921,0,0.624,1.545,0.874,0.896,0.825,0.901,0.867
1993-12-01,1993,12,0.67,0.74,0.16,0.568,1.308,0.814,0.855,0.854,0.896,0.825
1994-01-01,1994,1,0.85,0.831,0.1,0.569,1.4,0.745,0.831,0.811,0.855,0.854
1994-02-01,1994,2,0.33,0.653,0.06,0.56,1.213,0.584,0.741,0.714,0.831,0.811
1994-03-01,1994,3,0.27,0.644,0.11,0.534,1.178,0.625,0.709,0.651,0.741,0.714
1994-04-01,1994,4,0.49,0.685,0.26,0.407,1.092,0.484,0.661,0.564,0.709,0.651
1994-05-01,1994,5,0.55,0.645,0.31,0.333,0.978,0.413,0.658,0.507,0.661,0.564
1994-06-01,1994,6,0.1,0.499,0.32,0.363,0.862,0.518,0.61,0.472,0.658,0.507
1994-07-01,1994,7,-0.91,0.415,0.24,0.484,0.899,0.368,0.52,0.433,0.61,0.472
1994-08-01,1994,8,-0.88,0.353,0.53,0.422,0.775,0.323,0.422,0.403,0.52,0.433
1994-09-01,1994,9,-1.51,0.309,0.48,0.454,0.763,0.236,0.359,0.309,0.422,0.403
1994-10-01,1994,10,-1.06,0.419,0.75,0.398,0.817,0.012,0.36,0.19,0.359,0.309
1994-11-01,1994,11,-1.93,0.23,1.11,0.369,0.599,0,0.319,0.083,0.36,0.19
1994-12-01,1994,12,-2.22,0.107,1.25,0.32,0.427,0,0.252,0.004,0.319,0.083
1995-01-01,1995,1,-0.86,0.394,1.02,0.357,0.751,0.115,0.244,0.038,0.252,0.004
1995-02-01,1995,2,0.02,0.563,0.73,0.389,0.952,0.333,0.355,0.149,0.244,0.038
1995-03-01,1995,3,0.46,0.696,0.46,0.41,1.106,0.56,0.551,0.336,0.355,0.149
1995-04-01,1995,4,0.49,0.685,0.28,0.398,1.083,0.475,0.648,0.456,0.551,0.336
1995-05-01,1995,5,0.89,0.721,-0.11,0.525,1.246,0.648,0.701,0.561,0.648,0.456
1995-06-01,1995,6,1.03,0.689,-0.14,0.557,1.246,0.871,0.698,0.665,0.701,0.561
1995-07-01,1995,7,1,0.879,-0.21,0.648,1.527,0.999,0.763,0.839,0.698,0.665
1995-08-01,1995,8,-0.11,0.511,-0.63,0.771,1.282,0.811,0.693,0.894,0.763,0.839
1995-09-01,1995,9,1.22,0.879,-0.84,0.801,1.68,1,0.756,0.937,0.693,0.894
1995-10-01,1995,10,0.64,0.767,-0.88,0.8,1.567,1,0.719,0.937,0.756,0.937
1995-11-01,1995,11,0.05,0.677,-1.1,0.876,1.553,0.882,0.774,0.961,0.719,0.937
1995-12-01,1995,12,0.44,0.689,-0.95,0.82,1.509,0.999,0.711,0.96,0.774,0.961
1996-01-01,1996,1,1.01,0.872,-0.86,0.79,1.662,1,0.746,0.96,0.711,0.96
1996-02-01,1996,2,1.01,0.851,-0.86,0.794,1.645,1,0.804,1,0.746,0.96
1996-03-01,1996,3,0.85,0.804,-0.61,0.788,1.592,1,0.842,1,0.804,1
1996-04-01,1996,4,1.37,0.907,-0.47,0.723,1.63,1,0.854,1,0.842,1
1996-05-01,1996,5,2.13,1,-0.38,0.648,1.648,1,0.904,1,0.854,1
1996-06-01,1996,6,1.1,0.703,-0.44,0.684,1.387,1,0.87,1,0.904,1
1996-07-01,1996,7,0.57,0.774,-0.44,0.733,1.507,0.979,0.826,0.993,0.87,1
1996-08-01,1996,8,-0.66,0.398,-0.22,0.648,1.046,0.584,0.625,0.854,0.826,0.993
1996-09-01,1996,9,0.07,0.639,-0.45,0.698,1.337,0.714,0.604,0.759,0.625,0.854
1996-10-01,1996,10,0.4,0.718,-0.44,0.691,1.409,0.792,0.585,0.697,0.604,0.759
1996-11-01,1996,11,0.38,0.752,-0.41,0.718,1.47,0.805,0.703,0.77,0.585,0.697
1996-12-01,1996,12,-0.03,0.586,-0.64,0.75,1.336,0.839,0.685,0.812,0.703,0.77
1997-01-01,1997,1,0.44,0.726,-0.53,0.714,1.44,0.784,0.688,0.809,0.685,0.812
1997-02-01,1997,2,0.29,0.641,-0.37,0.669,1.31,0.677,0.651,0.767,0.688,0.809
1997-03-01,1997,3,0.39,0.677,-0.25,0.661,1.338,0.77,0.681,0.744,0.651,0.767
1997-04-01,1997,4,0.73,0.746,0.16,0.45,1.196,0.583,0.688,0.677,0.681,0.744
1997-05-01,1997,5,1.59,0.879,0.64,0.183,1.062,0.486,0.767,0.613,0.688,0.677
1997-06-01,1997,6,2.55,1,1.09,0.038,1.038,0.68,0.875,0.583,0.767,0.613
1997-07-01,1997,7,1.49,0.998,1.56,0,0.998,0.467,0.959,0.544,0.875,0.583
1997-08-01,1997,8,2.27,1,1.89,0.012,1.012,0.551,0.999,0.566,0.959,0.544
1997-09-01,1997,9,1.8,1,2.13,0.021,1.021,0.451,0.999,0.49,0.999,0.566
1997-10-01,1997,10,1.78,1,2.36,0,1,0.253,1,0.418,0.999,0.49
1997-11-01,1997,11,1.48,1,2.41,0.071,1.071,0.436,1,0.38,1,0.418
1997-12-01,1997,12,0.99,0.81,2.29,0.084,0.894,0.431,0.937,0.373,1,0.38
1998-01-01,1998,1,1.05,0.882,2.38,0.044,0.926,0.285,0.897,0.384,0.937,0.373
1998-02-01,1998,2,1.52,1,2.03,0.059,1.059,0.436,0.897,0.384,0.897,0.384
1998-03-01,1998,3,1.29,0.925,1.34,0.099,1.024,0.485,0.936,0.402,0.897,0.384
1998-04-01,1998,4,0.03,0.569,0.78,0.182,0.751,0.156,0.831,0.359,0.936,0.402
1998-05-01,1998,5,-0.83,0.335,0.57,0.215,0.55,0.038,0.61,0.226,0.831,0.359
1998-06-01,1998,6,-0.78,0.319,-0.39,0.662,0.981,0.628,0.408,0.274,0.61,0.226
1998-07-01,1998,7,-1.16,0.354,-0.99,0.934,1.288,0.759,0.336,0.475,0.408,0.274
1998-08-01,1998,8,-0.87,0.355,-1.28,0.967,1.322,0.849,0.343,0.745,0.336,0.475
1998-09-01,1998,9,-1.7,0.269,-1.26,0.911,1.18,0.583,0.326,0.73,0.343,0.745
1998-10-01,1998,10,-2.23,0.18,-1.46,0.943,1.123,0.415,0.268,0.616,0.326,0.73
1998-11-01,1998,11,-0.97,0.447,-1.46,0.959,1.406,0.746,0.299,0.581,0.268,0.616
1998-12-01,1998,12,-1.09,0.354,-1.69,0.989,1.343,0.846,0.327,0.669,0.299,0.581
1999-01-01,1999,1,-0.78,0.414,-1.69,0.982,1.396,0.741,0.405,0.778,0.327,0.669
1999-02-01,1999,2,-1.06,0.248,-1.32,0.911,1.159,0.532,0.339,0.706,0.405,0.778
1999-03-01,1999,3,-1.18,0.243,-0.95,0.908,1.151,0.6,0.302,0.624,0.339,0.706
1999-04-01,1999,4,-1.85,0.096,-1.11,1,1.096,0.487,0.196,0.54,0.302,0.624
1999-05-01,1999,5,-2.32,0,-1.15,1,1,0.432,0.113,0.506,0.196,0.54
1999-06-01,1999,6,-2.34,0,-1.19,1,1,0.645,0.032,0.521,0.113,0.506
1999-07-01,1999,7,-1.87,0.182,-1.17,1,1.182,0.652,0.061,0.576,0.032,0.521
1999-08-01,1999,8,-1.84,0.156,-1.22,0.949,1.105,0.64,0.113,0.646,0.061,0.576
1999-09-01,1999,9,-2.24,0.157,-1.09,0.866,1.023,0.453,0.165,0.582,0.113,0.646
1999-10-01,1999,10,-2.54,0.117,-1.23,0.886,1.003,0.257,0.143,0.45,0.165,0.582
1999-11-01,1999,11,-2.18,0.174,-1.58,0.986,1.16,0.518,0.149,0.409,0.143,0.45
1999-12-01,1999,12,-1.92,0.173,-1.74,1,1.173,0.689,0.155,0.488,0.149,0.409
2000-01-01,2000,1,-2.2,0.051,-1.77,1,1.051,0.406,0.133,0.538,0.155,0.488
2000-02-01,2000,2,-1.28,0.184,-1.55,0.969,1.153,0.526,0.136,0.54,0.133,0.538
2000-03-01,2000,3,-0.66,0.387,-0.98,0.919,1.306,0.741,0.207,0.558,0.136,0.54
2000-04-01,2000,4,-0.63,0.403,-0.87,0.896,1.299,0.682,0.325,0.65,0.207,0.558
2000-05-01,2000,5,-0.81,0.339,-0.86,0.868,1.207,0.613,0.376,0.679,0.325,0.65
2000-06-01,2000,6,-0.64,0.348,-0.79,0.831,1.179,0.809,0.363,0.701,0.376,0.679
2000-07-01,2000,7,-1.51,0.269,-0.67,0.817,1.086,0.556,0.319,0.659,0.363,0.701
2000-08-01,2000,8,-1.68,0.189,-0.49,0.729,0.918,0.46,0.269,0.608,0.319,0.659
2000-09-01,2000,9,-1.45,0.322,-0.52,0.717,1.039,0.466,0.26,0.494,0.269,0.608
2000-10-01,2000,10,-1.61,0.307,-0.7,0.756,1.063,0.336,0.273,0.421,0.26,0.494
2000-11-01,2000,11,-1.04,0.431,-0.79,0.805,1.236,0.589,0.353,0.464,0.273,0.421
2000-12-01,2000,12,0,0.593,-0.92,0.814,1.407,0.905,0.444,0.61,0.353,0.464
2001-01-01,2001,1,0.48,0.737,-0.73,0.76,1.497,0.839,0.587,0.778,0.444,0.61
2001-02-01,2001,2,-0.01,0.554,-0.63,0.735,1.289,0.657,0.628,0.8,0.587,0.778
2001-03-01,2001,3,-0.41,0.456,-0.48,0.742,1.198,0.643,0.582,0.713,0.628,0.8
2001-04-01,2001,4,-1.18,0.264,-0.49,0.732,0.996,0.391,0.425,0.564,0.582,0.713
2001-05-01,2001,5,-1.12,0.27,-0.34,0.63,0.9,0.344,0.33,0.459,0.425,0.564
2001-06-01,2001,6,-1.22,0.229,-0.19,0.578,0.807,0.468,0.254,0.401,0.33,0.459
2001-07-01,2001,7,-2.21,0.1,-0.04,0.586,0.686,0.154,0.2,0.322,0.254,0.401
2001-08-01,2001,8,-1.68,0.189,-0.05,0.596,0.785,0.332,0.173,0.318,0.2,0.322
2001-09-01,2001,9,-1.98,0.211,-0.2,0.633,0.844,0.303,0.167,0.263,0.173,0.318
2001-10-01,2001,10,-1.91,0.245,-0.14,0.617,0.862,0.071,0.215,0.235,0.167,0.263
2001-11-01,2001,11,-1.25,0.384,-0.37,0.709,1.093,0.456,0.28,0.277,0.215,0.235
2001-12-01,2001,12,-1.12,0.348,-0.41,0.698,1.046,0.571,0.326,0.366,0.28,0.277
2002-01-01,2002,1,-0.42,0.506,-0.15,0.627,1.133,0.486,0.413,0.504,0.326,0.366
2002-02-01,2002,2,-1.51,0.117,-0.04,0.585,0.702,0.092,0.324,0.383,0.413,0.504
2002-03-01,2002,3,-1.27,0.218,0.01,0.569,0.787,0.271,0.28,0.283,0.324,0.383
2002-04-01,2002,4,-1.23,0.252,0.02,0.511,0.763,0.168,0.196,0.177,0.28,0.283
2002-05-01,2002,5,-1.3,0.229,0.31,0.333,0.562,0.048,0.233,0.162,0.196,0.177
2002-06-01,2002,6,-1.18,0.237,0.72,0.194,0.431,0.123,0.239,0.113,0.233,0.162
2002-07-01,2002,7,-0.71,0.464,0.74,0.3,0.764,0.232,0.31,0.134,0.239,0.113
2002-08-01,2002,8,0.11,0.556,0.87,0.319,0.875,0.419,0.419,0.258,0.31,0.134
2002-09-01,2002,9,-0.21,0.58,1.09,0.294,0.874,0.328,0.533,0.326,0.419,0.258
2002-10-01,2002,10,-0.2,0.595,1.25,0.274,0.869,0.081,0.577,0.276,0.533,0.326
2002-11-01,2002,11,1.08,0.91,1.47,0.287,1.197,0.553,0.695,0.321,0.577,0.276
2002-12-01,2002,12,1.57,0.937,1.37,0.293,1.23,0.741,0.814,0.458,0.695,0.321
2003-01-01,2003,1,1.45,0.985,0.6,0.454,1.439,0.783,0.944,0.692,0.814,0.458
2003-02-01,2003,2,1.23,0.915,0.64,0.412,1.327,0.694,0.946,0.739,0.944,0.692
2003-03-01,2003,3,1.01,0.848,0.36,0.445,1.293,0.729,0.916,0.735,0.946,0.739
2003-04-01,2003,4,0.36,0.652,-0.14,0.58,1.232,0.618,0.805,0.68,0.916,0.735
2003-05-01,2003,5,0.21,0.569,-0.61,0.753,1.322,0.714,0.69,0.687,0.805,0.68
2003-06-01,2003,6,-0.42,0.393,-0.29,0.62,1.013,0.657,0.538,0.663,0.69,0.687
2003-07-01,2003,7,0.37,0.726,0.21,0.495,1.221,0.691,0.563,0.687,0.538,0.663
2003-08-01,2003,8,0.63,0.663,0.26,0.503,1.166,0.699,0.594,0.682,0.563,0.687
2003-09-01,2003,9,-0.17,0.589,0.27,0.509,1.098,0.515,0.659,0.635,0.594,0.682
2003-10-01,2003,10,0.74,0.787,0.42,0.479,1.266,0.604,0.68,0.606,0.659,0.635
2003-11-01,2003,11,-0.23,0.614,0.33,0.548,1.162,0.52,0.663,0.546,0.68,0.606
2003-12-01,2003,12,-0.6,0.462,0.43,0.507,0.969,0.5,0.621,0.541,0.663,0.546
2004-01-01,2004,1,-0.55,0.473,0.27,0.53,1.003,0.36,0.516,0.46,0.621,0.541
2004-02-01,2004,2,-0.21,0.496,0.23,0.517,1.013,0.391,0.477,0.417,0.516,0.46
2004-03-01,2004,3,-0.15,0.528,0.12,0.53,1.058,0.516,0.499,0.422,0.477,0.417
2004-04-01,2004,4,0,0.562,0.07,0.489,1.051,0.444,0.529,0.45,0.499,0.422
2004-05-01,2004,5,0.61,0.658,0.06,0.447,1.105,0.524,0.583,0.495,0.529,0.45
2004-06-01,2004,6,-0.11,0.456,0.13,0.443,0.899,0.552,0.559,0.507,0.583,0.495
2004-07-01,2004,7,0.04,0.646,0.49,0.392,1.038,0.507,0.587,0.528,0.559,0.507
2004-08-01,2004,8,0.24,0.583,0.76,0.352,0.935,0.477,0.562,0.512,0.587,0.528
2004-09-01,2004,9,0.02,0.628,0.81,0.367,0.995,0.429,0.619,0.471,0.562,0.512
2004-10-01,2004,10,-0.72,0.489,0.73,0.402,0.891,0.11,0.567,0.339,0.619,0.471
2004-11-01,2004,11,-1.22,0.391,0.66,0.472,0.863,0.244,0.503,0.261,0.567,0.339
2004-12-01,2004,12,-0.64,0.453,0.74,0.436,0.889,0.426,0.444,0.26,0.503,0.261
2005-01-01,2005,1,-0.15,0.575,0.66,0.44,1.015,0.371,0.473,0.347,0.444,0.26
2005-02-01,2005,2,-0.01,0.554,0.36,0.483,1.037,0.415,0.527,0.404,0.473,0.347
2005-03-01,2005,3,0.7,0.762,0.45,0.413,1.175,0.622,0.63,0.469,0.527,0.404
2005-04-01,2005,4,0.28,0.632,0.26,0.407,1.039,0.433,0.649,0.49,0.63,0.469
2005-05-01,2005,5,1.36,0.827,0.3,0.338,1.165,0.577,0.74,0.544,0.649,0.49
2005-06-01,2005,6,0.85,0.652,0.04,0.481,1.133,0.767,0.704,0.592,0.74,0.544
2005-07-01,2005,7,0.11,0.663,-0.23,0.656,1.319,0.79,0.714,0.711,0.704,0.592
2005-08-01,2005,8,-0.42,0.448,-0.05,0.596,1.044,0.582,0.588,0.713,0.714,0.711
2005-09-01,2005,9,-0.99,0.418,-0.04,0.591,1.009,0.441,0.51,0.604,0.588,0.713
2005-10-01,2005,10,-2,0.227,-0.06,0.598,0.825,0.023,0.364,0.349,0.51,0.604
2005-11-01,2005,11,-1.89,0.239,-0.59,0.759,0.998,0.369,0.295,0.278,0.364,0.349
2005-12-01,2005,12,-0.1,0.571,-0.92,0.814,1.385,0.885,0.346,0.426,0.295,0.278
2006-01-01,2006,1,0.54,0.752,-0.91,0.802,1.554,0.895,0.521,0.716,0.346,0.426
2006-02-01,2006,2,0.38,0.668,-0.67,0.746,1.414,0.777,0.664,0.852,0.521,0.716
2006-03-01,2006,3,-0.74,0.365,-0.71,0.823,1.188,0.634,0.595,0.769,0.664,0.852
2006-04-01,2006,4,-0.54,0.426,-0.32,0.658,1.084,0.476,0.486,0.629,0.595,0.769
2006-05-01,2006,5,-0.37,0.438,-0.09,0.516,0.954,0.392,0.41,0.501,0.486,0.629
2006-06-01,2006,6,0.21,0.521,0,0.498,1.019,0.662,0.462,0.51,0.41,0.501
2006-07-01,2006,7,0.39,0.731,0.01,0.568,1.299,0.77,0.563,0.608,0.462,0.51
2006-08-01,2006,8,-0.85,0.359,0.31,0.488,0.847,0.392,0.537,0.608,0.563,0.608
2006-09-01,2006,9,-1.54,0.303,0.6,0.423,0.726,0.205,0.464,0.456,0.537,0.608
2006-10-01,2006,10,-0.46,0.542,0.7,0.41,0.952,0.19,0.401,0.262,0.464,0.456
2006-11-01,2006,11,-0.81,0.483,0.99,0.397,0.88,0.259,0.443,0.218,0.401,0.262
2006-12-01,2006,12,-0.42,0.501,1.14,0.345,0.846,0.387,0.509,0.279,0.443,0.218
2007-01-01,2007,1,-0.69,0.437,0.7,0.431,0.868,0.228,0.474,0.291,0.509,0.279
2007-02-01,2007,2,-0.71,0.35,0.13,0.542,0.892,0.275,0.429,0.297,0.474,0.291
2007-03-01,2007,3,-1.1,0.265,-0.18,0.636,0.901,0.374,0.351,0.292,0.429,0.297
2007-04-01,2007,4,-0.46,0.446,-0.32,0.658,1.104,0.495,0.354,0.381,0.351,0.292
2007-05-01,2007,5,-0.29,0.456,-0.47,0.689,1.145,0.559,0.389,0.476,0.354,0.381
2007-06-01,2007,6,-0.07,0.464,-0.35,0.646,1.11,0.746,0.455,0.6,0.389,0.476
2007-07-01,2007,7,0.43,0.74,-0.59,0.788,1.528,1,0.553,0.768,0.455,0.6
2007-08-01,2007,8,0.09,0.552,-0.72,0.798,1.35,0.876,0.585,0.874,0.553,0.768
2007-09-01,2007,9,-0.97,0.422,-1.11,0.871,1.293,0.678,0.571,0.851,0.585,0.874
2007-10-01,2007,10,-2.33,0.16,-1.39,0.926,1.086,0.367,0.378,0.64,0.571,0.851
2007-11-01,2007,11,-1.46,0.336,-1.54,0.977,1.313,0.66,0.306,0.568,0.378,0.64
2007-12-01,2007,12,-0.87,0.403,-1.58,0.964,1.367,0.868,0.3,0.632,0.306,0.568
2008-01-01,2008,1,-1.5,0.23,-1.68,0.979,1.209,0.56,0.323,0.696,0.3,0.632
2008-02-01,2008,2,-1.46,0.131,-1.67,1,1.131,0.505,0.255,0.644,0.323,0.696
2008-03-01,2008,3,-1.26,0.221,-1.21,1,1.221,0.664,0.194,0.576,0.255,0.644
2008-04-01,2008,4,-1.79,0.111,-0.99,0.948,1.059,0.452,0.154,0.54,0.194,0.576
2008-05-01,2008,5,-1.62,0.157,-0.84,0.858,1.015,0.445,0.163,0.52,0.154,0.54
2008-06-01,2008,6,-1.85,0.1,-0.68,0.785,0.885,0.539,0.123,0.479,0.163,0.52
2008-07-01,2008,7,-1.96,0.16,-0.3,0.681,0.841,0.309,0.139,0.431,0.123,0.479
2008-08-01,2008,8,-1.85,0.154,-0.13,0.62,0.774,0.322,0.138,0.39,0.139,0.431
2008-09-01,2008,9,-1.87,0.234,-0.25,0.646,0.88,0.333,0.183,0.321,0.138,0.39
2008-10-01,2008,10,-1.9,0.247,-0.35,0.669,0.916,0.143,0.212,0.266,0.183,0.321
2008-11-01,2008,11,-1.59,0.307,-0.46,0.729,1.036,0.404,0.263,0.293,0.212,0.266
2008-12-01,2008,12,-1.31,0.306,-0.86,0.8,1.106,0.627,0.287,0.391,0.263,0.293
2009-01-01,2009,1,-1.81,0.151,-0.89,0.797,0.948,0.306,0.255,0.446,0.287,0.391
2009-02-01,2009,2,-1.78,0.038,-0.79,0.776,0.814,0.2,0.165,0.378,0.255,0.446
2009-03-01,2009,3,-2.06,0,-0.69,0.816,0.816,0.297,0.063,0.268,0.165,0.378
2009-04-01,2009,4,-2.23,0,-0.35,0.671,0.671,0.079,0.013,0.192,0.063,0.268
2009-05-01,2009,5,-1.32,0.225,0.06,0.447,0.672,0.145,0.075,0.174,0.013,0.192
2009-06-01,2009,6,-0.73,0.329,0.31,0.367,0.696,0.366,0.185,0.197,0.075,0.174
2009-07-01,2009,7,-0.71,0.464,0.48,0.396,0.86,0.329,0.339,0.28,0.185,0.197
2009-08-01,2009,8,-0.49,0.433,0.56,0.413,0.846,0.391,0.409,0.362,0.339,0.28
2009-09-01,2009,9,0.33,0.693,0.68,0.402,1.095,0.513,0.53,0.411,0.409,0.362
2009-10-01,2009,10,-0.13,0.609,0.89,0.363,0.972,0.216,0.578,0.373,0.53,0.411
2009-11-01,2009,11,-0.94,0.454,1.46,0.289,0.743,0.133,0.585,0.287,0.578,0.373
2009-12-01,2009,12,-0.51,0.481,1.74,0.209,0.69,0.242,0.515,0.197,0.585,0.287
2010-01-01,2010,1,0.05,0.627,1.52,0.242,0.869,0.229,0.521,0.201,0.515,0.197
2010-02-01,2010,2,0.25,0.63,1.25,0.257,0.887,0.27,0.579,0.247,0.521,0.201
2010-03-01,2010,3,-0.16,0.525,0.9,0.254,0.779,0.263,0.594,0.254,0.579,0.247
2010-04-01,2010,4,-0.04,0.552,0.38,0.355,0.907,0.306,0.569,0.28,0.594,0.254
2010-05-01,2010,5,-0.18,0.481,-0.22,0.575,1.056,0.481,0.519,0.35,0.569,0.28
2010-06-01,2010,6,-0.79,0.317,-0.69,0.789,1.106,0.742,0.45,0.51,0.519,0.35
2010-07-01,2010,7,-1.99,0.153,-1.07,0.963,1.116,0.586,0.317,0.603,0.45,0.51
2010-08-01,2010,8,-2.21,0.08,-1.39,1,1.08,0.616,0.183,0.648,0.317,0.603
2010-09-01,2010,9,-2.45,0.113,-1.6,1,1.113,0.528,0.115,0.577,0.183,0.648
2010-10-01,2010,10,-1.6,0.309,-1.69,1,1.309,0.66,0.167,0.601,0.115,0.577
2010-11-01,2010,11,-1.57,0.312,-1.64,1,1.312,0.659,0.245,0.616,0.167,0.601
2010-12-01,2010,12,-2.04,0.147,-1.6,0.968,1.115,0.635,0.256,0.651,0.245,0.616
2011-01-01,2011,1,-1.8,0.153,-1.54,0.947,1.1,0.454,0.204,0.583,0.256,0.651
2011-02-01,2011,2,-1.46,0.131,-1.11,0.858,0.989,0.368,0.144,0.486,0.204,0.583
2011-03-01,2011,3,-1.28,0.215,-0.93,0.901,1.116,0.569,0.166,0.464,0.144,0.486
2011-04-01,2011,4,-1.02,0.305,-0.77,0.853,1.158,0.547,0.217,0.495,0.166,0.464
2011-05-01,2011,5,-0.66,0.373,-0.52,0.712,1.085,0.507,0.298,0.541,0.217,0.495
2011-06-01,2011,6,-1.08,0.258,-0.38,0.658,0.916,0.568,0.312,0.541,0.298,0.541
2011-07-01,2011,7,-2.3,0.078,-0.43,0.729,0.807,0.275,0.236,0.45,0.312,0.541
2011-08-01,2011,8,-2.37,0.047,-0.65,0.777,0.824,0.37,0.128,0.404,0.236,0.45
2011-09-01,2011,9,-2.5,0.102,-0.8,0.79,0.892,0.343,0.076,0.329,0.128,0.404
2011-10-01,2011,10,-1.92,0.243,-1.05,0.842,1.085,0.365,0.131,0.359,0.076,0.329
2011-11-01,2011,11,-2.95,0,-1.19,0.897,0.897,0.275,0.115,0.328,0.131,0.359
2011-12-01,2011,12,-2.4,0.068,-1.06,0.845,0.913,0.449,0.104,0.363,0.115,0.328
2012-01-01,2012,1,-1.85,0.141,-0.87,0.793,0.934,0.293,0.07,0.339,0.104,0.363
2012-02-01,2012,2,-1.35,0.163,-0.67,0.746,0.909,0.291,0.124,0.344,0.07,0.339
2012-03-01,2012,3,-1.66,0.11,-0.61,0.788,0.898,0.371,0.138,0.318,0.124,0.344
2012-04-01,2012,4,-1.01,0.307,-0.5,0.736,1.043,0.437,0.193,0.366,0.138,0.318
2012-05-01,2012,5,-2.12,0.045,-0.32,0.621,0.666,0.14,0.154,0.316,0.193,0.366
2012-06-01,2012,6,-1.63,0.145,0.02,0.489,0.634,0.309,0.166,0.295,0.154,0.316
2012-07-01,2012,7,-2.4,0.053,0.25,0.48,0.533,0,0.081,0.15,0.166,0.295
2012-08-01,2012,8,-2.6,0,0.47,0.44,0.44,0,0.066,0.103,0.081,0.15
2012-09-01,2012,9,-2.99,0,0.38,0.48,0.48,0,0.018,0,0.066,0.103
2012-10-01,2012,10,-1.22,0.387,0.26,0.519,0.906,0.129,0.129,0.043,0.018,0
2012-11-01,2012,11,-0.66,0.517,0.16,0.587,1.104,0.467,0.301,0.199,0.129,0.043
2012-12-01,2012,12,-1.31,0.306,-0.25,0.661,0.967,0.498,0.403,0.365,0.301,0.199
2013-01-01,2013,1,-1.1,0.332,-0.53,0.714,1.046,0.401,0.385,0.455,0.403,0.365
2013-02-01,2013,2,-1.42,0.143,-0.52,0.707,0.85,0.235,0.26,0.378,0.385,0.455
2013-03-01,2013,3,-1.48,0.16,-0.25,0.661,0.821,0.301,0.212,0.312,0.26,0.378
2013-04-01,2013,4,-0.72,0.38,-0.25,0.628,1.008,0.403,0.228,0.313,0.212,0.312
2013-05-01,2013,5,-0.4,0.431,-0.4,0.658,1.089,0.51,0.324,0.405,0.228,0.313
2013-06-01,2013,6,-1.19,0.235,-0.42,0.675,0.91,0.562,0.349,0.492,0.324,0.405
2013-07-01,2013,7,-1.34,0.311,-0.39,0.714,1.025,0.494,0.326,0.522,0.349,0.492
2013-08-01,2013,8,-1.56,0.214,-0.38,0.696,0.91,0.453,0.253,0.503,0.326,0.522
2013-09-01,2013,9,-1,0.415,-0.18,0.627,1.042,0.468,0.313,0.472,0.253,0.503
2013-10-01,2013,10,-1.65,0.299,-0.2,0.632,0.931,0.162,0.309,0.361,0.313,0.472
2013-11-01,2013,11,-1.09,0.42,-0.14,0.656,1.076,0.441,0.378,0.357,0.309,0.361
2013-12-01,2013,12,-1.04,0.365,-0.17,0.643,1.008,0.536,0.361,0.38,0.378,0.357
2014-01-01,2014,1,-0.57,0.468,-0.49,0.705,1.173,0.525,0.418,0.501,0.361,0.38
2014-02-01,2014,2,-0.42,0.434,-0.62,0.733,1.167,0.54,0.422,0.534,0.418,0.501
2014-03-01,2014,3,0.3,0.652,-0.28,0.671,1.323,0.756,0.518,0.607,0.422,0.534
2014-04-01,2014,4,0.36,0.652,0.08,0.485,1.137,0.527,0.579,0.608,0.518,0.607
2014-05-01,2014,5,1.27,0.807,0.32,0.329,1.136,0.551,0.704,0.611,0.579,0.608
2014-06-01,2014,6,-0.28,0.421,0.23,0.401,0.822,0.482,0.627,0.52,0.704,0.611
2014-07-01,2014,7,0.25,0.697,-0.06,0.593,1.29,0.761,0.642,0.598,0.627,0.52
2014-08-01,2014,8,0.34,0.604,-0.03,0.59,1.194,0.726,0.574,0.656,0.642,0.598
2014-09-01,2014,9,0.76,0.783,0.29,0.504,1.287,0.673,0.695,0.72,0.574,0.656
2014-10-01,2014,10,1.43,0.928,0.44,0.474,1.402,0.783,0.772,0.727,0.695,0.72
2014-11-01,2014,11,1.35,0.971,0.75,0.452,1.423,0.762,0.894,0.739,0.772,0.727
2014-12-01,2014,12,1.86,1,0.71,0.443,1.443,0.938,0.966,0.828,0.894,0.739
2015-01-01,2015,1,1.51,1,0.51,0.475,1.475,0.818,0.99,0.839,0.966,0.828
2015-02-01,2015,2,1.52,1,0.42,0.468,1.468,0.829,1,0.862,0.99,0.839
2015-03-01,2015,3,1.33,0.936,0.47,0.406,1.342,0.774,0.979,0.807,1,0.862
2015-04-01,2015,4,0.9,0.788,0.7,0.216,1.004,0.399,0.908,0.667,0.979,0.807
2015-05-01,2015,5,0.32,0.593,0.92,0.055,0.648,0.124,0.772,0.432,0.908,0.667
2015-06-01,2015,6,0.82,0.646,1.18,0,0.646,0.32,0.676,0.281,0.772,0.432
2015-07-01,2015,7,1.41,0.978,1.46,0.037,1.015,0.484,0.739,0.309,0.676,0.281
2015-08-01,2015,8,0.98,0.735,1.93,0,0.735,0.284,0.786,0.363,0.739,0.309
2015-09-01,2015,9,0.97,0.827,2.21,0,0.827,0.289,0.847,0.352,0.786,0.363
2015-10-01,2015,10,0.84,0.808,2.36,0,0.808,0,0.79,0.191,0.847,0.352
2015-11-01,2015,11,0.17,0.704,2.72,0,0.704,0.097,0.78,0.129,0.79,0.191
2015-12-01,2015,12,0.29,0.656,2.66,0,0.656,0.211,0.723,0.103,0.78,0.129
2016-01-01,2016,1,0.75,0.806,2.57,0,0.806,0.168,0.722,0.159,0.723,0.103
2016-02-01,2016,2,1.29,0.933,2.26,0,0.933,0.314,0.798,0.231,0.722,0.159
2016-03-01,2016,3,1.56,1,1.62,0,1,0.464,0.913,0.315,0.798,0.231
2016-04-01,2016,4,1.74,1,0.91,0.126,1.126,0.516,0.978,0.431,0.913,0.315
2016-05-01,2016,5,1.6,0.881,0.3,0.338,1.219,0.624,0.96,0.535,0.978,0.431
2016-06-01,2016,6,0.87,0.656,-0.03,0.511,1.167,0.798,0.846,0.646,0.96,0.535
2016-07-01,2016,7,0.57,0.774,-0.48,0.747,1.521,0.993,0.77,0.805,0.846,0.646
2016-08-01,2016,8,-0.63,0.405,-0.58,0.756,1.161,0.694,0.612,0.828,0.77,0.805
2016-09-01,2016,9,-0.8,0.457,-0.58,0.732,1.189,0.591,0.545,0.759,0.612,0.828
2016-10-01,2016,10,-0.43,0.548,-0.74,0.765,1.313,0.666,0.47,0.65,0.545,0.759
2016-11-01,2016,11,0.96,0.883,-0.76,0.798,1.681,1,0.629,0.752,0.47,0.65
2016-12-01,2016,12,0.61,0.726,-0.5,0.718,1.444,0.939,0.719,0.868,0.629,0.752
2017-01-01,2017,1,-0.06,0.598,-0.43,0.691,1.289,0.637,0.736,0.859,0.719,0.868
2017-02-01,2017,2,-0.02,0.551,-0.08,0.595,1.146,0.519,0.625,0.698,0.736,0.859
2017-03-01,2017,3,0.1,0.597,0.03,0.562,1.159,0.608,0.582,0.588,0.625,0.698
2017-04-01,2017,4,0.56,0.703,0.22,0.424,1.127,0.517,0.617,0.548,0.582,0.588
2017-05-01,2017,5,0.45,0.622,0.37,0.306,0.928,0.369,0.641,0.498,0.617,0.548
2017-06-01,2017,6,0.33,0.546,0.34,0.354,0.9,0.553,0.624,0.48,0.641,0.498
2017-07-01,2017,7,-0.45,0.527,0.25,0.48,1.007,0.476,0.565,0.466,0.624,0.48
2017-08-01,2017,8,-0.63,0.405,-0.16,0.63,1.035,0.573,0.493,0.534,0.565,0.466
2017-09-01,2017,9,-0.2,0.582,-0.43,0.693,1.275,0.663,0.505,0.571,0.493,0.534
2017-10-01,2017,10,-0.68,0.497,-0.56,0.721,1.218,0.54,0.495,0.592,0.505,0.571
2017-11-01,2017,11,-0.6,0.53,-0.97,0.846,1.376,0.718,0.536,0.64,0.495,0.592
2017-12-01,2017,12,-0.03,0.586,-0.98,0.827,1.413,0.911,0.538,0.723,0.536,0.64
2018-01-01,2018,1,0.38,0.711,-0.98,0.818,1.529,0.87,0.609,0.833,0.538,0.723
2018-02-01,2018,2,-0.09,0.531,-0.78,0.774,1.305,0.673,0.609,0.818,0.609,0.833
2018-03-01,2018,3,-0.72,0.37,-0.8,0.855,1.225,0.668,0.537,0.737,0.609,0.818
2018-04-01,2018,4,-0.82,0.355,-0.51,0.74,1.095,0.487,0.419,0.609,0.537,0.737
2018-05-01,2018,5,-0.45,0.42,-0.2,0.566,0.986,0.42,0.382,0.525,0.419,0.609
2018-06-01,2018,6,-0.66,0.344,0.04,0.481,0.825,0.484,0.373,0.464,0.382,0.525
2018-07-01,2018,7,-0.01,0.633,0.12,0.527,1.16,0.63,0.466,0.511,0.373,0.464
2018-08-01,2018,8,-0.24,0.485,0.09,0.554,1.039,0.577,0.487,0.564,0.466,0.511
2018-09-01,2018,9,-0.35,0.551,0.47,0.457,1.008,0.44,0.556,0.549,0.487,0.564
2018-10-01,2018,10,-0.58,0.517,0.9,0.36,0.877,0.091,0.518,0.369,0.556,0.549
2018-11-01,2018,11,-0.7,0.508,0.9,0.417,0.925,0.301,0.525,0.277,0.518,0.369
2018-12-01,2018,12,-0.21,0.547,0.89,0.402,0.949,0.482,0.524,0.291,0.525,0.277
2019-01-01,2019,1,-0.34,0.527,0.65,0.442,0.969,0.327,0.527,0.37,0.524,0.291
2019-02-01,2019,2,-0.72,0.347,0.71,0.394,0.741,0.13,0.474,0.313,0.527,0.37
2019-03-01,2019,3,-0.4,0.459,0.81,0.286,0.745,0.232,0.444,0.23,0.474,0.313
2019-04-01,2019,4,0.09,0.584,0.62,0.251,0.835,0.237,0.463,0.2,0.444,0.23
2019-05-01,2019,5,0.26,0.58,0.55,0.224,0.804,0.26,0.541,0.243,0.463,0.2
2019-06-01,2019,6,-0.07,0.464,0.45,0.308,0.772,0.436,0.543,0.311,0.541,0.243
2019-07-01,2019,7,0.52,0.762,0.35,0.443,1.205,0.675,0.602,0.457,0.543,0.311
2019-08-01,2019,8,0,0.534,0.04,0.569,1.103,0.638,0.587,0.583,0.602,0.457
2019-09-01,2019,9,0.12,0.649,0.03,0.572,1.221,0.618,0.648,0.644,0.587,0.583
2019-10-01,2019,10,-0.9,0.452,0.48,0.464,0.916,0.143,0.545,0.466,0.648,0.644
2019-11-01,2019,11,-0.51,0.551,0.52,0.505,1.056,0.422,0.551,0.394,0.545,0.466
2019-12-01,2019,12,0,0.593,0.52,0.486,1.079,0.602,0.532,0.389,0.551,0.394
2020-01-01,2020,1,-1.41,0.253,0.6,0.454,0.707,0.072,0.466,0.365,0.532,0.389
2020-02-01,2020,2,-1.48,0.125,0.37,0.481,0.606,0,0.324,0.225,0.466,0.365
2020-03-01,2020,3,-1.75,0.086,0.48,0.403,0.489,0,0.155,0.024,0.324,0.225
2020-04-01,2020,4,-1.32,0.229,0.36,0.364,0.593,0.004,0.147,0.001,0.155,0.024
2020-05-01,2020,5,-0.53,0.402,-0.27,0.598,1,0.432,0.239,0.145,0.147,0.001
2020-06-01,2020,6,-0.75,0.325,-0.34,0.641,0.966,0.614,0.319,0.35,0.239,0.145
2020-07-01,2020,7,-0.92,0.413,-0.3,0.681,1.094,0.564,0.38,0.537,0.319,0.35
2020-08-01,2020,8,-1.33,0.261,-0.59,0.759,1.02,0.559,0.333,0.579,0.38,0.537
2020-09-01,2020,9,-1.04,0.407,-0.83,0.798,1.205,0.604,0.36,0.576,0.333,0.579
2020-10-01,2020,10,-0.62,0.509,-1.26,0.894,1.403,0.784,0.392,0.649,0.36,0.576
2020-11-01,2020,11,-1.58,0.309,-1.42,0.95,1.259,0.61,0.408,0.666,0.392,0.649
2020-12-01,2020,12,-0.99,0.376,-1.15,0.866,1.242,0.753,0.398,0.716,0.408,0.666
2021-01-01,2021,1,-0.61,0.458,-1,0.823,1.281,0.63,0.381,0.664,0.398,0.716
2021-02-01,2021,2,-1.09,0.239,-1,0.83,1.069,0.445,0.358,0.609,0.381,0.664
2021-03-01,2021,3,-1.67,0.108,-0.8,0.855,0.963,0.43,0.268,0.502,0.358,0.609
2021-04-01,2021,4,-1.84,0.098,-0.72,0.831,0.929,0.327,0.148,0.401,0.268,0.502
2021-05-01,2021,5,-2.04,0.063,-0.46,0.685,0.748,0.211,0.09,0.323,0.148,0.401
2021-06-01,2021,6,-1.82,0.106,-0.28,0.616,0.722,0.39,0.089,0.309,0.09,0.323
2021-07-01,2021,7,-2,0.15,-0.39,0.714,0.864,0.333,0.106,0.311,0.089,0.309
2021-08-01,2021,8,-0.95,0.339,-0.53,0.741,1.08,0.616,0.198,0.446,0.106,0.311
2021-09-01,2021,9,-1.96,0.215,-0.55,0.724,0.939,0.383,0.235,0.444,0.198,0.446
2021-10-01,2021,10,-3.13,0,-0.94,0.815,0.815,0.01,0.185,0.336,0.235,0.444
2021-11-01,2021,11,-2.75,0.045,-0.94,0.839,0.884,0.263,0.087,0.219,0.185,0.336
2021-12-01,2021,12,-2.71,0,-1.06,0.845,0.845,0.386,0.015,0.22,0.087,0.219
2022-01-01,2022,1,-2.4,0,-0.94,0.809,0.809,0.171,0.015,0.273,0.015,0.22
2022-02-01,2022,2,-1.91,0,-0.89,0.802,0.802,0.188,0,0.248,0.015,0.273
2022-03-01,2022,3,-1.67,0.108,-0.97,0.915,1.023,0.484,0.036,0.281,0,0.248
2022-04-01,2022,4,-2.09,0.035,-1.11,1,1.035,0.429,0.048,0.367,0.036,0.281
2022-05-01,2022,5,-2.24,0.018,-1.11,0.982,1,0.432,0.054,0.448,0.048,0.367
2022-06-01,2022,6,-1.32,0.209,-0.75,0.814,1.023,0.666,0.087,0.509,0.054,0.448
2022-07-01,2022,7,-2.64,0,-0.69,0.824,0.824,0.292,0.076,0.463,0.087,0.509
2022-08-01,2022,8,-2.38,0.045,-0.97,0.873,0.918,0.46,0.085,0.473,0.076,0.463
2022-09-01,2022,9,-2.29,0.146,-1.07,0.861,1.007,0.439,0.064,0.397,0.085,0.473
2022-10-01,2022,10,-1.81,0.266,-0.99,0.827,1.093,0.376,0.152,0.425,0.064,0.397
2022-11-01,2022,11,-2.41,0.122,-0.9,0.83,0.952,0.326,0.178,0.38,0.152,0.425
2022-12-01,2022,12,-2.21,0.109,-0.85,0.798,0.907,0.443,0.166,0.382,0.178,0.38
2023-01-01,2023,1,-1.24,0.297,-0.72,0.758,1.055,0.41,0.176,0.393,0.166,0.382
2023-02-01,2023,2,-1.65,0.076,-0.46,0.692,0.768,0.156,0.161,0.336,0.176,0.393
2023-03-01,2023,3,-2.45,0,-0.11,0.611,0.611,0.111,0.124,0.226,0.161,0.336
2023-04-01,2023,4,-3.07,0,0.14,0.459,0.459,0,0.025,0.089,0.124,0.226
2023-05-01,2023,5,-2.42,0,0.46,0.265,0.265,0,0,0.037,0.025,0.089
2023-06-01,2023,6,-2.53,0,0.84,0.143,0.143,0,0,0,0,0.037
2023-07-01,2023,7,-2.52,0.024,1.02,0.198,0.222,0,0.008,0,0,0
2023-08-01,2023,8,-2.47,0.027,1.35,0.175,0.202,0,0.017,0,0.008,0
2023-09-01,2023,9,-2.99,0,1.6,0.16,0.16,0,0.017,0,0.017,0
2023-10-01,2023,10,-2.23,0.18,1.72,0.158,0.338,0,0.069,0,0.017,0
2023-11-01,2023,11,-1.79,0.262,2.02,0.161,0.423,0,0.147,0,0.069,0
2023-12-01,2023,12,-1.66,0.23,2.03,0.143,0.373,0,0.224,0,0.147,0
2024-01-01,2024,1,-1.57,0.212,1.81,0.175,0.387,0,0.235,0,0.224,0
2024-02-01,2024,2,-1.33,0.169,1.52,0.188,0.357,0,0.204,0,0.235,0
2024-03-01,2024,3,-1.52,0.149,1.13,0.173,0.322,0,0.177,0,0.204,0
2024-04-01,2024,4,-2.11,0.03,0.77,0.186,0.216,0,0.116,0,0.177,0
2024-05-01,2024,5,-2.98,0,0.23,0.37,0.37,0,0.06,0,0.116,0
2024-06-01,2024,6,-3.15,0,0.17,0.426,0.426,0.118,0.01,0.039,0.06,0
2024-07-01,2024,7,-3,0,0.04,0.557,0.557,0.024,0,0.047,0.01,0.039
2024-08-01,2024,8,-2.91,0,-0.12,0.617,0.617,0.171,0,0.104,0,0.047
2024-09-01,2024,9,-3.56,0,-0.26,0.648,0.648,0.14,0,0.112,0,0.104
2024-10-01,2024,10,-3.8,0,-0.27,0.649,0.649,0,0,0.104,0,0.112
2024-11-01,2024,11,-3.13,0,-0.25,0.681,0.681,0.075,0,0.072,0,0.104
2024-12-01,2024,12,-2.03,0.149,-0.6,0.741,0.89,0.427,0.05,0.167,0,0.072
2025-01-01,2025,1,-1.28,0.286,-0.75,0.765,1.051,0.406,0.145,0.303,0.05,0.167
2025-02-01,2025,2,-1.45,0.134,-0.59,0.725,0.859,0.243,0.19,0.359,0.145,0.303
2025-03-01,NA,NA,NA,NA,NA,NA,NA,NA,NA,NA,0.19,0.359
