ukl_ft_usbrkb,af_cal,ac_cal,af_tul,ac_tul,af_goo,ac_goo,af_alb,ac_alb
4136.00,0,"2,003",0,"2,023",0,13,0,2313.016767
4136.01,21,"2,005",21,"2,029",0,13,25.60952899,2363.433659
4136.02,40,"2,007",41,"2,037",0,13,51.21905798,2413.850551
4136.03,61,"2,008",62,"2,054",0,13,76.82858697,2464.267443
4136.04,80,"2,010",82,"2,060",1,13,102.438116,2514.684335
4136.05,101,"2,012",103,"2,065",1,13,128.0476449,2565.101228
4136.06,120,"2,014",123,"2,068",1,14,153.6571739,2615.51812
4136.07,141,"2,016",144,"2,071",1,14,179.2667029,2665.935012
4136.08,161,"2,017",165,"2,074",1,14,204.8762319,2716.351904
4136.09,181,"2,019",186,"2,077",1,14,230.4857609,2766.768796
4136.10,201,"2,021",206,"2,079",1,14,256.0952899,2817.185688
4136.11,222,"2,023",227,"2,081",1,14,286.8173747,2868.918778
4136.12,241,"2,025",248,"2,083",2,14,317.5394595,2920.651868
4136.13,262,"2,026",269,"2,084",2,15,348.2615443,2972.384958
4136.14,282,"2,028",289,"2,086",2,15,378.9836291,3024.118048
4136.15,303,"2,030",311,"2,088",2,15,409.7057139,3075.851138
4136.16,323,"2,032",331,"2,089",2,15,440.4277987,3127.584228
4136.17,343,"2,034",353,"2,091",2,15,471.1498835,3179.317318
4136.18,363,"2,036",373,"2,092",3,15,501.8719683,3231.050407
4136.19,384,"2,038",395,"2,094",3,15,532.5940531,3282.783497
4136.20,404,"2,039",415,"2,095",3,16,563.316138,3334.516587
4136.21,425,"2,041",437,"2,096",3,16,599.1897785,3385.697895
4136.22,445,"2,043",457,"2,098",3,16,635.063419,3436.879202
4136.23,466,"2,045",479,"2,099",3,16,670.9370595,3488.06051
4136.24,486,"2,047",499,"2,100",3,16,706.8107,3539.241817
4136.25,505,"2,049",520,"2,101",4,16,742.6843405,3590.423125
4136.26,526,"2,052",541,"2,103",4,16,778.557981,3641.604433
4136.27,546,"2,054",562,"2,104",4,16,814.4316215,3692.78574
4136.28,567,"2,056",583,"2,105",4,17,850.305262,3743.967048
4136.29,588,"2,058",604,"2,106",4,17,886.1789025,3795.148355
4136.30,609,"2,060",625,"2,108",4,17,922.052543,3846.329663
4136.31,629,"2,062",646,"2,109",5,17,962.9652923,3895.823624
4136.32,650,"2,065",668,"2,110",5,17,1003.878042,3945.317586
4136.33,670,"2,067",688,"2,111",5,17,1044.790791,3994.811548
4136.34,691,"2,069",710,"2,112",5,17,1085.70354,4044.305509
4136.35,711,"2,071",730,"2,114",5,18,1126.616289,4093.799471
4136.36,732,"2,074",752,"2,115",5,18,1167.529039,4143.293433
4136.37,753,"2,076",773,"2,116",6,18,1208.441788,4192.787394
4136.38,774,"2,078",795,"2,117",6,18,1249.354537,4242.281356
4136.39,794,"2,081",815,"2,118",6,18,1290.267287,4291.775318
4136.40,816,"2,083",837,"2,119",6,18,1331.180036,4341.269279
4136.41,836,"2,085",858,"2,121",6,18,1376.931262,4388.460391
4136.42,857,"2,088",879,"2,122",7,19,1422.682488,4435.651502
4136.43,878,"2,090",900,"2,123",7,19,1468.433715,4482.842614
4136.44,899,"2,093",922,"2,124",7,19,1514.184941,4530.033725
4136.45,919,"2,095",943,"2,125",7,19,1559.936167,4577.224837
4136.46,941,"2,097",964,"2,126",7,19,1605.687394,4624.415948
4136.47,961,"2,100",985,"2,128",8,19,1651.43862,4671.607059
4136.48,983,"2,102","1,007","2,129",8,19,1697.189846,4718.798171
4136.49,"1,003","2,104","1,028","2,130",8,20,1742.941073,4765.989282
4136.50,"1,024","2,107","1,049","2,131",8,20,1788.692299,4813.180394
4136.51,"1,045","2,109","1,070","2,132",8,20,1839.013062,4857.315457
4136.52,"1,066","2,111","1,091","2,133",8,20,1889.333824,4901.450521
4136.53,"1,088","2,113","1,113","2,134",9,20,1939.654587,4945.585585
4136.54,"1,108","2,116","1,134","2,135",9,20,1989.975349,4989.720648
4136.55,"1,130","2,118","1,156","2,136",9,20,2040.296112,5033.855712
4136.56,"1,151","2,120","1,177","2,138",9,21,2090.616875,5077.990776
4136.57,"1,172","2,122","1,199","2,139",10,21,2140.937637,5122.12584
4136.58,"1,193","2,124","1,220","2,140",10,21,2191.2584,5166.260903
4136.59,"1,215","2,127","1,242","2,141",10,21,2241.579162,5210.395967
4136.60,"1,235","2,129","1,262","2,142",10,21,2291.899925,5254.531031
4136.61,"1,257","2,131","1,284","2,143",10,21,2346.4468,5294.873028
4136.62,"1,278","2,133","1,305","2,144",11,22,2400.993675,5335.215026
4136.63,"1,300","2,135","1,327","2,145",11,22,2455.54055,5375.557024
4136.64,"1,321","2,137","1,348","2,146",11,22,2510.087425,5415.899022
4136.65,"1,343","2,139","1,370","2,147",11,22,2564.634299,5456.241019
4136.66,"1,363","2,141","1,391","2,148",11,22,2619.181174,5496.583017
4136.67,"1,385","2,143","1,413","2,150",12,22,2673.728049,5536.925015
4136.68,"1,406","2,145","1,434","2,151",12,22,2728.274924,5577.267012
4136.69,"1,428","2,147","1,456","2,152",12,23,2782.821799,5617.60901
4136.70,"1,449","2,148","1,477","2,153",12,23,2837.368674,5657.951008
4136.71,"1,471","2,150","1,500","2,154",13,23,2895.717262,5693.605118
4136.72,"1,492","2,152","1,521","2,155",13,23,2954.065851,5729.259229
4136.73,"1,514","2,154","1,543","2,156",13,23,3012.414439,5764.91334
4136.74,"1,535","2,156","1,564","2,157",13,23,3070.763028,5800.56745
4136.75,"1,556","2,157","1,585","2,158",13,23,3129.111616,5836.221561
4136.76,"1,578","2,159","1,607","2,159",14,24,3187.460205,5871.875672
4136.77,"1,599","2,161","1,628","2,160",14,24,3245.808793,5907.529782
4136.78,"1,621","2,162","1,650","2,162",14,24,3304.157382,5943.183893
4136.79,"1,643","2,164","1,671","2,163",14,24,3362.50597,5978.838003
4136.80,"1,665","2,165","1,693","2,164",15,24,3420.854559,6014.492114
4136.81,"1,686","2,167","1,715","2,165",15,24,3482.497108,6044.672545
4136.82,"1,708","2,169","1,737","2,166",15,25,3544.139658,6074.852976
4136.83,"1,729","2,170","1,758","2,167",15,25,3605.782207,6105.033407
4136.84,"1,751","2,172","1,780","2,168",16,25,3667.424756,6135.213838
4136.85,"1,773","2,173","1,801","2,169",16,25,3729.067306,6165.394269
4136.86,"1,795","2,174","1,824","2,170",16,25,3790.709855,6195.5747
4136.87,"1,816","2,176","1,845","2,171",16,25,3852.352405,6225.755131
4136.88,"1,838","2,177","1,867","2,173",17,25,3913.994954,6255.935562
4136.89,"1,860","2,179","1,888","2,174",17,26,3975.637503,6286.115993
4136.90,"1,882","2,180","1,911","2,175",17,26,4037.280053,6316.296424
4136.91,"1,903","2,182","1,932","2,176",17,26,4101.646924,6340.547173
4136.92,"1,925","2,183","1,954","2,177",18,26,4166.013794,6364.797923
4136.93,"1,947","2,184","1,975","2,178",18,26,4230.380665,6389.048673
4136.94,"1,969","2,186","1,998","2,179",18,26,4294.747536,6413.299422
4136.95,"1,990","2,187","2,019","2,180",19,27,4359.114407,6437.550172
4136.96,"2,013","2,188","2,041","2,181",19,27,4423.481278,6461.800922
4136.97,"2,034","2,190","2,063","2,182",19,27,4487.848148,6486.051671
4136.98,"2,057","2,191","2,085","2,184",19,27,4552.215019,6510.302421
4136.99,"2,078","2,192","2,106","2,185",20,27,4616.58189,6534.553171
4137.00,"2,099","2,194","2,128","2,186",20,27,4680.948761,6558.80392
4137.01,"2,122","2,195","2,150","2,187",20,27,4747.472081,6577.631423
4137.02,"2,143","2,196","2,172","2,188",20,28,4813.9954,6596.458926
4137.03,"2,166","2,197","2,194","2,189",21,28,4880.51872,6615.286429
4137.04,"2,187","2,199","2,215","2,190",21,28,4947.04204,6634.113932
4137.05,"2,210","2,200","2,238","2,191",21,28,5013.56536,6652.941435
4137.06,"2,231","2,201","2,259","2,192",22,28,5080.08868,6671.768938
4137.07,"2,254","2,202","2,282","2,194",22,28,5146.612,6690.596441
4137.08,"2,275","2,203","2,303","2,195",22,29,5213.135319,6709.423944
4137.09,"2,298","2,205","2,326","2,196",22,29,5279.658639,6728.251447
4137.10,"2,319","2,206","2,347","2,197",23,29,5346.181959,6747.07895
4137.11,"2,342","2,207","2,370","2,198",23,29,5414.40144,6762.145791
4137.12,"2,363","2,208","2,391","2,199",23,29,5482.620921,6777.212631
4137.13,"2,386","2,209","2,414","2,200",24,29,5550.840403,6792.279472
4137.14,"2,407","2,210","2,435","2,201",24,29,5619.059884,6807.346312
4137.15,"2,430","2,211","2,458","2,203",24,30,5687.279365,6822.413153
4137.16,"2,452","2,213","2,479","2,204",24,30,5755.498846,6837.479993
4137.17,"2,474","2,214","2,502","2,205",25,30,5823.718327,6852.546834
4137.18,"2,496","2,215","2,523","2,206",25,30,5891.937808,6867.613674
4137.19,"2,518","2,216","2,546","2,207",25,30,5960.15729,6882.680515
4137.20,"2,540","2,217","2,568","2,208",26,30,6028.376771,6897.747356
4137.21,"2,563","2,218","2,590","2,209",26,31,6098.011032,6910.973841
4137.22,"2,584","2,219","2,612","2,210",26,31,6167.645294,6924.200326
4137.23,"2,607","2,220","2,635","2,212",27,31,6237.279556,6937.426811
4137.24,"2,629","2,221","2,656","2,213",27,31,6306.913817,6950.653296
4137.25,"2,650","2,222","2,678","2,214",27,31,6376.548079,6963.879782
4137.26,"2,673","2,223","2,700","2,215",27,31,6446.18234,6977.106267
4137.27,"2,695","2,224","2,722","2,216",28,32,6515.816602,6990.332752
4137.28,"2,718","2,225","2,745","2,217",28,32,6585.450863,7003.559237
4137.29,"2,739","2,226","2,766","2,218",28,32,6655.085125,7016.785722
4137.30,"2,762","2,227","2,789","2,219",29,32,6724.719387,7030.012208
4137.31,"2,784","2,228","2,811","2,221",29,32,6795.712664,7043.984797
4137.32,"2,807","2,229","2,834","2,222",29,32,6866.705942,7057.957386
4137.33,"2,828","2,230","2,855","2,223",30,32,6937.69922,7071.929976
4137.34,"2,851","2,231","2,878","2,224",30,33,7008.692498,7085.902565
4137.35,"2,873","2,232","2,900","2,225",30,33,7079.685775,7099.875154
4137.36,"2,896","2,233","2,923","2,226",31,33,7150.679053,7113.847744
4137.37,"2,918","2,234","2,944","2,227",31,33,7221.672331,7127.820333
4137.38,"2,940","2,235","2,967","2,229",31,33,7292.665608,7141.792922
4137.39,"2,962","2,236","2,989","2,230",32,33,7363.658886,7155.765512
4137.40,"2,985","2,237","3,012","2,231",32,34,7434.652164,7169.738101
4137.41,"3,007","2,238","3,034","2,232",32,34,7507.009016,7183.06113
4137.42,"3,030","2,239","3,057","2,233",33,34,7579.365869,7196.38416
4137.43,"3,052","2,240","3,078","2,234",33,34,7651.722721,7209.707189
4137.44,"3,075","2,241","3,101","2,235",33,34,7724.079573,7223.030218
4137.45,"3,097","2,242","3,123","2,237",34,34,7796.436426,7236.353248
4137.46,"3,119","2,243","3,146","2,238",34,35,7868.793278,7249.676277
4137.47,"3,141","2,244","3,168","2,239",34,35,7941.15013,7262.999306
4137.48,"3,164","2,245","3,191","2,240",35,35,8013.506983,7276.322336
4137.49,"3,186","2,245","3,213","2,241",35,35,8085.863835,7289.645365
4137.50,"3,208","2,246","3,235","2,243",35,35,8158.220688,7302.968394
4137.51,"3,231","2,247","3,258","2,244",36,35,8232.081833,7319.861752
4137.52,"3,253","2,248","3,280","2,245",36,36,8305.942978,7336.755109
4137.53,"3,276","2,249","3,303","2,246",37,36,8379.804123,7353.648466
4137.54,"3,298","2,250","3,325","2,247",37,36,8453.665267,7370.541824
4137.55,"3,321","2,251","3,348","2,249",37,36,8527.526412,7387.435181
4137.56,"3,343","2,251","3,370","2,250",38,36,8601.387557,7404.328539
4137.57,"3,366","2,252","3,393","2,251",38,36,8675.248702,7421.221896
4137.58,"3,388","2,253","3,415","2,252",38,37,8749.109847,7438.115253
4137.59,"3,411","2,254","3,438","2,254",39,37,8822.970992,7455.008611
4137.60,"3,433","2,255","3,460","2,255",39,37,8896.832137,7471.901968
4137.61,"3,456","2,255","3,483","2,256",39,37,8972.344119,7487.972195
4137.62,"3,478","2,256","3,505","2,258",40,37,9047.8561,7504.042421
4137.63,"3,501","2,257","3,528","2,259",40,38,9123.368081,7520.112648
4137.64,"3,523","2,258","3,550","2,260",41,38,9198.880063,7536.182874
4137.65,"3,546","2,258","3,573","2,262",41,38,9274.392044,7552.253101
4137.66,"3,568","2,259","3,596","2,263",41,38,9349.904026,7568.323327
4137.67,"3,591","2,260","3,619","2,264",42,38,9425.416007,7584.393554
4137.68,"3,613","2,261","3,641","2,266",42,39,9500.927988,7600.46378
4137.69,"3,637","2,262","3,664","2,267",42,39,9576.43997,7616.534007
4137.70,"3,659","2,262","3,686","2,268",43,39,9651.951951,7632.604233
4137.71,"3,682","2,263","3,709","2,270",43,39,9729.070752,7648.648688
4137.72,"3,704","2,264","3,732","2,271",44,40,9806.189554,7664.693144
4137.73,"3,727","2,265","3,755","2,273",44,40,9883.308355,7680.737599
4137.74,"3,749","2,265","3,777","2,274",44,40,9960.427156,7696.782054
4137.75,"3,771","2,266","3,799","2,275",45,41,10037.54596,7712.82651
4137.76,"3,794","2,267","3,823","2,277",45,41,10114.66476,7728.870965
4137.77,"3,817","2,267","3,845","2,278",46,41,10191.78356,7744.915421
4137.78,"3,840","2,268","3,868","2,280",46,41,10268.90236,7760.959876
4137.79,"3,862","2,269","3,891","2,281",46,42,10346.02116,7777.004331
4137.80,"3,885","2,270","3,914","2,283",47,42,10423.13996,7793.048787
4137.81,"3,907","2,270","3,936","2,284",47,43,10501.85735,7808.960366
4137.82,"3,930","2,271","3,960","2,286",48,43,10580.57473,7824.871944
4137.83,"3,953","2,272","3,982","2,287",48,43,10659.29211,7840.783523
4137.84,"3,976","2,273","4,006","2,289",49,44,10738.00949,7856.695102
4137.85,"3,998","2,273","4,028","2,291",49,44,10816.72687,7872.606681
4137.86,"4,021","2,274","4,051","2,293",50,45,10895.44425,7888.51826
4137.87,"4,043","2,275","4,074","2,294",50,45,10974.16163,7904.429839
4137.88,"4,067","2,275","4,097","2,296",50,46,11052.87902,7920.341418
4137.89,"4,089","2,276","4,120","2,298",51,47,11131.5964,7936.252996
4137.90,"4,112","2,277","4,143","2,300",51,48,11210.31378,7952.164575
4137.91,"4,134","2,278","4,166","2,302",52,48,11290.58997,7967.408859
4137.92,"4,158","2,278","4,189","2,305",52,49,11370.86616,7982.653143
4137.93,"4,180","2,279","4,212","2,307",53,50,11451.14236,7997.897427
4137.94,"4,203","2,280","4,236","2,310",53,52,11531.41855,8013.141711
4137.95,"4,226","2,280","4,258","2,313",54,54,11611.69474,8028.385995
4137.96,"4,249","2,281","4,282","2,316",54,56,11691.97093,8043.630279
4137.97,"4,271","2,282","4,305","2,319",55,58,11772.24713,8058.874563
4137.98,"4,294","2,282","4,328","2,322",56,61,11852.52332,8074.118847
4137.99,"4,317","2,283","4,351","2,325",56,64,11932.79951,8089.363131
4138.00,"4,339","2,284","4,374","2,329",57,67,12013.0757,8104.607415
4138.01,"4,362","2,284","4,398","2,334",58,73,12094.85903,8119.50344
4138.02,"4,385","2,285","4,421","2,373",58,176,12176.64236,8134.399465
4138.03,"4,408","2,286","4,445","2,398",60,215,12258.42569,8149.295491
4138.04,"4,430","2,286","4,468","2,406",63,226,12340.20902,8164.191516
4138.05,"4,454","2,287","4,493","2,411",65,234,12421.99234,8179.087541
4138.06,"4,476","2,287","4,517","2,415",67,241,12503.77567,8193.983567
4138.07,"4,499","2,288","4,542","2,419",70,246,12585.559,8208.879592
4138.08,"4,522","2,289","4,565","2,423",72,251,12667.34233,8223.775618
4138.09,"4,545","2,289","4,590","2,426",75,256,12749.12565,8238.671643
4138.10,"4,568","2,290","4,614","2,428",77,260,12830.90898,8253.567668
4138.11,"4,591","2,291","4,639","2,431",80,265,12914.21134,8269.082448
4138.12,"4,613","2,291","4,662","2,433",83,268,12997.5137,8284.597228
4138.13,"4,637","2,292","4,687","2,436",85,272,13080.81605,8300.112008
4138.14,"4,659","2,292","4,711","2,438",88,276,13164.11841,8315.626788
4138.15,"4,683","2,293","4,736","2,440",91,279,13247.42077,8331.141568
4138.16,"4,705","2,294","4,760","2,442",94,283,13330.72312,8346.656347
4138.17,"4,728","2,294","4,785","2,444",97,286,13414.02548,8362.171127
4138.18,"4,751","2,295","4,809","2,446",99,290,13497.32784,8377.685907
4138.19,"4,774","2,295","4,834","2,448",102,293,13580.6302,8393.200687
4138.20,"4,797","2,296","4,858","2,450",105,297,13663.93255,8408.715467
4138.21,"4,820","2,297","4,883","2,451",108,300,13748.86223,8425.81093
4138.22,"4,843","2,297","4,907","2,453",111,304,13833.79191,8442.906393
4138.23,"4,866","2,298","4,932","2,455",114,307,13918.72159,8460.001856
4138.24,"4,888","2,298","4,956","2,456",117,310,14003.65127,8477.097319
4138.25,"4,911","2,299","4,980","2,458",120,313,14088.58095,8494.192782
4138.26,"4,934","2,300","5,005","2,459",124,317,14173.51063,8511.288246
4138.27,"4,957","2,300","5,029","2,461",127,320,14258.44031,8528.383709
4138.28,"4,980","2,301","5,055","2,462",130,323,14343.36999,8545.479172
4138.29,"5,003","2,301","5,079","2,464",133,326,14428.29966,8562.574635
4138.30,"5,026","2,302","5,104","2,465",137,329,14513.22934,8579.670098
4138.31,"5,049","2,302","5,128","2,467",140,332,14599.95393,8598.531496
4138.32,"5,072","2,303","5,153","2,468",143,335,14686.67851,8617.392895
4138.33,"5,095","2,303","5,177","2,470",147,338,14773.4031,8636.254293
4138.34,"5,118","2,304","5,203","2,471",150,342,14860.12768,8655.115691
4138.35,"5,141","2,304","5,227","2,473",153,345,14946.85227,8673.97709
4138.36,"5,164","2,305","5,252","2,474",157,348,15033.57685,8692.838488
4138.37,"5,187","2,306","5,276","2,475",160,351,15120.30144,8711.699886
4138.38,"5,211","2,306","5,302","2,477",164,354,15207.02603,8730.561285
4138.39,"5,233","2,307","5,326","2,478",167,357,15293.75061,8749.422683
4138.40,"5,257","2,307","5,351","2,480",171,360,15380.4752,8768.284081
4138.41,"5,279","2,308","5,376","2,481",175,363,15469.13581,8788.159735
4138.42,"5,303","2,308","5,401","2,482",178,366,15557.79643,8808.03539
4138.43,"5,325","2,309","5,425","2,484",182,369,15646.45705,8827.911044
4138.44,"5,349","2,309","5,451","2,485",186,372,15735.11767,8847.786698
4138.45,"5,371","2,310","5,475","2,486",189,375,15823.77828,8867.662352
4138.46,"5,395","2,310","5,501","2,488",193,378,15912.4389,8887.538006
4138.47,"5,418","2,311","5,525","2,489",197,381,16001.09952,8907.41366
4138.48,"5,441","2,311","5,550","2,491",201,384,16089.76013,8927.289314
4138.49,"5,464","2,312","5,575","2,492",205,387,16178.42075,8947.164969
4138.50,"5,486","2,312","5,599","2,493",208,390,16267.08137,8967.040623
4138.51,"5,510","2,313","5,625","2,495",212,393,16357.72875,8986.869886
4138.52,"5,533","2,313","5,649","2,496",216,396,16448.37613,9006.699149
4138.53,"5,556","2,314","5,675","2,497",220,399,16539.02351,9026.528412
4138.54,"5,579","2,314","5,699","2,499",224,402,16629.67089,9046.357675
4138.55,"5,602","2,315","5,725","2,500",228,405,16720.31828,9066.186938
4138.56,"5,625","2,315","5,749","2,501",232,408,16810.96566,9086.016201
4138.57,"5,649","2,316","5,775","2,503",237,411,16901.61304,9105.845464
4138.58,"5,671","2,316","5,799","2,504",241,414,16992.26042,9125.674727
4138.59,"5,695","2,317","5,825","2,506",245,417,17082.9078,9145.50399
4138.60,"5,718","2,317","5,849","2,507",249,420,17173.55518,9165.333253
4138.61,"5,741","2,318","5,875","2,508",253,423,17266.14629,9184.329008
4138.62,"5,764","2,318","5,900","2,510",257,426,17358.73739,9203.324764
4138.63,"5,788","2,319","5,925","2,511",262,429,17451.3285,9222.32052
4138.64,"5,810","2,319","5,950","2,512",266,432,17543.9196,9241.316276
4138.65,"5,834","2,320","5,976","2,514",270,435,17636.51071,9260.312032
4138.66,"5,857","2,320","6,000","2,515",275,438,17729.10181,9279.307788
4138.67,"5,880","2,321","6,026","2,516",279,442,17821.69292,9298.303543
4138.68,"5,903","2,321","6,051","2,518",284,445,17914.28402,9317.299299
4138.69,"5,927","2,322","6,076","2,519",288,448,18006.87513,9336.295055
4138.70,"5,949","2,322","6,101","2,521",293,451,18099.46623,9355.290811
4138.71,"5,973","2,323","6,127","2,522",297,454,18193.91184,9373.339261
4138.72,"5,996","2,323","6,151","2,523",302,457,18288.35745,9391.387711
4138.73,"6,020","2,324","6,177","2,525",306,460,18382.80305,9409.436161
4138.74,"6,042","2,324","6,202","2,526",311,463,18477.24866,9427.484611
4138.75,"6,065","2,325","6,227","2,527",315,466,18571.69426,9445.533061
4138.76,"6,089","2,325","6,253","2,529",320,469,18666.13987,9463.581511
4138.77,"6,111","2,326","6,277","2,530",325,472,18760.58547,9481.629961
4138.78,"6,135","2,326","6,303","2,531",330,475,18855.03108,9499.678411
4138.79,"6,158","2,327","6,328","2,533",334,478,18949.47669,9517.726861
4138.80,"6,182","2,327","6,354","2,534",339,481,19043.92229,9535.775311
4138.81,"6,204","2,328","6,379","2,535",344,484,19140.13885,9553.112593
4138.82,"6,228","2,328","6,405","2,537",349,487,19236.35541,9570.449875
4138.83,"6,251","2,329","6,430","2,538",354,490,19332.57197,9587.787158
4138.84,"6,275","2,329","6,456","2,539",359,493,19428.78853,9605.12444
4138.85,"6,298","2,330","6,480","2,541",364,496,19525.00509,9622.461722
4138.86,"6,321","2,330","6,506","2,542",369,500,19621.22164,9639.799004
4138.87,"6,344","2,331","6,531","2,544",374,503,19717.4382,9657.136287
4138.88,"6,368","2,331","6,557","2,545",379,506,19813.65476,9674.473569
4138.89,"6,391","2,332","6,582","2,546",384,509,19909.87132,9691.810851
4138.90,"6,415","2,332","6,608","2,548",389,512,20006.08788,9709.148133
4138.91,"6,437","2,333","6,633","2,549",394,515,20104.01059,9725.911369
4138.92,"6,461","2,333","6,659","2,550",399,519,20201.93329,9742.674606
4138.93,"6,484","2,334","6,684","2,552",404,522,20299.856,9759.437842
4138.94,"6,508","2,334","6,710","2,553",410,525,20397.77871,9776.201078
4138.95,"6,531","2,335","6,735","2,555",415,528,20495.70141,9792.964314
4138.96,"6,554","2,335","6,762","2,556",420,532,20593.62412,9809.72755
4138.97,"6,577","2,336","6,787","2,557",425,535,20691.54683,9826.490787
4138.98,"6,601","2,336","6,813","2,559",431,538,20789.46953,9843.254023
4138.99,"6,624","2,337","6,838","2,560",436,541,20887.39224,9860.017259
4139.00,"6,647","2,337","6,863","2,561",442,545,20985.31495,9876.780495
4139.01,"6,671","2,337","6,889","2,563",447,548,21084.87872,9892.820315
4139.02,"6,693","2,338","6,914","2,564",453,551,21184.44249,9908.860136
4139.03,"6,717","2,338","6,940","2,566",458,555,21284.00626,9924.899956
4139.04,"6,740","2,339","6,965","2,567",464,558,21383.57004,9940.939776
4139.05,"6,764","2,339","6,992","2,569",469,562,21483.13381,9956.979597
4139.06,"6,787","2,340","7,017","2,570",475,565,21582.69758,9973.019417
4139.07,"6,811","2,340","7,043","2,571",481,568,21682.26135,9989.059237
4139.08,"6,834","2,341","7,068","2,573",486,572,21781.82512,10005.09906
4139.09,"6,858","2,341","7,095","2,574",492,575,21881.38889,10021.13888
4139.10,"6,880","2,342","7,120","2,576",498,579,21980.95267,10037.1787
4139.11,"6,904","2,342","7,146","2,577",504,582,22082.06854,10052.16258
4139.12,"6,927","2,342","7,171","2,579",509,585,22183.18441,10067.14647
4139.13,"6,951","2,343","7,198","2,580",515,589,22284.30028,10082.13035
4139.14,"6,974","2,343","7,223","2,582",521,592,22385.41615,10097.11423
4139.15,"6,998","2,344","7,250","2,583",527,596,22486.53202,10112.09812
4139.16,"7,021","2,344","7,275","2,585",533,600,22587.6479,10127.082
4139.17,"7,045","2,345","7,301","2,586",539,603,22688.76377,10142.06589
4139.18,"7,068","2,345","7,327","2,588",545,607,22789.87964,10157.04977
4139.19,"7,092","2,346","7,353","2,589",551,610,22890.99551,10172.03365
4139.20,"7,115","2,346","7,378","2,591",557,614,22992.11138,10187.01754
4139.21,"7,139","2,346","7,405","2,592",564,618,23094.66222,10200.71781
4139.22,"7,162","2,347","7,430","2,594",570,621,23197.21306,10214.41809
4139.23,"7,186","2,347","7,457","2,595",576,625,23299.76389,10228.11836
4139.24,"7,208","2,348","7,482","2,597",582,629,23402.31473,10241.81864
4139.25,"7,231","2,348","7,508","2,598",588,632,23504.86556,10255.51891
4139.26,"7,255","2,348","7,534","2,600",595,636,23607.4164,10269.21919
4139.27,"7,278","2,349","7,560","2,602",601,640,23709.96724,10282.91946
4139.28,"7,302","2,349","7,586","2,603",608,644,23812.51807,10296.61974
4139.29,"7,325","2,350","7,612","2,605",614,648,23915.06891,10310.32001
4139.30,"7,349","2,350","7,639","2,607",621,652,24017.61975,10324.02029
4139.31,"7,372","2,351","7,664","2,608",627,656,24121.47059,10336.31519
4139.32,"7,396","2,351","7,691","2,610",634,660,24225.32143,10348.6101
4139.33,"7,419","2,351","7,716","2,612",640,665,24329.17227,10360.90501
4139.34,"7,443","2,352","7,743","2,614",647,669,24433.02312,10373.19991
4139.35,"7,466","2,352","7,769","2,616",654,674,24536.87396,10385.49482
4139.36,"7,490","2,353","7,795","2,618",661,678,24640.7248,10397.78972
4139.37,"7,513","2,353","7,821","2,620",667,683,24744.57565,10410.08463
4139.38,"7,537","2,354","7,848","2,626",674,710,24848.42649,10422.37953
4139.39,"7,560","2,354","7,874","2,634",682,747,24952.27733,10434.67444
4139.40,"7,584","2,354","7,901","2,642",689,780,25056.12818,10446.96935
4139.41,"7,607","2,355","7,926","2,649",697,805,25161.16142,10458.33373
4139.42,"7,631","2,355","7,954","2,656",705,827,25266.19466,10469.69811
4139.43,"7,654","2,356","7,980","2,662",714,844,25371.2279,10481.06249
4139.44,"7,678","2,356","8,007","2,668",722,861,25476.26114,10492.42687
4139.45,"7,701","2,356","8,033","2,673",731,875,25581.29438,10503.79125
4139.46,"7,726","2,357","8,060","2,678",740,890,25686.32763,10515.15563
4139.47,"7,749","2,357","8,087","2,683",749,902,25791.36087,10526.52001
4139.48,"7,773","2,358","8,114","2,688",758,915,25896.39411,10537.88439
4139.49,"7,796","2,358","8,140","2,692",767,927,26001.42735,10549.24877
4139.50,"7,819","2,358","8,167","2,696",776,938,26106.46059,10560.61315
4139.51,"7,843","2,359","8,194","2,700",786,950,26212.69389,10573.28599
4139.52,"7,866","2,359","8,221","2,704",795,961,26318.92718,10585.95882
4139.53,"7,890","2,359","8,249","2,708",805,972,26425.16048,10598.63165
4139.54,"7,913","2,360","8,275","2,711",814,983,26531.39378,10611.30449
4139.55,"7,937","2,360","8,303","2,715",825,994,26637.62707,10623.97732
4139.56,"7,960","2,361","8,329","2,718",834,"1,004",26743.86037,10636.65016
4139.57,"7,984","2,361","8,357","2,722",845,"1,015",26850.09367,10649.32299
4139.58,"8,007","2,361","8,384","2,725",855,"1,025",26956.32696,10661.99583
4139.59,"8,031","2,362","8,412","2,729",865,"1,035",27062.56026,10674.66866
4139.60,"8,054","2,362","8,438","2,732",875,"1,045",27168.79356,10687.3415
4139.61,"8,079","2,362","8,466","2,735",886,"1,055",27276.26403,10699.41047
4139.62,"8,102","2,363","8,493","2,738",896,"1,064",27383.7345,10711.47945
4139.63,"8,126","2,363","8,521","2,741",907,"1,073",27491.20497,10723.54842
4139.64,"8,149","2,363","8,548","2,744",918,"1,082",27598.67544,10735.6174
4139.65,"8,173","2,364","8,576","2,747",929,"1,091",27706.14592,10747.68637
4139.66,"8,196","2,364","8,603","2,749",940,"1,100",27813.61639,10759.75535
4139.67,"8,220","2,365","8,631","2,752",951,"1,109",27921.08686,10771.82432
4139.68,"8,243","2,365","8,658","2,755",962,"1,117",28028.55733,10783.89329
4139.69,"8,268","2,365","8,686","2,758",974,"1,126",28136.02781,10795.96227
4139.70,"8,291","2,366","8,713","2,760",985,"1,135",28243.49828,10808.03124
4139.71,"8,315","2,366","8,742","2,763",996,"1,144",28352.1467,10819.50893
4139.72,"8,338","2,366","8,769","2,766","1,007","1,152",28460.79513,10830.98662
4139.73,"8,362","2,367","8,797","2,768","1,019","1,160",28569.44355,10842.46431
4139.74,"8,385","2,367","8,824","2,771","1,031","1,169",28678.09198,10853.942
4139.75,"8,408","2,367","8,851","2,773","1,042","1,177",28786.7404,10865.41969
4139.76,"8,433","2,368","8,880","2,776","1,054","1,185",28895.38883,10876.89738
4139.77,"8,456","2,368","8,907","2,778","1,066","1,193",29004.03726,10888.37507
4139.78,"8,480","2,368","8,935","2,781","1,078","1,201",29112.68568,10899.85276
4139.79,"8,503","2,369","8,962","2,783","1,090","1,209",29221.33411,10911.33045
4139.80,"8,527","2,369","8,991","2,786","1,102","1,217",29329.98253,10922.80814
4139.81,"8,550","2,369","9,018","2,788","1,114","1,225",29439.78395,10934.37321
4139.82,"8,575","2,369","9,047","2,791","1,127","1,233",29549.58538,10945.93828
4139.83,"8,598","2,370","9,074","2,793","1,139","1,240",29659.3868,10957.50334
4139.84,"8,622","2,370","9,103","2,796","1,152","1,248",29769.18822,10969.06841
4139.85,"8,645","2,370","9,130","2,798","1,164","1,255",29878.98964,10980.63348
4139.86,"8,669","2,371","9,159","2,801","1,177","1,263",29988.79106,10992.19855
4139.87,"8,692","2,371","9,186","2,803","1,189","1,270",30098.59248,11003.76362
4139.88,"8,717","2,371","9,215","2,806","1,202","1,278",30208.3939,11015.32869
4139.89,"8,740","2,372","9,242","2,808","1,215","1,285",30318.19533,11026.89376
4139.90,"8,764","2,372","9,271","2,811","1,228","1,292",30427.99675,11038.45883
4139.91,"8,787","2,372","9,298","2,813","1,241","1,300",30538.95057,11049.92218
4139.92,"8,811","2,373","9,327","2,815","1,254","1,307",30649.90439,11061.38554
4139.93,"8,835","2,373","9,355","2,818","1,267","1,314",30760.85821,11072.84889
4139.94,"8,859","2,373","9,384","2,820","1,280","1,321",30871.81202,11084.31224
4139.95,"8,882","2,373","9,411","2,822","1,293","1,328",30982.76584,11095.7756
4139.96,"8,906","2,374","9,440","2,825","1,307","1,335",31093.71966,11107.23895
4139.97,"8,929","2,374","9,468","2,827","1,320","1,342",31204.67348,11118.70231
4139.98,"8,954","2,374","9,497","2,829","1,334","1,350",31315.6273,11130.16566
4139.99,"8,977","2,375","9,524","2,831","1,347","1,357",31426.58112,11141.62902
4140.00,"9,000","2,375","9,552","2,834","1,360","1,364",31537.53494,11153.09237
4140.01,"9,024","2,375","9,581","2,836","1,374","1,374",31649.59587,11163.74867
4140.02,"9,047","2,375","9,609","2,838","1,388","1,496",31761.6568,11174.40496
4140.03,"9,072","2,376","9,638","2,840","1,403","1,505",31873.71773,11185.06126
4140.04,"9,095","2,376","9,666","2,842","1,418","1,509",31985.77866,11195.71756
4140.05,"9,119","2,376","9,695","2,845","1,433","1,513",32097.83959,11206.37385
4140.06,"9,142","2,377","9,723","2,847","1,448","1,517",32209.90052,11217.03015
4140.07,"9,167","2,377","9,752","2,849","1,464","1,521",32321.96146,11227.68644
4140.08,"9,190","2,377","9,780","2,851","1,479","1,524",32434.02239,11238.34274
4140.09,"9,214","2,378","9,809","2,853","1,494","1,527",32546.08332,11248.99903
4140.10,"9,237","2,378","9,837","2,855","1,509","1,530",32658.14425,11259.65533
4140.11,"9,262","2,378","9,866","2,857","1,525","1,534",32771.19946,11268.86224
4140.12,"9,285","2,378","9,894","2,859","1,540","1,537",32884.25468,11278.06916
4140.13,"9,309","2,379","9,923","2,862","1,556","1,540",32997.3099,11287.27607
4140.14,"9,332","2,379","9,951","2,864","1,571","1,543",33110.36512,11296.48298
4140.15,"9,357","2,379","9,981","2,866","1,587","1,546",33223.42033,11305.6899
4140.16,"9,380","2,380","10,009","2,868","1,602","1,549",33336.47555,11314.89681
4140.17,"9,404","2,380","10,038","2,870","1,618","1,552",33449.53077,11324.10372
4140.18,"9,428","2,380","10,066","2,872","1,633","1,555",33562.58598,11333.31064
4140.19,"9,452","2,380","10,095","2,874","1,649","1,558",33675.6412,11342.51755
4140.20,"9,475","2,381","10,124","2,876","1,664","1,561",33788.69642,11351.72446
4140.21,"9,500","2,381","10,153","2,878","1,680","1,564",33902.59565,11359.38153
4140.22,"9,523","2,381","10,181","2,880","1,695","1,566",34016.49489,11367.03859
4140.23,"9,547","2,381","10,211","2,882","1,711","1,569",34130.39413,11374.69566
4140.24,"9,570","2,382","10,239","2,884","1,727","1,572",34244.29337,11382.35272
4140.25,"9,594","2,382","10,267","2,886","1,742","1,574",34358.1926,11390.00979
4140.26,"9,618","2,382","10,297","2,888","1,758","1,577",34472.09184,11397.66685
4140.27,"9,641","2,383","10,325","2,890","1,774","1,580",34585.99108,11405.32392
4140.28,"9,666","2,383","10,354","2,893","1,790","1,582",34699.89032,11412.98098
4140.29,"9,689","2,383","10,383","2,895","1,805","1,585",34813.78955,11420.63805
4140.30,"9,713","2,383","10,412","2,897","1,822","1,588",34927.68879,11428.29511
4140.31,"9,736","2,384","10,441","2,899","1,837","1,590",35042.294,11434.74839
4140.32,"9,761","2,384","10,470","2,901","1,853","1,593",35156.89922,11441.20168
4140.33,"9,784","2,384","10,499","2,903","1,869","1,595",35271.50443,11447.65496
4140.34,"9,808","2,384","10,529","2,905","1,885","1,598",35386.10964,11454.10824
4140.35,"9,832","2,385","10,557","2,907","1,901","1,600",35500.71486,11460.56152
4140.36,"9,856","2,385","10,587","2,910","1,917","1,602",35615.32007,11467.0148
4140.37,"9,879","2,385","10,615","2,912","1,933","1,605",35729.92528,11473.46808
4140.38,"9,904","2,385","10,645","2,914","1,950","1,607",35844.53049,11479.92136
4140.39,"9,927","2,386","10,674","2,916","1,965","1,610",35959.13571,11486.37464
4140.40,"9,951","2,386","10,703","2,919","1,982","1,612",36073.74092,11492.82792
4140.41,"9,975","2,386","10,732","2,921","1,998","1,615",36188.97076,11498.86803
4140.42,"9,999","2,386","10,762","2,923","2,014","1,617",36304.2006,11504.90814
4140.43,"10,022","2,387","10,790","2,925","2,030","1,619",36419.43045,11510.94824
4140.44,"10,047","2,387","10,820","2,928","2,047","1,622",36534.66029,11516.98835
4140.45,"10,070","2,387","10,849","2,930","2,062","1,624",36649.89013,11523.02846
4140.46,"10,094","2,387","10,879","2,932","2,079","1,626",36765.11997,11529.06857
4140.47,"10,118","2,387","10,908","2,935","2,095","1,628",36880.34982,11535.10868
4140.48,"10,142","2,388","10,938","2,937","2,112","1,630",36995.57966,11541.14878
4140.49,"10,165","2,388","10,967","2,939","2,128","1,632",37110.8095,11547.18889
4140.50,"10,189","2,388","10,995","2,942","2,144","1,634",37226.03934,11553.229
4140.51,"10,213","2,388","11,025","2,944","2,160","1,636",37341.84951,11558.79439
4140.52,"10,236","2,389","11,054","2,947","2,176","1,638",37457.65967,11564.35979
4140.53,"10,261","2,389","11,084","2,949","2,193","1,640",37573.46984,11569.92518
4140.54,"10,284","2,389","11,113","2,952","2,209","1,642",37689.28001,11575.49058
4140.55,"10,309","2,389","11,143","2,954","2,226","1,644",37805.09017,11581.05597
4140.56,"10,332","2,390","11,172","2,957","2,242","1,646",37920.90034,11586.62137
4140.57,"10,356","2,390","11,203","2,959","2,259","1,648",38036.7105,11592.18676
4140.58,"10,380","2,390","11,232","2,962","2,275","1,650",38152.52067,11597.75215
4140.59,"10,404","2,390","11,262","2,965","2,292","1,652",38268.33084,11603.31755
4140.60,"10,427","2,391","11,291","2,967","2,308","1,654",38384.141,11608.88294
4140.61,"10,452","2,391","11,321","2,970","2,325","1,656",38500.48918,11614.07772
4140.62,"10,475","2,391","11,350","2,973","2,341","1,657",38616.83736,11619.2725
4140.63,"10,500","2,391","11,381","2,975","2,358","1,659",38733.18555,11624.46728
4140.64,"10,523","2,391","11,410","2,978","2,374","1,661",38849.53373,11629.66205
4140.65,"10,547","2,392","11,440","2,981","2,392","1,663",38965.88191,11634.85683
4140.66,"10,571","2,392","11,470","2,984","2,408","1,664",39082.23009,11640.05161
4140.67,"10,595","2,392","11,500","2,987","2,425","1,666",39198.57827,11645.24639
4140.68,"10,619","2,392","11,529","2,990","2,441","1,668",39314.92645,11650.44117
4140.69,"10,643","2,392","11,560","2,992","2,458","1,669",39431.27463,11655.63594
4140.70,"10,666","2,393","11,589","2,995","2,475","1,671",39547.62281,11660.83072
4140.71,"10,691","2,393","11,620","2,998","2,492","1,673",39664.48901,11666.00009
4140.72,"10,714","2,393","11,649","3,001","2,508","1,674",39781.35521,11671.16946
4140.73,"10,739","2,393","11,680","3,004","2,525","1,676",39898.22141,11676.33884
4140.74,"10,762","2,394","11,709","3,007","2,542","1,677",40015.0876,11681.50821
4140.75,"10,785","2,394","11,739","3,010","2,558","1,679",40131.9538,11686.67758
4140.76,"10,810","2,394","11,770","3,013","2,575","1,681",40248.82,11691.84695
4140.77,"10,833","2,394","11,799","3,015","2,592","1,682",40365.6862,11697.01632
4140.78,"10,858","2,394","11,830","3,018","2,609","1,684",40482.5524,11702.18569
4140.79,"10,881","2,395","11,860","3,021","2,625","1,685",40599.41859,11707.35506
4140.80,"10,906","2,395","11,890","3,024","2,643","1,687",40716.28479,11712.52443
4140.81,"10,929","2,395","11,920","3,027","2,659","1,689",40833.67306,11717.80045
4140.82,"10,953","2,395","11,951","3,030","2,676","1,690",40951.06133,11723.07648
4140.83,"10,977","2,395","11,981","3,033","2,693","1,692",41068.4496,11728.3525
4140.84,"11,001","2,396","12,012","3,036","2,710","1,694",41185.83787,11733.62852
4140.85,"11,025","2,396","12,041","3,039","2,727","1,695",41303.22614,11738.90454
4140.86,"11,049","2,396","12,073","3,041","2,744","1,697",41420.61441,11744.18056
4140.87,"11,073","2,396","12,102","3,044","2,761","1,698",41538.00268,11749.45658
4140.88,"11,097","2,396","12,134","3,047","2,778","1,700",41655.39095,11754.73261
4140.89,"11,120","2,396","12,163","3,050","2,795","1,701",41772.77922,11760.00863
4140.90,"11,145","2,397","12,195","3,053","2,812","1,703",41890.16749,11765.28465
4140.91,"11,168","2,397","12,224","3,056","2,829","1,705",42008.0963,11770.82416
4140.92,"11,193","2,397","12,256","3,059","2,846","1,706",42126.02511,11776.36367
4140.93,"11,216","2,397","12,286","3,061","2,863","1,708",42243.95392,11781.90319
4140.94,"11,241","2,397","12,317","3,064","2,881","1,709",42361.88272,11787.4427
4140.95,"11,264","2,398","12,347","3,067","2,897","1,711",42479.81153,11792.98221
4140.96,"11,289","2,398","12,378","3,070","2,915","1,713",42597.74034,11798.52172
4140.97,"11,312","2,398","12,408","3,073","2,932","1,714",42715.66915,11804.06124
4140.98,"11,337","2,398","12,440","3,075","2,949","1,716",42833.59795,11809.60075
4140.99,"11,360","2,398","12,470","3,078","2,966","1,717",42951.52676,11815.14026
4141.00,"11,383","2,399","12,500","3,081","2,983","1,719",43069.45557,11820.67977
4141.01,"11,408","2,399","12,532","3,084","3,000","1,721",43187.96189,11826.69819
4141.02,"11,431","2,399","12,562","3,086","3,017","1,722",43306.46822,11832.71661
4141.03,"11,456","2,399","12,594","3,089","3,035","1,724",43424.97454,11838.73502
4141.04,"11,479","2,399","12,624","3,092","3,052","1,725",43543.48086,11844.75344
4141.05,"11,504","2,399","12,655","3,095","3,069","1,727",43661.98719,11850.77185
4141.06,"11,527","2,400","12,686","3,098","3,086","1,728",43780.49351,11856.79027
4141.07,"11,552","2,400","12,717","3,100","3,104","1,730",43898.99983,11862.80868
4141.08,"11,575","2,400","12,748","3,103","3,121","1,732",44017.50616,11868.8271
4141.09,"11,600","2,400","12,780","3,106","3,139","1,733",44136.01248,11874.84552
4141.10,"11,623","2,400","12,810","3,109","3,156","1,735",44254.5188,11880.86393
4141.11,"11,648","2,400","12,842","3,111","3,173","1,736",44373.66809,11887.71712
4141.12,"11,671","2,401","12,872","3,114","3,190","1,738",44492.81739,11894.5703
4141.13,"11,696","2,401","12,904","3,117","3,208","1,739",44611.96668,11901.42348
4141.14,"11,719","2,401","12,935","3,120","3,225","1,741",44731.11597,11908.27667
4141.15,"11,744","2,401","12,967","3,122","3,243","1,742",44850.26526,11915.12985
4141.16,"11,767","2,401","12,997","3,125","3,260","1,744",44969.41455,11921.98303
4141.17,"11,792","2,402","13,029","3,128","3,278","1,745",45088.56384,11928.83622
4141.18,"11,815","2,402","13,060","3,131","3,295","1,747",45207.71313,11935.6894
4141.19,"11,840","2,402","13,092","3,134","3,313","1,748",45326.86242,11942.54258
4141.20,"11,863","2,402","13,122","3,136","3,330","1,750",45446.01171,11949.39577
4141.21,"11,888","2,402","13,155","3,139","3,348","1,751",45565.89713,11957.27858
4141.22,"11,911","2,402","13,185","3,142","3,365","1,753",45685.78254,11965.1614
4141.23,"11,936","2,403","13,217","3,145","3,383","1,754",45805.66796,11973.04422
4141.24,"11,959","2,403","13,248","3,148","3,400","1,756",45925.55338,11980.92704
4141.25,"11,982","2,403","13,279","3,150","3,417","1,757",46045.4388,11988.80985
4141.26,"12,007","2,403","13,311","3,153","3,435","1,759",46165.32422,11996.69267
4141.27,"12,030","2,403","13,342","3,156","3,452","1,760",46285.20963,12004.57549
4141.28,"12,055","2,403","13,374","3,159","3,471","1,762",46405.09505,12012.45831
4141.29,"12,078","2,404","13,405","3,162","3,488","1,763",46524.98047,12020.34112
4141.30,"12,103","2,404","13,438","3,165","3,506","1,765",46644.86589,12028.22394
4141.31,"12,126","2,404","13,469","3,168","3,523","1,766",46765.58401,12037.00452
4141.32,"12,151","2,404","13,501","3,171","3,541","1,768",46886.30212,12045.78509
4141.33,"12,174","2,404","13,532","3,174","3,558","1,769",47007.02024,12054.56567
4141.34,"12,199","2,404","13,565","3,177","3,577","1,770",47127.73836,12063.34624
4141.35,"12,223","2,405","13,596","3,179","3,594","1,772",47248.45648,12072.12682
4141.36,"12,247","2,405","13,628","3,182","3,612","1,773",47369.17459,12080.90739
4141.37,"12,271","2,405","13,659","3,185","3,629","1,775",47489.89271,12089.68797
4141.38,"12,295","2,405","13,692","3,188","3,648","1,776",47610.61083,12098.46854
4141.39,"12,319","2,405","13,723","3,191","3,665","1,778",47731.32895,12107.24912
4141.40,"12,343","2,405","13,756","3,194","3,683","1,780",47852.04707,12116.02969
4141.41,"12,367","2,406","13,787","3,197","3,701","1,781",47973.67444,12125.43743
4141.42,"12,391","2,406","13,820","3,200","3,719","1,783",48095.30181,12134.84517
4141.43,"12,415","2,406","13,851","3,203","3,736","1,784",48216.92918,12144.25291
4141.44,"12,439","2,406","13,884","3,206","3,755","1,786",48338.55655,12153.66065
4141.45,"12,463","2,406","13,915","3,209","3,772","1,787",48460.18392,12163.06839
4141.46,"12,487","2,406","13,948","3,212","3,790","1,789",48581.8113,12172.47613
4141.47,"12,511","2,407","13,980","3,215","3,808","1,790",48703.43867,12181.88387
4141.48,"12,536","2,407","14,013","3,218","3,826","1,792",48825.06604,12191.29161
4141.49,"12,559","2,407","14,044","3,221","3,844","1,793",48946.69341,12200.69935
4141.50,"12,582","2,407","14,076","3,224","3,861","1,795",49068.32078,12210.10709
4141.51,"12,607","2,407","14,109","3,227","3,880","1,796",49190.91098,12219.95535
4141.52,"12,631","2,407","14,140","3,230","3,897","1,798",49313.50117,12229.80361
4141.53,"12,655","2,408","14,173","3,234","3,916","1,799",49436.09136,12239.65187
4141.54,"12,679","2,408","14,205","3,237","3,933","1,801",49558.68156,12249.50013
4141.55,"12,703","2,408","14,238","3,240","3,952","1,802",49681.27175,12259.34838
4141.56,"12,727","2,408","14,270","3,243","3,969","1,804",49803.86194,12269.19664
4141.57,"12,751","2,408","14,303","3,246","3,988","1,805",49926.45214,12279.0449
4141.58,"12,775","2,408","14,335","3,249","4,005","1,806",50049.04233,12288.89316
4141.59,"12,800","2,409","14,368","3,252","4,024","1,808",50171.63252,12298.74142
4141.60,"12,823","2,409","14,400","3,255","4,042","1,809",50294.22272,12308.58968
4141.61,"12,848","2,409","14,433","3,259","4,060","1,811",50417.82097,12318.90057
4141.62,"12,871","2,409","14,465","3,262","4,078","1,812",50541.41923,12329.21147
4141.63,"12,896","2,409","14,499","3,265","4,096","1,813",50665.01749,12339.52236
4141.64,"12,919","2,409","14,531","3,268","4,114","1,815",50788.61574,12349.83326
4141.65,"12,944","2,409","14,564","3,272","4,133","1,816",50912.214,12360.14415
4141.66,"12,967","2,410","14,596","3,275","4,151","1,818",51035.81226,12370.45505
4141.67,"12,992","2,410","14,630","3,278","4,169","1,819",51159.41051,12380.76594
4141.68,"13,016","2,410","14,662","3,281","4,187","1,820",51283.00877,12391.07684
4141.69,"13,040","2,410","14,695","3,285","4,206","1,822",51406.60703,12401.38773
4141.70,"13,064","2,410","14,727","3,288","4,223","1,823",51530.20529,12411.69863
4141.71,"13,088","2,410","14,761","3,292","4,242","1,825",51654.82015,12421.71315
4141.72,"13,112","2,411","14,793","3,295","4,260","1,826",51779.43502,12431.72768
4141.73,"13,137","2,411","14,827","3,299","4,279","1,828",51904.04989,12441.7422
4141.74,"13,160","2,411","14,859","3,302","4,297","1,829",52028.66476,12451.75673
4141.75,"13,184","2,411","14,892","3,305","4,314","1,830",52153.27962,12461.77126
4141.76,"13,208","2,411","14,926","3,309","4,333","1,832",52277.89449,12471.78578
4141.77,"13,232","2,411","14,958","3,312","4,351","1,833",52402.50936,12481.80031
4141.78,"13,257","2,412","14,992","3,316","4,370","1,835",52527.12422,12491.81483
4141.79,"13,280","2,412","15,024","3,319","4,388","1,836",52651.73909,12501.82936
4141.80,"13,305","2,412","15,058","3,323","4,407","1,837",52776.35396,12511.84388
4141.81,"13,328","2,412","15,091","3,326","4,425","1,839",52901.9338,12521.11583
4141.82,"13,353","2,412","15,125","3,330","4,443","1,840",53027.51365,12530.38777
4141.83,"13,376","2,412","15,157","3,333","4,461","1,842",53153.0935,12539.65972
4141.84,"13,401","2,413","15,192","3,337","4,480","1,843",53278.67334,12548.93167
4141.85,"13,425","2,413","15,224","3,340","4,498","1,845",53404.25319,12558.20361
4141.86,"13,449","2,413","15,259","3,343","4,517","1,846",53529.83303,12567.47556
4141.87,"13,473","2,413","15,291","3,347","4,535","1,848",53655.41288,12576.7475
4141.88,"13,498","2,413","15,326","3,350","4,554","1,849",53780.99272,12586.01945
4141.89,"13,521","2,413","15,358","3,354","4,572","1,850",53906.57257,12595.29139
4141.90,"13,546","2,413","15,393","3,357","4,591","1,852",54032.15241,12604.56334
4141.91,"13,569","2,414","15,426","3,361","4,609","1,853",54158.61055,12612.84267
4141.92,"13,594","2,414","15,460","3,364","4,628","1,855",54285.06869,12621.12201
4141.93,"13,618","2,414","15,493","3,367","4,646","1,856",54411.52683,12629.40134
4141.94,"13,642","2,414","15,527","3,371","4,666","1,857",54537.98497,12637.68068
4141.95,"13,666","2,414","15,560","3,374","4,684","1,859",54664.44311,12645.96001
4141.96,"13,690","2,414","15,595","3,378","4,703","1,860",54790.90125,12654.23935
4141.97,"13,714","2,415","15,628","3,381","4,721","1,861",54917.35939,12662.51868
4141.98,"13,739","2,415","15,663","3,384","4,740","1,862",55043.81753,12670.79802
4141.99,"13,762","2,415","15,696","3,388","4,758","1,864",55170.27567,12679.07735
4142.00,"13,786","2,415","15,729","3,391","4,776","1,865",55296.73381,12687.35668
4142.01,"13,811","2,415","15,764","3,394","4,796","1,866",55423.97658,12694.7594
4142.02,"13,834","2,415","15,797","3,397","4,814","1,868",55551.21936,12702.16212
4142.03,"13,859","2,415","15,832","3,401","4,833","1,869",55678.46213,12709.56483
4142.04,"13,882","2,416","15,865","3,404","4,851","1,870",55805.70491,12716.96755
4142.05,"13,907","2,416","15,900","3,407","4,870","1,871",55932.94769,12724.37027
4142.06,"13,931","2,416","15,933","3,410","4,889","1,873",56060.19046,12731.77298
4142.07,"13,955","2,416","15,968","3,414","4,908","1,874",56187.43324,12739.1757
4142.08,"13,979","2,416","16,001","3,417","4,926","1,875",56314.67601,12746.57842
4142.09,"14,004","2,416","16,036","3,420","4,945","1,876",56441.91879,12753.98113
4142.10,"14,027","2,417","16,070","3,423","4,964","1,878",56569.16156,12761.38385
4142.11,"14,052","2,417","16,105","3,427","4,983","1,879",56697.1124,12768.13572
4142.12,"14,075","2,417","16,139","3,430","5,001","1,880",56825.06323,12774.88758
4142.13,"14,100","2,417","16,174","3,433","5,021","1,881",56953.01407,12781.63945
4142.14,"14,124","2,417","16,207","3,436","5,039","1,883",57080.9649,12788.39132
4142.15,"14,148","2,417","16,242","3,439","5,058","1,884",57208.91574,12795.14319
4142.16,"14,172","2,417","16,276","3,442","5,077","1,885",57336.86657,12801.89505
4142.17,"14,197","2,418","16,311","3,445","5,096","1,886",57464.81741,12808.64692
4142.18,"14,220","2,418","16,345","3,448","5,114","1,888",57592.76824,12815.39879
4142.19,"14,245","2,418","16,380","3,451","5,134","1,889",57720.71908,12822.15066
4142.20,"14,269","2,418","16,414","3,453","5,152","1,890",57848.66991,12828.90252
4142.21,"14,293","2,418","16,450","3,456","5,172","1,891",57977.26977,12835.12644
4142.22,"14,317","2,418","16,483","3,459","5,190","1,892",58105.86962,12841.35035
4142.23,"14,342","2,418","16,519","3,462","5,210","1,894",58234.46948,12847.57427
4142.24,"14,365","2,419","16,553","3,465","5,228","1,895",58363.06933,12853.79818
4142.25,"14,389","2,419","16,587","3,468","5,247","1,896",58491.66918,12860.0221
4142.26,"14,414","2,419","16,622","3,470","5,266","1,897",58620.26904,12866.24601
4142.27,"14,437","2,419","16,656","3,473","5,285","1,898",58748.86889,12872.46993
4142.28,"14,462","2,419","16,692","3,476","5,304","1,899",58877.46875,12878.69384
4142.29,"14,486","2,419","16,726","3,479","5,323","1,901",59006.0686,12884.91776
4142.30,"14,510","2,420","16,761","3,482","5,342","1,902",59134.66845,12891.14167
4142.31,"14,534","2,420","16,795","3,484","5,361","1,903",59263.8762,12897.07319
4142.32,"14,559","2,420","16,831","3,487","5,380","1,904",59393.08395,12903.0047
4142.33,"14,582","2,420","16,865","3,490","5,399","1,905",59522.2917,12908.93621
4142.34,"14,607","2,420","16,901","3,492","5,418","1,906",59651.49945,12914.86772
4142.35,"14,631","2,420","16,935","3,495","5,437","1,907",59780.7072,12920.79923
4142.36,"14,655","2,420","16,971","3,498","5,456","1,908",59909.91495,12926.73074
4142.37,"14,679","2,421","17,005","3,500","5,475","1,909",60039.1227,12932.66225
4142.38,"14,704","2,421","17,041","3,503","5,495","1,911",60168.33045,12938.59376
4142.39,"14,727","2,421","17,075","3,506","5,513","1,912",60297.5382,12944.52527
4142.40,"14,752","2,421","17,111","3,508","5,533","1,913",60426.74595,12950.45678
4142.41,"14,776","2,421","17,145","3,511","5,552","1,914",60556.55397,12956.53103
4142.42,"14,801","2,421","17,181","3,514","5,571","1,915",60686.36199,12962.60527
4142.43,"14,824","2,421","17,216","3,516","5,590","1,916",60816.17001,12968.67951
4142.44,"14,849","2,422","17,252","3,519","5,610","1,917",60945.97804,12974.75375
4142.45,"14,873","2,422","17,286","3,521","5,628","1,918",61075.78606,12980.82799
4142.46,"14,897","2,422","17,322","3,524","5,648","1,919",61205.59408,12986.90223
4142.47,"14,921","2,422","17,357","3,526","5,667","1,920",61335.40211,12992.97648
4142.48,"14,946","2,422","17,393","3,529","5,686","1,921",61465.21013,12999.05072
4142.49,"14,969","2,422","17,427","3,532","5,705","1,922",61595.01815,13005.12496
4142.50,"14,993","2,422","17,462","3,534","5,724","1,923",61724.82617,13011.1992
4142.51,"15,018","2,423","17,498","3,537","5,744","1,924",61855.31628,13018.77682
4142.52,"15,041","2,423","17,533","3,539","5,763","1,925",61985.80638,13026.35444
4142.53,"15,066","2,423","17,569","3,542","5,782","1,926",62116.29649,13033.93206
4142.54,"15,090","2,423","17,604","3,544","5,801","1,927",62246.78659,13041.50968
4142.55,"15,115","2,423","17,640","3,547","5,821","1,928",62377.2767,13049.0873
4142.56,"15,138","2,423","17,675","3,549","5,840","1,929",62507.76681,13056.66492
4142.57,"15,163","2,424","17,711","3,552","5,859","1,930",62638.25691,13064.24254
4142.58,"15,187","2,424","17,746","3,555","5,878","1,931",62768.74702,13071.82016
4142.59,"15,211","2,424","17,782","3,557","5,898","1,932",62899.23712,13079.39778
4142.60,"15,235","2,424","17,817","3,560","5,917","1,933",63029.72723,13086.9754
4142.61,"15,260","2,424","17,854","3,562","5,937","1,934",63160.96068,13094.26173
4142.62,"15,283","2,424","17,888","3,565","5,956","1,935",63292.19413,13101.54807
4142.63,"15,308","2,424","17,925","3,568","5,976","1,936",63423.42758,13108.8344
4142.64,"15,332","2,425","17,960","3,570","5,994","1,937",63554.66103,13116.12074
4142.65,"15,357","2,425","17,996","3,573","6,014","1,938",63685.89448,13123.40707
4142.66,"15,380","2,425","18,031","3,576","6,033","1,939",63817.12794,13130.69341
4142.67,"15,405","2,425","18,068","3,579","6,053","1,940",63948.36139,13137.97974
4142.68,"15,429","2,425","18,103","3,581","6,072","1,941",64079.59484,13145.26607
4142.69,"15,454","2,425","18,140","3,584","6,092","1,942",64210.82829,13152.55241
4142.70,"15,477","2,425","18,175","3,587","6,111","1,943",64342.06174,13159.83874
4142.71,"15,502","2,426","18,212","3,590","6,131","1,944",64473.96159,13165.8711
4142.72,"15,526","2,426","18,247","3,593","6,150","1,945",64605.86143,13171.90345
4142.73,"15,551","2,426","18,283","3,596","6,170","1,946",64737.76128,13177.93581
4142.74,"15,574","2,426","18,319","3,599","6,189","1,947",64869.66113,13183.96816
4142.75,"15,598","2,426","18,354","3,602","6,208","1,948",65001.56097,13190.00052
4142.76,"15,623","2,426","18,391","3,605","6,228","1,949",65133.46082,13196.03288
4142.77,"15,646","2,427","18,426","3,608","6,247","1,950",65265.36067,13202.06523
4142.78,"15,671","2,427","18,463","3,611","6,267","1,951",65397.26051,13208.09759
4142.79,"15,695","2,427","18,498","3,614","6,286","1,952",65529.16036,13214.12994
4142.80,"15,720","2,427","18,535","3,617","6,306","1,953",65661.06021,13220.1623
4142.81,"15,743","2,427","18,571","3,619","6,325","1,954",65793.52631,13225.45082
4142.82,"15,768","2,427","18,608","3,622","6,345","1,955",65925.99241,13230.73934
4142.83,"15,792","2,427","18,643","3,625","6,364","1,956",66058.45851,13236.02786
4142.84,"15,817","2,428","18,680","3,628","6,384","1,957",66190.92462,13241.31639
4142.85,"15,840","2,428","18,716","3,631","6,403","1,958",66323.39072,13246.60491
4142.86,"15,865","2,428","18,753","3,634","6,423","1,959",66455.85682,13251.89343
4142.87,"15,889","2,428","18,789","3,637","6,443","1,960",66588.32292,13257.18195
4142.88,"15,914","2,428","18,826","3,640","6,463","1,961",66720.78903,13262.47048
4142.89,"15,937","2,428","18,861","3,643","6,482","1,962",66853.25513,13267.759
4142.90,"15,962","2,429","18,899","3,646","6,502","1,963",66985.72123,13273.04752
4142.91,"15,986","2,429","18,934","3,649","6,521","1,964",67118.68507,13277.71083
4142.92,"16,011","2,429","18,972","3,652","6,541","1,965",67251.6489,13282.37415
4142.93,"16,034","2,429","19,008","3,655","6,561","1,966",67384.61274,13287.03746
4142.94,"16,059","2,429","19,045","3,658","6,581","1,967",67517.57657,13291.70077
4142.95,"16,083","2,429","19,081","3,661","6,600","1,968",67650.54041,13296.36408
4142.96,"16,108","2,429","19,118","3,664","6,620","1,969",67783.50425,13301.02739
4142.97,"16,132","2,430","19,154","3,667","6,639","1,970",67916.46808,13305.6907
4142.98,"16,156","2,430","19,192","3,670","6,660","1,971",68049.43192,13310.35402
4142.99,"16,180","2,430","19,228","3,673","6,679","1,972",68182.39575,13315.01733
4143.00,"16,204","2,430","19,264","3,675","6,698","1,973",68315.35959,13319.68064
4143.01,"16,229","2,430","19,301","3,678","6,718","1,974",68448.76985,13323.94465
4143.02,"16,252","2,430","19,337","3,681","6,738","1,975",68582.18012,13328.20867
4143.03,"16,277","2,430","19,375","3,684","6,758","1,976",68715.59038,13332.47268
4143.04,"16,301","2,431","19,411","3,687","6,777","1,977",68849.00064,13336.7367
4143.05,"16,326","2,431","19,449","3,690","6,797","1,978",68982.41091,13341.00071
4143.06,"16,350","2,431","19,485","3,692","6,817","1,978",69115.82117,13345.26472
4143.07,"16,374","2,431","19,523","3,695","6,837","1,979",69249.23143,13349.52874
4143.08,"16,398","2,431","19,559","3,698","6,856","1,980",69382.6417,13353.79275
4143.09,"16,423","2,431","19,597","3,701","6,877","1,981",69516.05196,13358.05677
4143.10,"16,447","2,431","19,633","3,704","6,896","1,982",69649.46223,13362.32078
4143.11,"16,472","2,432","19,671","3,707","6,916","1,983",69783.28834,13366.37349
4143.12,"16,495","2,432","19,707","3,710","6,936","1,984",69917.11445,13370.4262
4143.13,"16,520","2,432","19,745","3,713","6,956","1,985",70050.94057,13374.47891
4143.14,"16,544","2,432","19,781","3,716","6,975","1,985",70184.76668,13378.53161
4143.15,"16,569","2,432","19,820","3,719","6,996","1,986",70318.59279,13382.58432
4143.16,"16,593","2,432","19,856","3,721","7,015","1,987",70452.41891,13386.63703
4143.17,"16,617","2,432","19,894","3,724","7,036","1,988",70586.24502,13390.68974
4143.18,"16,641","2,433","19,930","3,727","7,055","1,989",70720.07113,13394.74244
4143.19,"16,666","2,433","19,969","3,730","7,075","1,990",70853.89725,13398.79515
4143.20,"16,690","2,433","20,005","3,733","7,095","1,991",70987.72336,13402.84786
4143.21,"16,715","2,433","20,043","3,736","7,115","1,991",71121.95307,13406.86733
4143.22,"16,738","2,433","20,080","3,739","7,135","1,992",71256.18278,13410.88681
4143.23,"16,763","2,433","20,118","3,742","7,155","1,993",71390.41249,13414.90628
4143.24,"16,787","2,433","20,155","3,745","7,175","1,994",71524.6422,13418.92576
4143.25,"16,811","2,433","20,191","3,748","7,194","1,995",71658.87191,13422.94523
4143.26,"16,836","2,434","20,230","3,751","7,215","1,996",71793.10161,13426.9647
4143.27,"16,859","2,434","20,267","3,754","7,234","1,996",71927.33132,13430.98418
4143.28,"16,884","2,434","20,305","3,757","7,255","1,997",72061.56103,13435.00365
4143.29,"16,908","2,434","20,342","3,760","7,274","1,998",72195.79074,13439.02313
4143.30,"16,933","2,434","20,380","3,763","7,295","1,999",72330.02045,13443.0426
4143.31,"16,957","2,434","20,417","3,767","7,314","2,000",72464.65992,13447.21903
4143.32,"16,982","2,434","20,456","3,770","7,335","2,001",72599.29939,13451.39547
4143.33,"17,005","2,434","20,493","3,773","7,354","2,002",72733.93885,13455.5719
4143.34,"17,030","2,434","20,531","3,776","7,375","2,003",72868.57832,13459.74833
4143.35,"17,054","2,435","20,568","3,779","7,394","2,004",73003.21779,13463.92476
4143.36,"17,079","2,435","20,607","3,783","7,415","2,005",73137.85726,13468.10119
4143.37,"17,103","2,435","20,644","3,786","7,434","2,006",73272.49673,13472.27763
4143.38,"17,128","2,435","20,683","3,789","7,455","2,007",73407.13619,13476.45406
4143.39,"17,151","2,435","20,720","3,792","7,475","2,008",73541.77566,13480.63049
4143.40,"17,176","2,435","20,759","3,796","7,495","2,009",73676.41513,13484.80692
4143.41,"17,200","2,435","20,796","3,799","7,515","2,010",73811.48405,13489.22053
4143.42,"17,225","2,435","20,835","3,803","7,535","2,012",73946.55298,13493.63413
4143.43,"17,249","2,435","20,872","3,807","7,555","2,013",74081.6219,13498.04773
4143.44,"17,273","2,435","20,911","3,811","7,576","2,014",74216.69082,13502.46134
4143.45,"17,297","2,435","20,949","3,815","7,595","2,015",74351.75975,13506.87494
4143.46,"17,322","2,435","20,988","3,820","7,616","2,016",74486.82867,13511.28854
4143.47,"17,346","2,435","21,025","3,824","7,636","2,017",74621.89759,13515.70215
4143.48,"17,371","2,435","21,064","3,828","7,657","2,018",74756.96652,13520.11575
4143.49,17394.57407,2435.341549,21101.68622,3828.901967,7676.267074,2018.486906,74892.03544,13524.52935
4143.5,,,,,,,75027.10436,13528.94296
4143.51,,,,,,,75162.62019,13533.4679
4143.52,,,,,,,75298.13602,13537.99284
4143.53,,,,,,,75433.65185,13542.51778
4143.54,,,,,,,75569.16768,13547.04272
4143.55,,,,,,,75704.68351,13551.56766
4143.56,,,,,,,75840.19934,13556.0926
4143.57,,,,,,,75975.71517,13560.61754
4143.58,,,,,,,76111.231,13565.14249
4143.59,,,,,,,76246.74683,13569.66743
4143.6,,,,,,,76382.26266,13574.19237
4143.61,,,,,,,76518.22194,13578.53572
4143.62,,,,,,,76654.18121,13582.87907
4143.63,,,,,,,76790.14049,13587.22242
4143.64,,,,,,,76926.09977,13591.56577
4143.65,,,,,,,77062.05905,13595.90913
4143.66,,,,,,,77198.01833,13600.25248
4143.67,,,,,,,77333.97761,13604.59583
4143.68,,,,,,,77469.93689,13608.93918
4143.69,,,,,,,77605.89616,13613.28253
4143.7,,,,,,,77741.85544,13617.62588
4143.71,,,,,,,77878.22411,13621.4687
4143.72,,,,,,,78014.59278,13625.31152
4143.73,,,,,,,78150.96145,13629.15434
4143.74,,,,,,,78287.33012,13632.99715
4143.75,,,,,,,78423.69878,13636.83997
4143.76,,,,,,,78560.06745,13640.68279
4143.77,,,,,,,78696.43612,13644.52561
4143.78,,,,,,,78832.80479,13648.36842
4143.79,,,,,,,78969.17346,13652.21124
4143.8,,,,,,,79105.54213,13656.05406
4143.81,,,,,,,79242.2634,13659.26171
4143.82,,,,,,,79378.98468,13662.46936
4143.83,,,,,,,79515.70596,13665.67701
4143.84,,,,,,,79652.42723,13668.88466
4143.85,,,,,,,79789.14851,13672.09232
4143.86,,,,,,,79925.86979,13675.29997
4143.87,,,,,,,80062.59106,13678.50762
4143.88,,,,,,,80199.31234,13681.71527
4143.89,,,,,,,80336.03362,13684.92292
4143.9,,,,,,,80472.75489,13688.13057
4143.91,,,,,,,80609.76913,13690.7808
4143.92,,,,,,,80746.78336,13693.43102
4143.93,,,,,,,80883.7976,13696.08124
4143.94,,,,,,,81020.81183,13698.73147
4143.95,,,,,,,81157.82606,13701.38169
4143.96,,,,,,,81294.8403,13704.03192
4143.97,,,,,,,81431.85453,13706.68214
4143.98,,,,,,,81568.86877,13709.33236
4143.99,,,,,,,81705.883,13711.98259
4144,,,,,,,81842.89723,13714.63281
4144.01,,,,,,,81980.15457,13716.84375
4144.02,,,,,,,82117.4119,13719.05469
4144.03,,,,,,,82254.66924,13721.26563
4144.04,,,,,,,82391.92657,13723.47657
4144.05,,,,,,,82529.18391,13725.68751
4144.06,,,,,,,82666.44124,13727.89845
4144.07,,,,,,,82803.69858,13730.10938
4144.08,,,,,,,82940.95591,13732.32032
4144.09,,,,,,,83078.21325,13734.53126
4144.1,,,,,,,83215.47058,13736.7422
4144.11,,,,,,,83352.93397,13738.65186
4144.12,,,,,,,83490.39736,13740.56152
4144.13,,,,,,,83627.86075,13742.47118
4144.14,,,,,,,83765.32414,13744.38084
4144.15,,,,,,,83902.78753,13746.2905
4144.16,,,,,,,84040.25092,13748.20016
4144.17,,,,,,,84177.71431,13750.10982
4144.18,,,,,,,84315.1777,13752.01948
4144.19,,,,,,,84452.64109,13753.92914
4144.2,,,,,,,84590.10448,13755.8388
4144.21,,,,,,,84727.74656,13757.5026
4144.22,,,,,,,84865.38864,13759.16641
4144.23,,,,,,,85003.03072,13760.83021
4144.24,,,,,,,85140.6728,13762.49402
4144.25,,,,,,,85278.31488,13764.15782
4144.26,,,,,,,85415.95696,13765.82162
4144.27,,,,,,,85553.59904,13767.48543
4144.28,,,,,,,85691.24112,13769.14923
4144.29,,,,,,,85828.88319,13770.81304
4144.3,,,,,,,85966.52527,13772.47684
4144.31,,,,,,,86104.31832,13773.83198
4144.32,,,,,,,86242.11136,13775.18711
4144.33,,,,,,,86379.90441,13776.54225
4144.34,,,,,,,86517.69745,13777.89738
4144.35,,,,,,,86655.49049,13779.25252
4144.36,,,,,,,86793.28354,13780.60765
4144.37,,,,,,,86931.07658,13781.96279
4144.38,,,,,,,87068.86963,13783.31793
4144.39,,,,,,,87206.66267,13784.67306
4144.4,,,,,,,87344.45571,13786.0282
4144.41,,,,,,,87482.36903,13787.07832
4144.42,,,,,,,87620.28235,13788.12844
4144.43,,,,,,,87758.19567,13789.17856
4144.44,,,,,,,87896.10899,13790.22869
4144.45,,,,,,,88034.02231,13791.27881
4144.46,,,,,,,88171.93563,13792.32893
4144.47,,,,,,,88309.84895,13793.37906
4144.48,,,,,,,88447.76227,13794.42918
4144.49,,,,,,,88585.67559,13795.4793
4144.5,,,,,,,88723.58892,13796.52942
4144.51,,,,,,,88861.5971,13797.37653
4144.52,,,,,,,88999.60529,13798.22365
4144.53,,,,,,,89137.61348,13799.07076
4144.54,,,,,,,89275.62167,13799.91787
4144.55,,,,,,,89413.62986,13800.76498
4144.56,,,,,,,89551.63805,13801.61209
4144.57,,,,,,,89689.64624,13802.4592
4144.58,,,,,,,89827.65443,13803.30631
4144.59,,,,,,,89965.66262,13804.15342
4144.6,,,,,,,90103.6708,13805.00053
4144.61,,,,,,,90241.76255,13805.82449
4144.62,,,,,,,90379.85429,13806.64845
4144.63,,,,,,,90517.94604,13807.47241
4144.64,,,,,,,90656.03778,13808.29637
4144.65,,,,,,,90794.12952,13809.12032
4144.66,,,,,,,90932.22127,13809.94428
4144.67,,,,,,,91070.31301,13810.76824
4144.68,,,,,,,91208.40475,13811.5922
4144.69,,,,,,,91346.4965,13812.41616
4144.7,,,,,,,91484.58824,13813.24011
4144.71,,,,,,,91622.75654,13813.94725
4144.72,,,,,,,91760.92484,13814.65439
4144.73,,,,,,,91899.09314,13815.36153
4144.74,,,,,,,92037.26144,13816.06867
4144.75,,,,,,,92175.42974,13816.77581
4144.76,,,,,,,92313.59804,13817.48295
4144.77,,,,,,,92451.76635,13818.19009
4144.78,,,,,,,92589.93465,13818.89722
4144.79,,,,,,,92728.10295,13819.60436
4144.8,,,,,,,92866.27125,13820.3115
4144.81,,,,,,,93004.50417,13820.89676
4144.82,,,,,,,93142.7371,13821.48201
4144.83,,,,,,,93280.97002,13822.06726
4144.84,,,,,,,93419.20294,13822.65252
4144.85,,,,,,,93557.43587,13823.23777
4144.86,,,,,,,93695.66879,13823.82303
4144.87,,,,,,,93833.90172,13824.40828
4144.88,,,,,,,93972.13464,13824.99353
4144.89,,,,,,,94110.36756,13825.57879
4144.9,,,,,,,94248.60049,13826.16404
4144.91,,,,,,,94386.89082,13826.72704
4144.92,,,,,,,94525.18116,13827.29003
4144.93,,,,,,,94663.4715,13827.85302
4144.94,,,,,,,94801.76183,13828.41602
4144.95,,,,,,,94940.05217,13828.97901
4144.96,,,,,,,95078.34251,13829.542
4144.97,,,,,,,95216.63285,13830.105
4144.98,,,,,,,95354.92318,13830.66799
4144.99,,,,,,,95493.21352,13831.23098
4145,,,,,,,95631.50386,13831.79398
4145.01,,,,,,,,
4145.02,,,,,,,,
4145.03,,,,,,,,
4145.04,,,,,,,,
4145.05,,,,,,,,
4145.06,,,,,,,,
4145.07,,,,,,,,
4145.08,,,,,,,,
4145.09,,,,,,,,
4145.1,,,,,,,,
4145.11,,,,,,,,
4145.12,,,,,,,,
4145.13,,,,,,,,
4145.14,,,,,,,,
4145.15,,,,,,,,
4145.16,,,,,,,,
4145.17,,,,,,,,
4145.18,,,,,,,,
4145.19,,,,,,,,
4145.2,,,,,,,,
4145.21,,,,,,,,
4145.22,,,,,,,,
4145.23,,,,,,,,
4145.24,,,,,,,,
4145.25,,,,,,,,
4145.26,,,,,,,,
4145.27,,,,,,,,
4145.28,,,,,,,,
4145.29,,,,,,,,
4145.3,,,,,,,,
4145.31,,,,,,,,
4145.32,,,,,,,,
4145.33,,,,,,,,
4145.34,,,,,,,,
4145.35,,,,,,,,
4145.36,,,,,,,,
4145.37,,,,,,,,
4145.38,,,,,,,,
4145.39,,,,,,,,
4145.4,,,,,,,,
4145.41,,,,,,,,
4145.42,,,,,,,,
4145.43,,,,,,,,
4145.44,,,,,,,,
4145.45,,,,,,,,
4145.46,,,,,,,,
4145.47,,,,,,,,
4145.48,,,,,,,,
4145.49,,,,,,,,
4145.5,,,,,,,,
4145.51,,,,,,,,
4145.52,,,,,,,,
4145.53,,,,,,,,
4145.54,,,,,,,,
4145.55,,,,,,,,
4145.56,,,,,,,,
4145.57,,,,,,,,
4145.58,,,,,,,,
4145.59,,,,,,,,
4145.6,,,,,,,,
4145.61,,,,,,,,
4145.62,,,,,,,,
4145.63,,,,,,,,
4145.64,,,,,,,,
4145.65,,,,,,,,
4145.66,,,,,,,,
4145.67,,,,,,,,
4145.68,,,,,,,,
4145.69,,,,,,,,
4145.7,,,,,,,,
4145.71,,,,,,,,
4145.72,,,,,,,,
4145.73,,,,,,,,
4145.74,,,,,,,,
4145.75,,,,,,,,
4145.76,,,,,,,,
4145.77,,,,,,,,
4145.78,,,,,,,,
4145.79,,,,,,,,
4145.8,,,,,,,,
4145.81,,,,,,,,
4145.82,,,,,,,,
4145.83,,,,,,,,
4145.84,,,,,,,,
4145.85,,,,,,,,
4145.86,,,,,,,,
4145.87,,,,,,,,
4145.88,,,,,,,,
4145.89,,,,,,,,
4145.9,,,,,,,,
4145.91,,,,,,,,
4145.92,,,,,,,,
4145.93,,,,,,,,
4145.94,,,,,,,,
4145.95,,,,,,,,
4145.96,,,,,,,,
4145.97,,,,,,,,
4145.98,,,,,,,,
4145.99,,,,,,,,
