date,wetness_index_v20_ip,normalized_wetness_index_v20_ip,trailing_2_week_mean_nwi_v20_ip,wetness_index_v20_vik,normalized_wetness_index_v20_vik,trailing_2_week_mean_nwi_v20_vik
9/15/2024,0.27875988179093325,0.062764108,NA,0.281409714,0.065423791,
9/16/2024,0.2805309043445929,0.062531407,NA,0.281049183,0.062660094,
9/17/2024,0.289687244,0.069733243,NA,0.290067394,0.069705922,
9/18/2024,0.28576794150410867,0.060739778,NA,0.292327573,0.067771929,
9/19/2024,0.2857337881704037,0.058612982914115395,NA,0.286964306,0.059987384,
9/20/2024,0.2828893643925162,0.049218257340715554,NA,0.283187882,0.049660587,
9/21/2024,0.2855066920238446,0.044759971,NA,0.285754364,0.045484583,
9/22/2024,0.2870935934002174,0.043261658,NA,0.287363806,0.043734286,
9/23/2024,0.2848945628237452,0.039891859,NA,0.286911063,0.042080457,
9/24/2024,0.2835971995012407,0.037420449387771657,NA,0.288878243,0.042394871,
9/25/2024,0.2884109974528098,0.040174309330081336,NA,0.290059776,0.041682175,
9/26/2024,0.2902953201011559,0.039974893,NA,0.290599286,0.040580076,
9/27/2024,0.2852695430185291,0.033673626536972756,NA,0.291494172,0.039533489,
9/28/2024,0.28793714278043053,0.034107681186362336,0.048347444572302375,0.288537323,0.034763999,
9/29/2024,0.28937885152852666,0.034413265,0.046322384378174444,0.289760839,0.034401855,
9/30/2024,0.2901766849500372,0.034413265,0.044313945659535794,0.290558013,0.034401855,
10/1/2024,0.3076819183432034,0.059562792757688034,0.043587485,0.307890043,0.059514348,0.045427992
10/2/2024,0.3080743135693205,0.054745839,0.043159346,0.308254674,0.05454772,0.044483406
10/3/2024,0.3092132375787427,0.047830593,0.042389176,0.309444322,0.048221,0.04364295
10/4/2024,0.309101617,0.041684769,0.041851069,0.309499182,0.042481367,0.043130149
10/5/2024,0.3089722520915992,0.036497780939387124,0.041260912931109284,0.30951761,0.037318011,0.042546822
10/6/2024,0.31056404319769293,0.031988255,0.04045567,0.311025618,0.032115705,0.041716923
10/7/2024,0.3110067375120001,0.027377065016617897,0.039561755942110165,0.311437883,0.027715308,0.040690841
10/8/2024,0.31108142186301685,0.021521853667657766,0.038426142,0.311253666,0.0213961,0.039190929
10/9/2024,0.3111261388559754,0.014728470161611893,0.036608582,0.311672533,0.014804006,0.03727106
10/10/2024,0.31159654148560584,0.007375283,0.034280038429261236,0.312140733,0.008049539,0.03494745
10/11/2024,0.3114915516535962,4.7538844641799966e-4,0.031908736,0.312125209,0.000966481,0.032192664
10/12/2024,0.31145746762358373,0,0.029472472766624302,0.31218259,0,0.029709521
10/13/2024,0.31530074140751263,0,0.027014382424244303,0.315574516,0,0.027252246
10/14/2024,0.3166012592503539,0,0.024556292081864304,0.316773276,0,0.02479497
10/15/2024,0.31687475610362004,0.005505863,0.020695082832377552,0.317168858,0.005875777,0.020963644
10/16/2024,0.3049627301591836,9.283800956447768e-4,0.016850978657917036,0.306351239,0.002017062,0.017211454
10/17/2024,0.2971593221377789,0,0.013434507741056019,0.298802905,0.000459783,0.013799938
10/18/2024,0.2901762882630135,0,0.010457024228755312,0.291115235,0,0.010765555
10/19/2024,0.28456541119405376,0,0.00785004,0.286953379,0,0.008099983
10/20/2024,0.27206970092688787,0,0.005565165,0.280966408,0.006783535,0.006290542
10/21/2024,0.2566947509216511,0,0.00360966,0.272853188,0.010866592,0.005087062
10/22/2024,0.24670485109000367,0,0.002072385,0.260736502,0.009263928,0.004220479
10/23/2024,0.23310023287605205,0,0.001020351,0.250147619,0.005051663,0.003523883
10/24/2024,0.23216536875715774,0,4.935451290668778e-4,0.246105146,0.005292756,0.00332697
10/25/2024,0.22894552079227892,0,4.5958881146559213e-4,0.23291091,0.002143308,0.003411029
10/26/2024,0.22245328552785476,0.006740773,9.41072612265059e-4,0.224674074,0.009188943,0.004067382
10/27/2024,0.2185095108126788,0.014569001,0.001981716,0.219032173,0.015577452,0.005180057
10/28/2024,0.2139290544638255,0.038126184,0.004705014,0.214232874,0.039005671,0.007966176
10/29/2024,0.2078952783780421,0.053041866,0.008100443,0.210362675,0.056843436,0.011606724
10/30/2024,0.20424294659104794,0.066812429,0.012806446632020118,0.207045971,0.071099393,0.016541176
10/31/2024,0.19743450375347596,0.076991137,0.018305813592990296,0.198041903,0.077861569,0.022069875
11/1/2024,0.19059645700984199,0.10356127961461055,0.025703047851176764,0.198432315,0.114519875,0.030249866
11/2/2024,0.23266357173810778,0.14126145954292485,0.035793152104242824,0.232966025,0.141512105,0.040357873
11/3/2024,0.3458084935529668,0.26752346897584617,0.054901971316803265,0.346594439,0.269064954,0.05909226
11/4/2024,0.40017186202112864,0.31217879325408543,0.077200457,0.402960467,0.315186549,0.0808294
11/5/2024,0.40373782871185104,0.29079660811855146,0.097971643,0.40759929,0.294830289,0.101226998
11/6/2024,0.4169785674018721,0.27950007302478014,0.11793593377376163,0.418882169,0.281847091,0.1209981
11/7/2024,0.42567161307386187,0.27032191433250197,0.1372446419403689,0.426382523,0.270875776,0.139968315
11/8/2024,0.4380007419204617,0.26402392835634586,0.15610349396582218,0.443662327,0.269326214,0.159052809
11/9/2024,0.4238571360321835,0.19742756646169884,0.1697239791980012,0.431250424,0.203680183,0.17294504
11/10/2024,0.4452153667983303,0.16699014970222717,0.18061120410325263,0.454592572,0.174677654,0.18430934
11/11/2024,0.47378015192593276,0.1207667392895509,0.1865141009074812,0.475744771,0.122569644,0.190278195
11/12/2024,0.4936372252906831,0.10615407755795031,0.1903078303330081,0.494955944,0.107177152,0.193873461
11/13/2024,0.5881736942231026,0.14851160876208072,0.1961434860319098,0.589516612,0.149233761,0.199454487
11/14/2024,0.6381396121345709,0.15675611603490058,0.2018409845020039,0.639437265,0.157905694,0.205171924
11/15/2024,0.8866559979431403,0.30070306121380846,0.21592254033051805,0.888974096,0.302151382,0.218574175
11/16/2024,0.9556501124141475,0.3296939540232296,0.2293820042219684,0.958901759,0.331723737,0.23216072
11/17/2024,0.8779196468827569,0.26756809128255893,0.22938519152959075,0.882743181,0.270829121,0.232286732
11/18/2024,0.8356574442023387,0.23391564374251744,0.22379496656447875,0.839300873,0.236651392,0.226677078
11/19/2024,0.869842259,0.2644681787320697,0.22191436446544432,0.873640982,0.267149179,0.224699856
11/20/2024,0.8836149296628322,0.2970444418522826,0.2231675336674088,0.886210316,0.298986787,0.22592412
11/21/2024,0.8841762704985613,0.3146763698277898,0.22633570905992936,0.886332602,0.315927743,0.229142117
11/22/2024,1.1101212387590416,0.44878970136270124,0.23953326427466903,1.112217504,0.450173852,0.242059806
11/23/2024,1.2292981037372899,0.4529235679062373,0.25778297866356464,1.231998495,0.454237357,0.259956747
11/24/2024,1.176935721580746,0.4309893194353164,0.27664006221592813,1.179516222,0.432416148,0.278366639
11/25/2024,1.1496439020665938,0.4222694663457721,0.2981759712913725,1.151636191,0.42351784,0.299862939
11/26/2024,1.0999471738197066,0.4044715553346359,0.31948436256113577,1.101617645,0.405464001,0.321169142
11/27/2024,1.118443393911063,0.43585856322008004,0.3400091450224214,1.119512596,0.436316935,0.341675083
11/28/2024,1.0871222427215337,0.42807185129284786,0.3593888403979891,1.089181714,0.429118251,0.361047409
11/29/2024,1.0505207671564536,0.43468238805527426,0.36895879231523665,1.051449587,0.435208178,0.370551466
11/30/2024,1.025010535355865,0.4355746561841778,0.37652169961244725,1.025232954,0.435568881,0.377968976
12/1/2024,0.9163737245345034,0.4304654177070761,0.3881572229284842,0.916598168,0.430437014,0.38936954
12/2/2024,0.9084075105711923,0.4053729778846394,0.4004041753672072,0.908402526,0.405395979,0.401422724
12/3/2024,0.8555474760322327,0.3546021195318492,0.40684231399576287,0.855912561,0.354725535,0.407678178
12/4/2024,0.8174231834095277,0.3251605072911444,0.40885060438425297,0.817639158,0.325360763,0.409562034
12/5/2024,0.8072706010309583,0.3155250147651493,0.4089112218797787,0.807223805,0.315424877,0.409526115
12/6/2024,0.808776294,0.31627119865645736,0.3994456145436184,0.80898638,0.316146085,0.399952703
12/7/2024,0.8037657448895525,0.31142105687377575,0.389338292,0.80339796,0.311245295,0.389738984
12/8/2024,0.8125734822159363,0.31374795219976365,0.38096390895304594,0.812253577,0.313521205,0.381246488
12/9/2024,0.8440745949367642,0.32144788620802994,0.37376236751463576,0.843596588,0.321101267,0.373931019
12/10/2024,0.8224784438728274,0.3177943628647938,0.3675711394810756,0.828062377,0.320621411,0.367870834
12/11/2024,0.8000678612701906,0.3164823257453886,0.3590442653757405,0.809567233,0.321079865,0.359639615
12/12/2024,0.7964246145109544,0.3178174275798626,0.3511689493962416,0.805262976,0.322168225,0.352000327
12/13/2024,0.7903915269704459,0.29882283820647404,0.341464696,0.796479647,0.301931088,0.342480535
12/14/2024,0.7859865456873538,0.28695843661836284,0.33084925158091194,0.796926523,0.292074789,0.332230957
12/15/2024,0.8073349530237333,0.27818646746144554,0.31997218370622404,0.819437059,0.284249561,0.321788996
12/16/2024,0.8211902953689022,0.2902581769079368,0.31174969792217383,0.82131271,0.290325248,0.313569658
12/17/2024,0.8532362624930867,0.2845366931382183,0.3067450246083431,0.853968718,0.285013802,0.308590249
12/18/2024,0.8899480938168199,0.30235824140883816,0.30511629133103546,0.891463386,0.303139772,0.307003035
12/19/2024,0.8947271771330982,0.30490622922271504,0.304357807,0.894641501,0.304720301,0.306238423
12/20/2024,0.9256165007750572,0.30776793595659213,0.3037504307422998,0.925012636,0.30762448,0.305629736
12/21/2024,0.895442932,0.292494102,0.3023985053809788,0.90187,0.295757268,0.304523449
12/22/2024,0.8226612797893778,0.2599299392875645,0.29855436160153603,0.833733098,0.265605392,0.301100891
12/23/2024,0.7917075539265378,0.24043855533997763,0.2927679808252466,0.806961394,0.248646861,0.295925576
12/24/2024,0.770021428,0.19508115117284086,0.2840027514186785,0.790012712,0.205862567,0.287728516
12/25/2024,0.7709882585390927,0.17495358937351133,0.2738935559635444,0.801454646,0.191335651,0.278461072
12/26/2024,0.8379980656195614,0.20524832840921858,0.2658529060227841,0.876852427,0.225480417,0.2715548
12/27/2024,0.8651862928449406,0.20934924187371262,0.2594619348561583,0.906697373,0.230227917,0.266433145
12/28/2024,0.9619629915613827,0.25692608708401915,0.2573167670322766,1.012335767,0.282121312,0.265722182
12/29/2024,1.0462277620279492,0.30757893405817127,0.25941622893204275,1.105555553,0.336268327,0.269437808
12/30/2024,1.1190259703636551,0.3485187152032504,0.26357769595313657,1.189748263,0.3819156,0.275979976
12/31/2024,1.149279971086802,0.3746049420695661,0.2700111423053757,1.230005499,0.412343831,0.285074978
1/1/2025,1.1158120436081471,0.3630379240094277,0.27434540534827495,1.205298565,0.404922556,0.292345177
1/2/2025,1.1093931534658537,0.3752514087655767,0.2793700610299079,1.204674974,0.421600156,0.300693738
1/3/2025,1.0985720036055133,0.38300954475415033,0.28474446165830497,1.206081488,0.437029882,0.309936981
1/4/2025,1.1233752989383854,0.4065547967872681,0.29289165415630397,1.200027988,0.445921797,0.320663019
1/5/2025,1.1729023833527092,0.4450354090135098,0.3061134734224429,1.22358838,0.471763292,0.335388583
1/6/2025,1.2019722065244254,0.4817287229015942,0.3233484853911298,1.236833197,0.500579693,0.353383786
1/7/2025,1.230236680304021,0.5111569702114307,0.3459253296081719,1.256813537,0.526152565,0.376261643
1/8/2025,1.2403478548281675,0.5339626628801907,0.371568835,1.257488074,0.543920152,0.40144625
1/9/2025,1.228530613175578,0.5502622491934093,0.3962126863432341,1.239946906,0.557419835,0.425156208
1/10/2025,1.2184334417611071,0.564443102,0.4215765334594023,1.226617917,0.569692226,0.449403659
1/11/2025,1.2147699211726595,0.5791799474484397,0.4445946663425752,1.220433499,0.582811724,0.470881545
1/12/2025,1.2061707489535498,0.598028396,0.4653410565157994,1.211161213,0.601717779,0.489842221
1/13/2025,1.1856262512792715,0.6166736070088858,0.4844949773590591,1.190014247,0.61985639,0.506837991
1/14/2025,1.1188390711302936,0.602919446,0.5008031561916942,1.128622307,0.610563062,0.520996508
1/15/2025,1.0456431418689547,0.5997062896040779,0.517708039,1.052253136,0.605282933,0.535307963
1/16/2025,1.0579502023929255,0.606168466,0.5342021149657203,1.063995985,0.61094443,0.548832554
1/17/2025,1.060126154284194,0.6060891215891537,0.5501363704539349,1.066760015,0.611463859,0.561292124
1/18/2025,1.078571949513032,0.6173268670787405,0.5651915183318972,1.080525664,0.619215159,0.573670221
1/19/2025,1.0892415953616759,0.5960289417718828,0.575976771,1.090380254,0.597221352,0.582631511
1/20/2025,1.0975002172494877,0.5999266842391534,0.5844194821958923,1.098402355,0.60075621,0.589786977
1/21/2025,1.0873474196578714,0.5986398088530628,0.5906682563845804,1.087947548,0.59877456,0.594974262
1/22/2025,1.056883534080103,0.5857653161975704,0.5943684459072504,1.060938291,0.588764221,0.59817741
1/23/2025,1.0606965539718982,0.5645182323106356,0.5953867304156237,1.063399713,0.566400828,0.59881891
1/24/2025,1.0635910298538938,0.5548147588525439,0.5946989916550862,1.066285719,0.556400694,0.597869514
1/25/2025,1.0343974748562406,0.5313073379596764,0.59127952,1.0422373,0.536484003,0.594560391
1/26/2025,1.059223343,0.54712976,0.5876439026796922,1.061089366,0.54829479,0.590744464
1/27/2025,0.9873805218278033,0.46916542487621055,0.5771076039559297,0.995976787,0.474510422,0.580362609
1/28/2025,0.9128436321026809,0.4119539952425789,0.5634672146356525,0.919385103,0.415934524,0.56646057
1/29/2025,0.8228254370586421,0.3622749020785109,0.5465078298123978,0.828236148,0.365633741,0.549342771
1/30/2025,0.7760596548748306,0.3167907962550803,0.5258379962586683,0.778323593,0.317950512,0.528414634
1/31/2025,0.7924696532428573,0.31447516130020714,0.5050084276666008,0.78515078,0.30997521,0.50687973
2/1/2025,0.7948036348378354,0.31723128172755205,0.48357302871294444,0.78882142,0.313812197,0.485065233
2/2/2025,0.8707266919958953,0.38501328352473685,0.4685004816952912,0.861265339,0.379283505,0.469498244
2/3/2025,0.9434560810582724,0.42033610330120913,0.4556725830568666,0.930621798,0.412875201,0.456078172
2/4/2025,1.0518113627575691,0.4722594795127924,0.4466454166754187,1.041017723,0.465871393,0.446585089
2/5/2025,1.172478808089799,0.5542672506760539,0.4443955548524532,1.161358801,0.547338127,0.443626082
2/6/2025,1.2003986076044777,0.5870022760911531,0.44600155797963303,1.188625958,0.579453414,0.444558409
2/7/2025,1.1775282391676904,0.5855020897856067,0.4481935101891375,1.164069879,0.576786982,0.446014573
2/8/2025,1.2221941393718936,0.6237928739116936,0.4547996198999959,1.207773062,0.614099721,0.451558553
2/9/2025,1.1804063259550333,0.5965166505399284,0.458327255,1.166949025,0.58729121,0.454344011
2/10/2025,1.1548109652071548,0.5835942853786596,0.4665007449518402,1.142376169,0.575633102,0.46156706
2/11/2025,1.1091544180636443,0.5856049371160357,0.4789043836570871,1.098069717,0.578225398,0.473159265
2/12/2025,1.0691379975315052,0.5695584577245565,0.49371035191751894,1.058833119,0.562248282,0.487203161
2/13/2025,1.016587245507615,0.550649512,0.5104145458840339,1.007498075,0.544059491,0.503353802
2/14/2025,0.9893686004923977,0.5513785717733878,0.5273362180606896,0.981376371,0.545737099,0.520193937
2/15/2025,0.974675521,0.564273358,0.5449820806200188,0.967794438,0.559257852,0.53772577
2/16/2025,0.97974173,0.5664087329485068,0.5579388984360024,0.974060836,0.562153276,0.550787896
2/17/2025,1.0178578496104458,0.5904767026162651,0.5700917983870778,1.013420336,0.587407186,0.563254467
2/18/2025,1.0283399688934112,0.6086577941691823,0.5798345351482486,1.02492926,0.606058543,0.573267834
2/19/2025,1.0559631771602656,0.6052184104608545,0.5834739037043057,1.05320055,0.603121725,0.577252377
2/20/2025,1.0358994974422537,0.6003583195425063,0.5844279068079739,1.033458594,0.598716851,0.578628337
2/21/2025,1.0652315313488332,0.6307472796992195,0.5876597060875176,1.063329405,0.629182281,0.582370858
2/22/2025,1.0357735325539115,0.6252065955845253,0.5877606862070055,1.033993619,0.624077052,0.583083525
2/23/2025,1.0110643610264014,0.6612102157242987,0.5923816551487463,1.009595856,0.6602168,0.588292496
2/24/2025,1.020069990402912,0.6807666304995047,0.5993225369430923,1.01913475,0.680030622,0.595749461
2/25/2025,0.99178499,0.6805378567577712,0.6061034597746449,0.990995437,0.679680412,0.602996248
2/26/2025,0.9471120122480492,0.6611464172564767,0.6126454568840678,0.946391426,0.660765218,0.610033172
2/27/2025,0.9231598800926633,0.658394842,0.6203415519195997,0.922559907,0.657659119,0.618147431
2/28/2025,0.8842297515679448,0.6509029968368155,0.6274504394241303,0.883723611,0.650349658,0.625619757
3/1/2025,0.8483319799398261,0.6396383783222982,0.6328336551929972,0.8480571,0.639278037,0.631335484
3/2/2025,0.8386602263888773,0.6390123265506777,0.6380196261645809,0.83795366,0.638369751,0.636779518
3/3/2025,0.8346747789649633,0.6399195268790966,0.6415512564690689,0.833433318,0.638825173,0.640452231
3/4/2025,0.8238690819637138,0.6344895018881863,0.6433963784489977,0.822407597,0.632989387,0.642375863
3/5/2025,0.809481809,0.6273863547042153,0.6449798030378091,0.807542954,0.625244844,0.643956086
3/6/2025,0.8021720616058176,0.627804282,0.6469402289113029,0.800227983,0.626084859,0.645910944
3/7/2025,0.7930281506135286,0.6271947501093724,0.6466864767977424,0.791932359,0.626152676,0.645694543
3/8/2025,0.7859083011096112,0.6246695368564906,0.6466481154600255,0.78497589,0.623997742,0.645688878
3/9/2025,0.7821156658115307,0.6240191115758316,0.6439916080208493,0.781544667,0.623493354,0.643065775
3/10/2025,0.7712469137857758,0.6169920332864787,0.6394362796484904,0.771230909,0.617088443,0.638569905
3/11/2025,0.7603869842911041,0.6114950240983175,0.6345046487442436,0.760595665,0.611363436,0.633690121
3/12/2025,0.7465846679556455,0.604354189,0.6304480609855809,0.747104229,0.604830045,0.629694752
3/13/2025,0.7339220799781451,0.5983320874534247,0.6261578642119873,0.734186622,0.598492067,0.625468534
3/14/2025,0.7281177611387243,0.595734822,0.6222172802844518,0.728318528,0.596329465,0.621609948
3/15/2025,0.7316819976771164,0.6036819976771165,0.6196489673812245,0.731175068,0.603359773,0.619044358
3/16/2025,0.7627608976066377,0.6143175001048552,0.6178850512065229,0.762020119,0.613389555,0.617260058
3/17/2025,0.8188322279523884,0.6481294942513197,0.6184714774473961,0.818666975,0.648217041,0.617930906
3/18/2025,0.8893886154842062,0.6955696275176854,0.6228343435637889,0.888991921,0.695210977,0.622375305
3/19/2025,0.9331502999033348,0.7130224888029643,0.62895121,0.932626294,0.712794634,0.628628862
3/20/2025,0.9768336042278215,0.7360152285707797,0.6366805636279396,0.976405992,0.735930022,0.636474945
3/21/2025,1.0160349702905198,0.7519347758598812,0.6455905654672617,1.015027253,0.751082561,0.645398508
3/22/2025,1.0595643161494446,0.7756572157780554,0.6563753996759448,1.058619141,0.774945002,0.656180455
3/23/2025,1.1008779929724506,0.793874587,0.6685079336427509,1.100512274,0.793442136,0.668319654
3/24/2025,1.1199636348281314,0.8018582034812354,0.6817126600852335,1.118964425,0.800845282,0.681445143
3/25/2025,1.1435472172614485,0.8079302385424425,0.6957437468312424,1.140222341,0.805592943,0.695318679
3/26/2025,1.1534772652713998,0.8006417448949523,0.709764287,1.150024414,0.798131194,0.709125904
3/27/2025,1.142069433600562,0.7779067382861156,0.7225910473378456,1.141367472,0.777074687,0.721881805
3/28/2025,1.1315475720679835,0.7542290713762122,0.7339120651610522,1.13129631,0.753782629,0.73312846
3/29/2025,1.1362234153296908,0.7443077134316993,0.7439567591435224,1.135884733,0.744017748,0.743175458
3/30/2025,1.1703041272996557,0.7495310830860213,0.7536148722136058,1.17066614,0.74978655,0.7529181
3/31/2025,1.1793217431609404,0.7477160180952301,0.7607281953453137,1.180126338,0.748018196,0.760046754
4/1/2025,1.1877019036213767,0.7496363,0.7645901004999361,1.188494934,0.750097578,0.763967226
4/2/2025,1.1938053303608192,0.7538395042068909,0.7675056016002165,1.194891625,0.754491229,0.766945554
4/3/2025,1.1990390884620903,0.759946487,0.7692149772078825,1.200426606,0.760838384,0.768724723
4/4/2025,1.1996743309912163,0.7643728985352894,0.7701034145418402,1.203141759,0.766755241,0.7698442
4/5/2025,1.187784551240512,0.7599897350435296,0.7689843087750884,1.18882275,0.760409871,0.768805976
4/6/2025,1.1672297912399903,0.7426433000273157,0.7653249311262454,1.170607012,0.744895362,0.76533835
4/7/2025,1.1217790742013822,0.7110211677121132,0.7588365714284511,1.1244824,0.71314852,0.759074295
4/8/2025,1.0880188357751712,0.693848518,0.7506878770792927,1.090230132,0.695371411,0.751201329
4/9/2025,1.0500951835758658,0.6726556278714052,0.7415460115776108,1.051614624,0.67357331,0.742304337
4/10/2025,1.0208274698159183,0.6553844633054807,0.7327944205075655,1.023080922,0.656768513,0.733711039
4/11/2025,0.98751601,0.6360303098561115,0.7243516518275583,0.990056159,0.637837157,0.725429219
4/12/2025,0.9389135390955854,0.5991047592871159,0.7139800122458023,0.940981207,0.600733211,0.715194609
4/13/2025,0.9046607012569011,0.5713903786578055,0.7012556762152155,0.90844513,0.574134237,0.702648016
4/14/2025,0.8897729947187932,0.5622474854510713,0.6880079238834899,0.890892439,0.563057523,0.689436539
4/15/2025,0.8762085864343535,0.5532638714124317,0.6739813218642065,0.878931984,0.555310181,0.675523153
4/16/2025,0.8466821752803121,0.5323987058725618,0.6581641219831829,0.849772318,0.534301223,0.659795296
4/17/2025,0.812275202,0.5033938892037527,0.6398389364207294,0.816030852,0.50605405,0.641596415
4/18/2025,0.7966679409829379,0.48519398790542856,0.6198975856614536,0.798277684,0.486204616,0.621557085
4/19/2025,0.7920534068623764,0.47459025581532355,0.5995119085737246,0.792616307,0.47468058,0.60114785
4/20/2025,0.7767579816143005,0.45998419354939024,0.5793219723967299,0.778346851,0.461001184,0.580869694
4/21/2025,0.7603552976612408,0.4486049481070594,0.5605779567106547,0.760845877,0.448789045,0.561986874
4/22/2025,0.7459837442412144,0.434152131,0.5420282148162482,0.74626264,0.434391642,0.543345462
4/23/2025,0.7284344986913007,0.41832125171801604,0.5238614736624347,0.728164196,0.418192205,0.525103955
4/24/2025,0.7143192486937842,0.4060592416218097,0.5060525292564582,0.713597954,0.405503292,0.507156439
4/25/2025,0.7161295977914851,0.404359227,0.489504595,0.715282862,0.403598796,0.490425127
4/26/2025,0.7175602504414224,0.3996977666264071,0.4752612381573369,0.716766064,0.399064315,0.476020206
4/27/2025,0.7285826283358219,0.40026424608827477,0.46303794297379897,0.727845969,0.400082219,0.463587919
4/28/2025,0.7426300945874245,0.4048350031550374,0.451794194,0.74256044,0.404531128,0.452264606
4/29/2025,0.7365542521300152,0.3994250524337289,0.4408057071684606,0.736323464,0.399186371,0.441112905
4/30/2025,0.7348516619465373,0.39829085308285533,0.43122657482633875,0.734328264,0.397905262,0.431370336
5/1/2025,0.7259525782109023,0.39596838547393487,0.42355332455992323,0.72537899,0.395574799,0.423478961
5/2/2025,0.7375695306368276,0.399455787,0.417429167,0.736619656,0.398765374,0.417233301
5/3/2025,0.745879233,0.3987663668985498,0.4120131752716882,0.743923078,0.397489759,0.411719671
5/4/2025,0.7514058575043739,0.3916909786007282,0.40713508848964086,0.750755,0.391512966,0.406756227
5/5/2025,0.7659259465020885,0.395106634,0.4033137803565431,0.768053665,0.396556962,0.403025364
5/6/2025,0.7742940724481792,0.39874347998101384,0.40078459098857716,0.77499352,0.3989958,0.400497089
5/7/2025,0.785735636,0.4024485706377283,0.3996508280542709,0.785854517,0.40263403,0.399385791
5/8/2025,0.7930210212154938,0.4014124977920034,0.39931891778071327,0.792470452,0.401191253,0.399077788
5/9/2025,0.8059620652303541,0.3989418913243259,0.3989319652232278,0.804810046,0.398122047,0.398686592
5/10/2025,0.8083919112282782,0.3989656242724704,0.39887966934080377,0.806331285,0.397819284,0.398597661
5/11/2025,0.8087763870276827,0.3954720017086246,0.3985373661708288,0.805816285,0.39387901,0.398154575
5/12/2025,0.8019021593479421,0.39292205091858534,0.3976864410110822,0.798077209,0.390764513,0.397171245
5/13/2025,0.8019502852302689,0.3920649561945464,0.3971607198511406,0.797377274,0.389705085,0.39649401
5/14/2025,0.8494935459097436,0.4122867059608791,0.3981604236281423,0.843882761,0.409449836,0.397318623
5/15/2025,0.8685638436110251,0.4157673832592134,0.3995746377556622,0.861443689,0.411871303,0.398482659
5/16/2025,0.8697094284110093,0.4107307515533668,0.4003799923818375,0.861870474,0.406457083,0.399032067
5/17/2025,0.8753269409434437,0.40936591402348305,0.4011371028907613,0.86647073,0.404642523,0.399542978
5/18/2025,0.8764886997051439,0.40910955224079903,0.402381287,0.866695532,0.403838174,0.40042335
5/19/2025,0.8754479278504158,0.41768279446889145,0.40399386959542366,0.865513012,0.412228437,0.401542741
5/20/2025,0.8666624420277036,0.4223895539954764,0.405682875,0.856379335,0.416689651,0.402806588
5/21/2025,0.86192238,0.42626767454623415,0.40738423944706426,0.851519868,0.420603166,0.404090098
5/22/2025,0.8523413306424743,0.4272704663610057,0.409231237,0.841658206,0.42136875,0.405531347
5/23/2025,0.840077179,0.43216179848469205,0.4116040877134477,0.829267976,0.426368612,0.407548959
5/24/2025,0.833220138,0.43866009871318606,0.414439407,0.821898624,0.432521823,0.410027712
5/25/2025,0.8320787192064909,0.4446737446891991,0.41795381752925415,0.818200735,0.437056071,0.413111788
5/26/2025,0.8269909497667025,0.4480174857438997,0.4218892057310623,0.815084794,0.441393426,0.416728139
5/27/2025,0.8077429039627096,0.4403351949181769,0.4253370799256074,0.798041005,0.434876286,0.419954653
5/28/2025,0.7880088079201196,0.4331633437945824,0.4268282683423004,0.778638696,0.427720462,0.421259698
5/29/2025,0.7789885700049477,0.43305010071383154,0.42806274816048745,0.768262953,0.426635781,0.422314303
5/30/2025,0.7683878970414084,0.4301657108177748,0.4294509595365166,0.757322058,0.423372136,0.423522521
5/31/2025,0.7557364706710866,0.4302278878154277,0.4309411005216555,0.744794089,0.423482643,0.424868244
6/1/2025,0.7469692333019186,0.43029904236058586,0.4324546355302117,0.735760726,0.423525841,0.426274506
6/2/2025,0.7373477601297769,0.42931749853236956,0.4332856858204601,0.726294368,0.422632372,0.427017644
6/3/2025,0.7228451812357799,0.4297377883917698,0.43381055970590965,0.716022583,0.425535406,0.427649484
6/4/2025,0.6915552808795248,0.41967289752399534,0.43333950420432116,0.692677599,0.420387256,0.427634062
6/5/2025,0.6728182608755429,0.412189451,0.4322622888409886,0.669390608,0.410160071,0.426833442
6/6/2025,0.6431572838544214,0.4068399217874891,0.430453583,0.638495534,0.403854833,0.425225315
6/7/2025,0.625669244,0.40251318057898694,0.42787166063874565,0.620968841,0.399610449,0.422874502
6/8/2025,0.6124018604910646,0.40055723453166403,0.42472048134177887,0.607576091,0.39731884,0.420036129
6/9/2025,0.59918974175838835,0.3981578982063432,0.42115908223195336,0.594063631,0.394479446,0.41668513
6/10/2025,0.5865222038366041,0.3953564185208632,0.4179463124892881,0.581348901,0.39173254,0.413603434
6/11/2025,0.5700296627841845,0.3917065374064074,0.4149851120329899,0.56548943,0.388311475,0.410788506
6/12/2025,0.5536145149677127,0.38616121739963716,0.411635906,0.552239497,0.385062001,0.407818951
6/13/2025,0.5375230460482333,0.3804110870917738,0.40808200438726167,0.536995462,0.380125919,0.404729935
6/14/2025,0.5310666950975695,0.3820650999981319,0.4046418052574548,0.527421089,0.379165419,0.401564419
6/15/2025,0.5217781267430573,0.3804821581459105,0.401083456,0.518350489,0.37814609,0.398323008
6/16/2025,0.5241369164439209,0.3841773788989913,0.39785916212545097,0.521892024,0.382397038,0.395449056
6/17/2025,0.5254937641198311,0.3865396211145152,0.3947735787485042,0.525051257,0.38611805,0.39263353
6/18/2025,0.5269179709799034,0.3875746155536946,0.39248084432205416,0.527101152,0.387907451,0.390313544
6/19/2025,0.5311212715698256,0.3861880668024186,0.39062360257405904,0.531054775,0.386312512,0.388610147
6/20/2025,0.5346856094383482,0.38308381701456207,0.3889267379474214,0.535500074,0.383570794,0.387161287
6/21/2025,0.541930131,0.38213564316175014,0.38747119956047593,0.542556019,0.382309007,0.38592547
6/22/2025,0.5471956070597734,0.3796522746946584,0.38597798814354695,0.548020634,0.380641909,0.384734261
6/23/2025,0.5515054706647928,0.3780151287216727,0.38453921889464193,0.552365868,0.37835073,0.383582209
6/24/2025,0.5537327012271919,0.3748899468114399,0.38307732805825456,0.554773792,0.375629044,0.38243196
6/25/2025,0.5594224524819943,0.37131484922289637,0.38162077890228946,0.560480776,0.371888628,0.381258899
6/26/2025,0.5696215757400326,0.37207067654081005,0.3806143116980875,0.570710252,0.37277677,0.380381383
6/27/2025,0.5781589024711901,0.3713764240053818,0.3799689786204881,0.579115921,0.372197192,0.379815045
6/28/2025,0.5868997703375771,0.370953267,0.3791752762680493,0.588044176,0.371646727,0.379277996
6/29/2025,0.5936450029536813,0.369386349,0.3783827184916598,0.594786364,0.370447306,0.378728083
6/30/2025,0.6057156211804939,0.37104121686730607,0.37744442120368227,0.606572169,0.371604645,0.377957197
7/1/2025,NA,NA,NA,0.62111165,0.359557298,0.376060001
7/2/2025,NA,NA,NA,0.617538079,0.358490417,0.373958784
7/3/2025,NA,NA,NA,0.610019616,0.353740414,0.371632206
7/4/2025,NA,NA,NA,0.604056369,0.350323422,0.369257393
7/5/2025,NA,NA,NA,0.593022572,0.347031341,0.36673756
7/6/2025,NA,NA,NA,0.581772035,0.343886462,0.364112171
7/7/2025,NA,NA,NA,0.574963269,0.340626278,0.361417567
7/8/2025,NA,NA,NA,0.569991184,0.337256498,0.358676671
7/9/2025,NA,NA,NA,0.563430865,0.332655241,0.355874287
7/10/2025,NA,NA,NA,0.554827433,0.326543926,0.352571941
7/11/2025,NA,NA,NA,0.547453158,0.320685261,0.348892517
7/12/2025,NA,NA,NA,0.540058316,0.313631475,0.34474857
7/13/2025,NA,NA,NA,0.535949795,0.310946093,0.340498484
7/14/2025,NA,NA,NA,0.53387269,0.304618821,0.335713782
7/15/2025,NA,NA,NA,0.534236987,0.297558865,0.331285322
,,,,0.53920458,0.295240365,0.326767462
,,,,,,
,,,,,,
,,,,,,
6/30/2025,0.6057156211804939,0.37104121686730607,0.37744442120368227,,,
6/30/2025,0.606572169,0.371604645,0.377957197,,,
,,,,,,
,,,,,,
,,,,,,
,,,,,,
,,,,,,
,,,,-,,
,,,,-,,
,,,,-,,
,,,,-,,
,,,,-,,
,,,,-,,
,,,,-,,
,,,,-,,
,,,,-,,
,,,,-,,
,,,,-,,
,,,,-,,
,,,,-,,
,,,,-,,
,,,,-,,
,,,,-,,
,,,,-,,
,,,,-,,
,,,,-,,
,,,,-,,
,,,,-,,
,,,,-,,
,,,,-,,
,,,,-,,
,,,,-,,
,,,,-,,
,,,,-,,
,,,,-,,
,,,,-,,
,,,,-,,
,,,,-,,
,,,,-,,
,,,,-,,
,,,,-,,
,,,,-,,
,,,,-,,
,,,,-,,
,,,,-,,
,,,,-,,
,,,,-,,
,,,,-,,
,,,,-,,
,,,,-,,
,,,,-,,
,,,,-,,
,,,,-,,
,,,,-,,
,,,,-,,
,,,,-,,
,,,,-,,
,,,,-,,
,,,,-,,
,,,,-,,
,,,,-,,
,,,,-,,
,,,,-,,
,,,,-,,
,,,,-,,
,,,,-,,
,,,,-,,
,,,,-,,
,,,,-,,
,,,,-,,
,,,,-,,
,,,,-,,
,,,,-,,
,,,,-,,
,,,,-,,
,,,,-,,
,,,,-,,
,,,,-,,
,,,,-,,
,,,,-,,
,,,,-,,
,,,,-,,
,,,,-,,
,,,,-,,
,,,,-,,
,,,,-,,
,,,,-,,
,,,,-,,
,,,,-,,
,,,,-,,
,,,,-,,
,,,,-,,
,,,,-,,
,,,,-,,
,,,,-,,
,,,,-,,
,,,,-,,
,,,,-,,
,,,,-,,
