"index","Year","month","N34","normalized_CN34","PDO","normalized_pdo","combined_pdo_cn34","normalized_pdo_cn34","three_mta_normalized_PDO","three_mta_normalized_PDO_CN34","three_mta_normalized_PDO_lag_0","three_mta_normalized_PDO_CN34_lag_0"
"1979-01",1979,1,-0.13,0.62,-0.38,0.52,1.14,0.49,NA,NA,NA,NA
"1979-02",1979,2,-0.22,0.63,-1.29,0.18,0.81,0.2,NA,NA,NA,NA
"1979-03",1979,3,-0.02,0.58,-0.68,0.38,0.96,0.43,0.36,0.37,NA,NA
"1979-04",1979,4,0.02,0.51,-0.12,0.53,1.04,0.43,0.36,0.35,0.36,0.37
"1979-05",1979,5,-0.25,0.59,0.57,0.65,1.24,0.64,0.52,0.5,0.36,0.35
"1979-06",1979,6,-0.29,0.62,0.22,0.52,1.14,0.77,0.57,0.61,0.52,0.5
"1979-07",1979,7,-0.47,0.74,0.3,0.71,1.45,0.92,0.63,0.78,0.57,0.61
"1979-08",1979,8,-0.1,0.61,0.05,0.54,1.15,0.68,0.59,0.79,0.63,0.78
"1979-09",1979,9,0.28,0.51,0.88,0.81,1.32,0.7,0.69,0.77,0.59,0.79
"1979-10",1979,10,0.11,0.56,1.1,0.86,1.42,0.81,0.74,0.73,0.69,0.77
"1979-11",1979,11,0.29,0.56,0.58,0.8,1.36,0.7,0.82,0.74,0.74,0.73
"1979-12",1979,12,0.52,0.49,0.06,0.61,1.1,0.62,0.76,0.71,0.82,0.74
"1980-01",1980,1,0.54,0.47,0.06,0.63,1.1,0.45,0.68,0.59,0.76,0.71
"1980-02",1980,2,0.22,0.52,0.58,0.73,1.25,0.62,0.66,0.56,0.68,0.59
"1980-03",1980,3,0.03,0.56,0.62,0.74,1.3,0.74,0.7,0.6,0.66,0.56
"1980-04",1980,4,-0.07,0.55,0.78,0.76,1.31,0.69,0.74,0.68,0.7,0.6
"1980-05",1980,5,0.08,0.44,0.64,0.67,1.11,0.53,0.72,0.65,0.74,0.68
"1980-06",1980,6,0.21,0.41,-0.72,0.33,0.74,0.41,0.59,0.54,0.72,0.65
"1980-07",1980,7,-0.06,0.59,-0.21,0.58,1.17,0.64,0.53,0.53,0.59,0.54
"1980-08",1980,8,-0.38,0.7,0.08,0.55,1.25,0.78,0.49,0.61,0.53,0.53
"1980-09",1980,9,-0.28,0.65,-0.13,0.6,1.25,0.64,0.58,0.69,0.49,0.61
"1980-10",1980,10,-0.26,0.65,0.99,0.84,1.49,0.9,0.66,0.77,0.58,0.69
"1980-11",1980,11,-0.1,0.65,0.71,0.83,1.48,0.81,0.76,0.78,0.66,0.77
"1980-12",1980,12,0.05,0.59,0.3,0.66,1.25,0.76,0.78,0.82,0.76,0.78
"1981-01",1981,1,-0.36,0.68,1.18,0.92,1.6,0.94,0.8,0.84,0.78,0.82
"1981-02",1981,2,-0.64,0.74,1.24,0.92,1.66,1,0.83,0.9,0.8,0.84
"1981-03",1981,3,-0.64,0.8,1.22,0.91,1.71,1,0.92,0.98,0.83,0.9
"1981-04",1981,4,-0.53,0.75,1.07,0.83,1.58,0.95,0.89,0.98,0.92,0.98
"1981-05",1981,5,-0.57,0.74,1.29,0.81,1.55,0.91,0.85,0.95,0.89,0.98
"1981-06",1981,6,-0.46,0.69,1.82,0.85,1.54,1,0.83,0.95,0.85,0.95
"1981-07",1981,7,-0.64,0.81,0.82,0.83,1.64,1,0.83,0.97,0.83,0.95
"1981-08",1981,8,-0.53,0.74,-0.05,0.52,1.26,0.79,0.73,0.93,0.83,0.97
"1981-09",1981,9,-0.19,0.63,0.43,0.71,1.34,0.72,0.69,0.84,0.73,0.93
"1981-10",1981,10,-0.3,0.66,-0.09,0.62,1.28,0.62,0.62,0.71,0.69,0.84
"1981-11",1981,11,-0.41,0.72,0.54,0.79,1.51,0.84,0.71,0.73,0.62,0.71
"1981-12",1981,12,-0.2,0.65,0.59,0.72,1.37,0.87,0.71,0.78,0.71,0.73
"1982-01",1982,1,0.13,0.56,0.11,0.64,1.2,0.55,0.72,0.75,0.71,0.78
"1982-02",1982,2,-0.17,0.62,-0.19,0.5,1.12,0.49,0.62,0.64,0.72,0.75
"1982-03",1982,3,0.13,0.53,-0.37,0.47,1,0.46,0.54,0.5,0.62,0.64
"1982-04",1982,4,0.21,0.43,-0.7,0.39,0.82,0.22,0.45,0.39,0.54,0.5
"1982-05",1982,5,0.45,0.27,-1.21,0.25,0.52,0.01,0.37,0.23,0.45,0.39
"1982-06",1982,6,0.53,0.27,-0.99,0.28,0.55,0.23,0.31,0.15,0.37,0.23
"1982-07",1982,7,0.37,0.44,0.12,0.67,1.11,0.58,0.4,0.27,0.31,0.15
"1982-08",1982,8,0.73,0.36,-0.08,0.52,0.88,0.42,0.49,0.41,0.4,0.27
"1982-09",1982,9,1.49,0.19,0.51,0.73,0.92,0.37,0.64,0.46,0.49,0.41
"1982-10",1982,10,1.99,0.09,0.15,0.67,0.76,0,0.64,0.26,0.64,0.46
"1982-11",1982,11,1.92,0.18,-0.6,0.53,0.71,0.1,0.64,0.16,0.64,0.26
"1982-12",1982,12,2.2,0.1,0.16,0.63,0.73,0.28,0.61,0.13,0.64,0.16
"1983-01",1983,1,2.35,0.05,0.4,0.72,0.77,0.13,0.63,0.17,0.61,0.13
"1983-02",1983,2,1.94,0.08,0.97,0.84,0.92,0.3,0.73,0.24,0.63,0.17
"1983-03",1983,3,1.38,0.08,1.73,1,1.08,0.54,0.85,0.32,0.73,0.24
"1983-04",1983,4,0.95,0.11,1.26,0.88,0.99,0.39,0.91,0.41,0.85,0.32
"1983-05",1983,5,0.9,0.06,1.01,0.75,0.81,0.27,0.88,0.4,0.91,0.41
"1983-06",1983,6,0.54,0.27,1.9,0.87,1.14,0.77,0.83,0.48,0.88,0.4
"1983-07",1983,7,-0.11,0.61,2.47,1,1.61,1,0.87,0.68,0.83,0.48
"1983-08",1983,8,-0.27,0.66,1.18,0.78,1.44,0.96,0.88,0.91,0.87,0.68
"1983-09",1983,9,-0.52,0.72,0.47,0.72,1.44,0.8,0.83,0.92,0.88,0.91
"1983-10",1983,10,-1.16,0.87,0.68,0.78,1.65,1,0.76,0.92,0.83,0.92
"1983-11",1983,11,-1.29,0.92,1.19,0.93,1.85,1,0.81,0.93,0.76,0.92
"1983-12",1983,12,-1.03,0.84,1.72,0.97,1.81,1,0.89,1,0.81,0.93
"1984-01",1984,1,-0.67,0.75,1.42,0.98,1.73,1,0.96,1,0.89,1
"1984-02",1984,2,-0.19,0.62,1.23,0.92,1.54,0.9,0.96,0.97,0.96,1
"1984-03",1984,3,-0.52,0.76,1.56,1,1.76,1,0.97,0.97,0.96,0.97
"1984-04",1984,4,-0.68,0.81,1,0.81,1.62,0.99,0.91,0.96,0.97,0.97
"1984-05",1984,5,-0.73,0.81,0.87,0.72,1.53,0.9,0.84,0.96,0.91,0.96
"1984-06",1984,6,-0.9,0.88,-0.13,0.45,1.33,0.95,0.66,0.95,0.84,0.96
"1984-07",1984,7,-0.5,0.75,-0.35,0.55,1.3,0.77,0.57,0.87,0.66,0.95
"1984-08",1984,8,-0.24,0.65,0.01,0.54,1.19,0.72,0.51,0.81,0.57,0.87
"1984-09",1984,9,-0.34,0.67,0.18,0.66,1.33,0.71,0.58,0.73,0.51,0.81
"1984-10",1984,10,-0.67,0.75,0.43,0.72,1.47,0.87,0.64,0.77,0.58,0.73
"1984-11",1984,11,-1.19,0.9,0.54,0.79,1.69,1,0.72,0.86,0.64,0.77
"1984-12",1984,12,-1.34,0.91,0.48,0.7,1.61,1,0.74,0.96,0.72,0.86
"1985-01",1985,1,-1.16,0.86,0.87,0.84,1.7,1,0.78,1,0.74,0.96
"1985-02",1985,2,-0.72,0.76,0.48,0.7,1.46,0.82,0.75,0.94,0.78,1
"1985-03",1985,3,-0.79,0.85,-0.34,0.48,1.33,0.76,0.67,0.86,0.75,0.94
"1985-04",1985,4,-1.18,1,-0.52,0.43,1.43,0.81,0.54,0.8,0.67,0.86
"1985-05",1985,5,-1.03,0.95,-0.87,0.33,1.28,0.68,0.41,0.75,0.54,0.8
"1985-06",1985,6,-0.91,0.88,0.04,0.49,1.37,0.98,0.42,0.82,0.41,0.75
"1985-07",1985,7,-0.74,0.84,0.52,0.76,1.6,1,0.53,0.89,0.42,0.82
"1985-08",1985,8,-0.56,0.75,0.19,0.57,1.32,0.85,0.61,0.94,0.53,0.89
"1985-09",1985,9,-0.7,0.76,0.13,0.65,1.41,0.78,0.66,0.88,0.61,0.94
"1985-10",1985,10,-0.49,0.7,0.14,0.66,1.36,0.73,0.63,0.79,0.66,0.88
"1985-11",1985,11,-0.37,0.71,-0.65,0.52,1.23,0.58,0.61,0.7,0.63,0.79
"1985-12",1985,12,-0.41,0.7,0.33,0.67,1.37,0.87,0.62,0.73,0.61,0.7
"1986-01",1986,1,-0.66,0.74,1.04,0.88,1.62,0.96,0.69,0.8,0.62,0.73
"1986-02",1986,2,-0.71,0.76,1.47,0.99,1.75,1,0.85,0.94,0.69,0.8
"1986-03",1986,3,-0.42,0.72,1.68,1,1.72,1,0.96,0.99,0.85,0.94
"1986-04",1986,4,-0.33,0.66,1.21,0.87,1.53,0.9,0.95,0.97,0.96,0.99
"1986-05",1986,5,-0.53,0.72,0.85,0.71,1.43,0.81,0.86,0.9,0.95,0.97
"1986-06",1986,6,-0.31,0.63,0.62,0.61,1.24,0.87,0.73,0.86,0.86,0.9
"1986-07",1986,7,-0.11,0.61,1.05,0.89,1.5,0.97,0.74,0.88,0.73,0.86
"1986-08",1986,8,0.32,0.48,-0.19,0.49,0.97,0.51,0.66,0.78,0.74,0.88
"1986-09",1986,9,0.53,0.44,-0.03,0.62,1.06,0.48,0.67,0.65,0.66,0.78
"1986-10",1986,10,0.81,0.38,1,0.84,1.22,0.54,0.65,0.51,0.67,0.65
"1986-11",1986,11,1.01,0.39,1.68,1,1.39,0.73,0.82,0.58,0.65,0.51
"1986-12",1986,12,1.12,0.35,1.71,0.97,1.32,0.82,0.94,0.7,0.82,0.58
"1987-01",1987,1,1.14,0.33,1.47,0.99,1.32,0.67,0.99,0.74,0.94,0.7
"1987-02",1987,2,1.13,0.29,1.46,0.98,1.27,0.64,0.98,0.71,0.99,0.74
"1987-03",1987,3,0.98,0.23,1.35,0.94,1.17,0.62,0.97,0.64,0.98,0.71
"1987-04",1987,4,0.58,0.27,1.38,0.91,1.18,0.57,0.94,0.61,0.97,0.64
"1987-05",1987,5,0.62,0.19,0.82,0.71,0.9,0.34,0.85,0.51,0.94,0.61
"1987-06",1987,6,0.92,0.11,0.05,0.49,0.6,0.28,0.7,0.4,0.85,0.51
"1987-07",1987,7,1.29,0.1,1.38,0.97,1.07,0.54,0.72,0.39,0.7,0.4
"1987-08",1987,8,1.57,0.11,1.74,0.89,1,0.54,0.78,0.45,0.72,0.39
"1987-09",1987,9,1.65,0.15,1.44,0.92,1.07,0.49,0.93,0.52,0.78,0.45
"1987-10",1987,10,1.24,0.28,0.68,0.78,1.06,0.33,0.86,0.45,0.93,0.52
"1987-11",1987,11,1.07,0.38,0.93,0.88,1.26,0.61,0.86,0.48,0.86,0.45
"1987-12",1987,12,0.94,0.39,0.94,0.8,1.19,0.7,0.82,0.55,0.86,0.48
"1988-01",1988,1,0.9,0.38,0.23,0.67,1.05,0.41,0.78,0.57,0.82,0.55
"1988-02",1988,2,0.28,0.5,0.47,0.69,1.19,0.56,0.72,0.56,0.78,0.57
"1988-03",1988,3,0.1,0.54,0.49,0.7,1.24,0.68,0.69,0.55,0.72,0.56
"1988-04",1988,4,-0.44,0.71,0.34,0.65,1.36,0.74,0.68,0.66,0.69,0.55
"1988-05",1988,5,-1.25,1,0.37,0.6,1.6,0.96,0.65,0.79,0.68,0.66
"1988-06",1988,6,-1.74,1,0.21,0.52,1.52,1,0.59,0.9,0.65,0.79
"1988-07",1988,7,-1.74,1,-0.15,0.6,1.6,1,0.57,0.99,0.59,0.9
"1988-08",1988,8,-1.19,0.94,-0.88,0.35,1.29,0.82,0.49,0.94,0.57,0.99
"1988-09",1988,9,-1,0.84,-0.98,0.42,1.26,0.65,0.46,0.82,0.49,0.94
"1988-10",1988,10,-1.9,1,-0.36,0.56,1.56,0.99,0.44,0.82,0.46,0.82
"1988-11",1988,11,-2.05,1,-0.06,0.65,1.65,0.97,0.54,0.87,0.44,0.82
"1988-12",1988,12,-1.96,1,-0.14,0.56,1.56,1,0.59,0.99,0.54,0.87
"1989-01",1989,1,-1.97,1,-1.24,0.3,1.3,0.65,0.5,0.87,0.59,0.99
"1989-02",1989,2,-1.47,0.95,-1.45,0.13,1.08,0.46,0.33,0.7,0.5,0.87
"1989-03",1989,3,-1.21,1,-1.24,0.23,1.23,0.67,0.22,0.59,0.33,0.7
"1989-04",1989,4,-1.08,0.99,-0.32,0.48,1.47,0.85,0.28,0.66,0.22,0.59
"1989-05",1989,5,-0.88,0.88,-0.09,0.5,1.38,0.76,0.4,0.76,0.28,0.66
"1989-06",1989,6,-0.59,0.75,0.11,0.5,1.25,0.87,0.49,0.83,0.4,0.76
"1989-07",1989,7,-0.57,0.78,0.56,0.77,1.55,1,0.59,0.88,0.49,0.83
"1989-08",1989,8,-0.53,0.74,-0.44,0.44,1.18,0.71,0.57,0.86,0.59,0.88
"1989-09",1989,9,-0.3,0.66,-0.57,0.51,1.17,0.58,0.57,0.76,0.57,0.86
"1989-10",1989,10,-0.4,0.68,-0.51,0.53,1.21,0.53,0.49,0.61,0.57,0.76
"1989-11",1989,11,-0.45,0.73,-0.76,0.49,1.22,0.57,0.51,0.56,0.49,0.61
"1989-12",1989,12,-0.13,0.63,-0.1,0.57,1.2,0.71,0.53,0.6,0.51,0.56
"1990-01",1990,1,0.01,0.59,-0.42,0.51,1.1,0.45,0.52,0.58,0.53,0.6
"1990-02",1990,2,0.21,0.52,-1.28,0.18,0.7,0.09,0.42,0.42,0.52,0.58
"1990-03",1990,3,0.04,0.56,-1.24,0.23,0.79,0.27,0.31,0.27,0.42,0.42
"1990-04",1990,4,0.08,0.48,-0.15,0.52,1,0.4,0.31,0.25,0.31,0.27
"1990-05",1990,5,0.08,0.44,-0.32,0.45,0.89,0.34,0.4,0.34,0.31,0.25
"1990-06",1990,6,-0.08,0.53,-0.25,0.43,0.96,0.61,0.47,0.45,0.4,0.34
"1990-07",1990,7,0.09,0.54,-0.31,0.56,1.1,0.57,0.48,0.51,0.47,0.45
"1990-08",1990,8,0.22,0.52,-0.43,0.45,0.97,0.51,0.48,0.56,0.48,0.51
"1990-09",1990,9,0.22,0.52,-0.26,0.57,1.09,0.51,0.53,0.53,0.48,0.56
"1990-10",1990,10,0.21,0.53,-1.16,0.4,0.93,0.16,0.47,0.39,0.53,0.53
"1990-11",1990,11,0.1,0.6,-1.88,0.24,0.84,0.22,0.4,0.3,0.47,0.39
"1990-12",1990,12,0.35,0.53,-2.22,0.11,0.64,0.2,0.25,0.19,0.4,0.3
"1991-01",1991,1,0.49,0.48,-1.8,0.15,0.63,0,0.17,0.14,0.25,0.19
"1991-02",1991,2,0.32,0.49,-1.09,0.24,0.73,0.12,0.17,0.11,0.17,0.14
"1991-03",1991,3,0.03,0.56,-1.11,0.26,0.82,0.3,0.22,0.14,0.17,0.11
"1991-04",1991,4,0.19,0.44,-1.63,0.15,0.59,0,0.22,0.14,0.22,0.14
"1991-05",1991,5,0.26,0.36,-1.65,0.15,0.51,0,0.19,0.1,0.22,0.14
"1991-06",1991,6,0.52,0.28,-2.25,0.02,0.3,0,0.11,0,0.19,0.1
"1991-07",1991,7,0.76,0.29,-1.57,0.25,0.54,0.01,0.14,0,0.11,0
"1991-08",1991,8,0.68,0.38,-0.58,0.41,0.79,0.34,0.23,0.12,0.14,0
"1991-09",1991,9,0.42,0.47,0.37,0.7,1.17,0.58,0.45,0.31,0.23,0.12
"1991-10",1991,10,0.86,0.37,0.41,0.72,1.09,0.37,0.61,0.43,0.45,0.31
"1991-11",1991,11,1.2,0.35,0.56,0.79,1.14,0.5,0.74,0.48,0.61,0.43
"1991-12",1991,12,1.69,0.22,-0.21,0.55,0.77,0.32,0.69,0.4,0.74,0.48
"1992-01",1992,1,1.84,0.17,0.08,0.63,0.8,0.16,0.66,0.33,0.69,0.4
"1992-02",1992,2,1.78,0.12,0.17,0.61,0.73,0.12,0.6,0.2,0.66,0.33
"1992-03",1992,3,1.38,0.08,0.12,0.6,0.68,0.17,0.61,0.15,0.6,0.2
"1992-04",1992,4,1.2,0,0.55,0.7,0.7,0.11,0.64,0.13,0.61,0.15
"1992-05",1992,5,1.04,0,1.26,0.8,0.8,0.26,0.7,0.18,0.64,0.13
"1992-06",1992,6,0.58,0.25,1.22,0.73,0.98,0.63,0.74,0.33,0.7,0.18
"1992-07",1992,7,0.22,0.49,1.5,1,1.49,0.96,0.84,0.62,0.74,0.33
"1992-08",1992,8,0.05,0.57,0.85,0.71,1.28,0.81,0.81,0.8,0.84,0.62
"1992-09",1992,9,-0.06,0.6,0.45,0.72,1.32,0.7,0.81,0.82,0.81,0.8
"1992-10",1992,10,-0.3,0.66,1.28,0.9,1.56,0.99,0.78,0.83,0.81,0.82
"1992-11",1992,11,-0.28,0.69,1.31,0.96,1.65,0.97,0.86,0.89,0.78,0.83
"1992-12",1992,12,-0.15,0.64,0.33,0.67,1.31,0.82,0.84,0.93,0.86,0.89
"1993-01",1993,1,0.14,0.56,-0.28,0.54,1.1,0.45,0.72,0.75,0.84,0.93
"1993-02",1993,2,0.41,0.47,0.02,0.56,1.03,0.41,0.59,0.56,0.72,0.75
"1993-03",1993,3,0.39,0.43,0.24,0.64,1.07,0.53,0.58,0.46,0.59,0.56
"1993-04",1993,4,0.59,0.26,1,0.81,1.07,0.46,0.67,0.47,0.58,0.46
"1993-05",1993,5,0.78,0.12,1.79,0.92,1.04,0.47,0.79,0.49,0.67,0.47
"1993-06",1993,6,0.35,0.35,2.05,0.9,1.25,0.87,0.88,0.6,0.79,0.49
"1993-07",1993,7,0.23,0.49,1.48,1,1.49,0.96,0.94,0.77,0.88,0.6
"1993-08",1993,8,0.13,0.54,1.96,0.94,1.48,1,0.95,0.94,0.94,0.77
"1993-09",1993,9,0.35,0.49,1.15,0.86,1.35,0.73,0.93,0.9,0.95,0.94
"1993-10",1993,10,0.06,0.57,1.31,0.9,1.47,0.87,0.9,0.87,0.93,0.9
"1993-11",1993,11,0,0.62,1.13,0.92,1.54,0.87,0.89,0.82,0.9,0.87
"1993-12",1993,12,0.16,0.57,0.67,0.74,1.31,0.82,0.85,0.85,0.89,0.82
"1994-01",1994,1,0.1,0.57,0.85,0.83,1.4,0.75,0.83,0.81,0.85,0.85
"1994-02",1994,2,0.06,0.56,0.33,0.65,1.21,0.58,0.74,0.72,0.83,0.81
"1994-03",1994,3,0.11,0.53,0.27,0.64,1.17,0.62,0.71,0.65,0.74,0.72
"1994-04",1994,4,0.26,0.41,0.49,0.69,1.1,0.49,0.66,0.56,0.71,0.65
"1994-05",1994,5,0.31,0.33,0.55,0.64,0.97,0.41,0.66,0.51,0.66,0.56
"1994-06",1994,6,0.32,0.36,0.1,0.5,0.86,0.52,0.61,0.47,0.66,0.51
"1994-07",1994,7,0.24,0.48,-0.91,0.42,0.9,0.37,0.52,0.43,0.61,0.47
"1994-08",1994,8,0.53,0.42,-0.88,0.35,0.77,0.32,0.42,0.4,0.52,0.43
"1994-09",1994,9,0.48,0.45,-1.51,0.31,0.76,0.23,0.36,0.31,0.42,0.4
"1994-10",1994,10,0.75,0.4,-1.06,0.42,0.82,0.02,0.36,0.19,0.36,0.31
"1994-11",1994,11,1.11,0.37,-1.93,0.23,0.6,0,0.32,0.08,0.36,0.19
"1994-12",1994,12,1.25,0.32,-2.22,0.11,0.43,0,0.25,0.01,0.32,0.08
"1995-01",1995,1,1.02,0.36,-0.86,0.39,0.75,0.11,0.24,0.04,0.25,0.01
"1995-02",1995,2,0.73,0.39,0.02,0.56,0.95,0.33,0.35,0.15,0.24,0.04
"1995-03",1995,3,0.46,0.41,0.46,0.7,1.11,0.56,0.55,0.33,0.35,0.15
"1995-04",1995,4,0.28,0.4,0.49,0.69,1.09,0.48,0.65,0.46,0.55,0.33
"1995-05",1995,5,-0.11,0.53,0.89,0.72,1.25,0.65,0.7,0.56,0.65,0.46
"1995-06",1995,6,-0.14,0.56,1.03,0.69,1.25,0.87,0.7,0.67,0.7,0.56
"1995-07",1995,7,-0.21,0.65,1,0.88,1.53,1,0.76,0.84,0.7,0.67
"1995-08",1995,8,-0.63,0.77,-0.11,0.51,1.28,0.81,0.69,0.89,0.76,0.84
"1995-09",1995,9,-0.84,0.8,1.22,0.88,1.68,1,0.76,0.94,0.69,0.89
"1995-10",1995,10,-0.88,0.8,0.64,0.77,1.57,1,0.72,0.94,0.76,0.94
"1995-11",1995,11,-1.1,0.88,0.05,0.68,1.56,0.89,0.78,0.96,0.72,0.94
"1995-12",1995,12,-0.95,0.82,0.44,0.69,1.51,1,0.71,0.96,0.78,0.96
"1996-01",1996,1,-0.86,0.79,1.01,0.87,1.66,1,0.75,0.96,0.71,0.96
"1996-02",1996,2,-0.86,0.79,1.01,0.85,1.64,0.99,0.8,1,0.75,0.96
"1996-03",1996,3,-0.61,0.79,0.85,0.8,1.59,1,0.84,1,0.8,1
"1996-04",1996,4,-0.47,0.72,1.37,0.91,1.63,1,0.85,1,0.84,1
"1996-05",1996,5,-0.38,0.65,2.13,1,1.65,1,0.9,1,0.85,1
"1996-06",1996,6,-0.44,0.68,1.1,0.7,1.38,0.99,0.87,1,0.9,1
"1996-07",1996,7,-0.44,0.73,0.57,0.77,1.5,0.97,0.82,0.99,0.87,1
"1996-08",1996,8,-0.22,0.65,-0.66,0.4,1.05,0.59,0.62,0.85,0.82,0.99
"1996-09",1996,9,-0.45,0.7,0.07,0.64,1.34,0.72,0.6,0.76,0.62,0.85
"1996-10",1996,10,-0.44,0.69,0.4,0.72,1.41,0.79,0.59,0.7,0.6,0.76
"1996-11",1996,11,-0.41,0.72,0.38,0.75,1.47,0.81,0.7,0.77,0.59,0.7
"1996-12",1996,12,-0.64,0.75,-0.03,0.59,1.34,0.84,0.69,0.81,0.7,0.77
"1997-01",1997,1,-0.53,0.71,0.44,0.73,1.44,0.78,0.69,0.81,0.69,0.81
"1997-02",1997,2,-0.37,0.67,0.29,0.64,1.31,0.68,0.65,0.77,0.69,0.81
"1997-03",1997,3,-0.25,0.66,0.39,0.68,1.34,0.77,0.68,0.74,0.65,0.77
"1997-04",1997,4,0.16,0.45,0.73,0.75,1.2,0.59,0.69,0.68,0.68,0.74
"1997-05",1997,5,0.64,0.18,1.59,0.88,1.06,0.48,0.77,0.61,0.69,0.68
"1997-06",1997,6,1.09,0.04,2.55,1,1.04,0.68,0.88,0.58,0.77,0.61
"1997-07",1997,7,1.56,0,1.49,1,1,0.47,0.96,0.54,0.88,0.58
"1997-08",1997,8,1.89,0.01,2.27,1,1.01,0.55,1,0.57,0.96,0.54
"1997-09",1997,9,2.13,0.02,1.8,1,1.02,0.45,1,0.49,1,0.57
"1997-10",1997,10,2.36,0,1.78,1,1,0.25,1,0.42,1,0.49
"1997-11",1997,11,2.41,0.07,1.48,1,1.07,0.44,1,0.38,1,0.42
"1997-12",1997,12,2.29,0.08,0.99,0.81,0.89,0.43,0.94,0.37,1,0.38
"1998-01",1998,1,2.38,0.04,1.05,0.88,0.92,0.28,0.9,0.38,0.94,0.37
"1998-02",1998,2,2.03,0.06,1.52,1,1.06,0.44,0.9,0.38,0.9,0.38
"1998-03",1998,3,1.34,0.1,1.29,0.93,1.03,0.49,0.94,0.4,0.9,0.38
"1998-04",1998,4,0.78,0.18,0.03,0.57,0.75,0.16,0.83,0.36,0.94,0.4
"1998-05",1998,5,0.57,0.21,-0.83,0.33,0.54,0.03,0.61,0.23,0.83,0.36
"1998-06",1998,6,-0.39,0.66,-0.78,0.32,0.98,0.63,0.41,0.27,0.61,0.23
"1998-07",1998,7,-0.99,0.93,-1.16,0.35,1.28,0.75,0.33,0.47,0.41,0.27
"1998-08",1998,8,-1.28,0.97,-0.87,0.36,1.33,0.86,0.34,0.75,0.33,0.47
"1998-09",1998,9,-1.26,0.91,-1.7,0.27,1.18,0.58,0.33,0.73,0.34,0.75
"1998-10",1998,10,-1.46,0.94,-2.23,0.18,1.12,0.41,0.27,0.62,0.33,0.73
"1998-11",1998,11,-1.46,0.96,-0.97,0.45,1.41,0.75,0.3,0.58,0.27,0.62
"1998-12",1998,12,-1.69,0.99,-1.09,0.35,1.34,0.84,0.33,0.67,0.3,0.58
"1999-01",1999,1,-1.69,0.98,-0.78,0.41,1.39,0.74,0.4,0.78,0.33,0.67
"1999-02",1999,2,-1.32,0.91,-1.06,0.25,1.16,0.53,0.34,0.7,0.4,0.78
"1999-03",1999,3,-0.95,0.91,-1.18,0.24,1.15,0.6,0.3,0.62,0.34,0.7
"1999-04",1999,4,-1.11,1,-1.85,0.1,1.1,0.49,0.2,0.54,0.3,0.62
"1999-05",1999,5,-1.15,1,-2.32,0,1,0.43,0.11,0.51,0.2,0.54
"1999-06",1999,6,-1.19,1,-2.34,0,1,0.64,0.03,0.52,0.11,0.51
"1999-07",1999,7,-1.17,1,-1.87,0.18,1.18,0.65,0.06,0.57,0.03,0.52
"1999-08",1999,8,-1.22,0.95,-1.84,0.16,1.11,0.65,0.11,0.65,0.06,0.57
"1999-09",1999,9,-1.09,0.87,-2.24,0.16,1.03,0.46,0.17,0.59,0.11,0.65
"1999-10",1999,10,-1.23,0.89,-2.54,0.12,1.01,0.27,0.15,0.46,0.17,0.59
"1999-11",1999,11,-1.58,0.99,-2.18,0.17,1.16,0.52,0.15,0.42,0.15,0.46
"1999-12",1999,12,-1.74,1,-1.92,0.17,1.17,0.69,0.15,0.49,0.15,0.42
"2000-01",2000,1,-1.77,1,-2.2,0.05,1.05,0.41,0.13,0.54,0.15,0.49
"2000-02",2000,2,-1.55,0.97,-1.28,0.18,1.15,0.52,0.13,0.54,0.13,0.54
"2000-03",2000,3,-0.98,0.92,-0.66,0.39,1.31,0.74,0.21,0.56,0.13,0.54
"2000-04",2000,4,-0.87,0.9,-0.63,0.4,1.3,0.68,0.32,0.65,0.21,0.56
"2000-05",2000,5,-0.86,0.87,-0.81,0.34,1.21,0.62,0.38,0.68,0.32,0.65
"2000-06",2000,6,-0.79,0.83,-0.64,0.35,1.18,0.81,0.36,0.7,0.38,0.68
"2000-07",2000,7,-0.67,0.82,-1.51,0.27,1.09,0.56,0.32,0.66,0.36,0.7
"2000-08",2000,8,-0.49,0.73,-1.68,0.19,0.92,0.46,0.27,0.61,0.32,0.66
"2000-09",2000,9,-0.52,0.72,-1.45,0.32,1.04,0.47,0.26,0.5,0.27,0.61
"2000-10",2000,10,-0.7,0.76,-1.61,0.31,1.07,0.35,0.27,0.43,0.26,0.5
"2000-11",2000,11,-0.79,0.81,-1.04,0.43,1.24,0.59,0.35,0.47,0.27,0.43
"2000-12",2000,12,-0.92,0.81,0,0.59,1.4,0.9,0.44,0.61,0.35,0.47
"2001-01",2001,1,-0.73,0.76,0.48,0.74,1.5,0.84,0.59,0.78,0.44,0.61
"2001-02",2001,2,-0.63,0.74,-0.01,0.55,1.29,0.66,0.63,0.8,0.59,0.78
"2001-03",2001,3,-0.48,0.74,-0.41,0.46,1.2,0.64,0.58,0.71,0.63,0.8
"2001-04",2001,4,-0.49,0.73,-1.18,0.26,0.99,0.39,0.42,0.56,0.58,0.71
"2001-05",2001,5,-0.34,0.63,-1.12,0.27,0.9,0.34,0.33,0.46,0.42,0.56
"2001-06",2001,6,-0.19,0.58,-1.22,0.23,0.81,0.47,0.25,0.4,0.33,0.46
"2001-07",2001,7,-0.04,0.59,-2.21,0.1,0.69,0.16,0.2,0.32,0.25,0.4
"2001-08",2001,8,-0.05,0.6,-1.68,0.19,0.79,0.34,0.17,0.32,0.2,0.32
"2001-09",2001,9,-0.2,0.63,-1.98,0.21,0.84,0.3,0.17,0.27,0.17,0.32
"2001-10",2001,10,-0.14,0.62,-1.91,0.25,0.87,0.08,0.22,0.24,0.17,0.27
"2001-11",2001,11,-0.37,0.71,-1.25,0.38,1.09,0.45,0.28,0.28,0.22,0.24
"2001-12",2001,12,-0.41,0.7,-1.12,0.35,1.05,0.58,0.33,0.37,0.28,0.28
"2002-01",2002,1,-0.15,0.63,-0.42,0.51,1.14,0.49,0.41,0.51,0.33,0.37
"2002-02",2002,2,-0.04,0.59,-1.51,0.12,0.71,0.1,0.33,0.39,0.41,0.51
"2002-03",2002,3,0.01,0.57,-1.27,0.22,0.79,0.27,0.28,0.29,0.33,0.39
"2002-04",2002,4,0.02,0.51,-1.23,0.25,0.76,0.16,0.2,0.18,0.28,0.29
"2002-05",2002,5,0.31,0.33,-1.3,0.23,0.56,0.05,0.23,0.16,0.2,0.18
"2002-06",2002,6,0.72,0.19,-1.18,0.24,0.43,0.12,0.24,0.11,0.23,0.16
"2002-07",2002,7,0.74,0.3,-0.71,0.46,0.76,0.23,0.31,0.13,0.24,0.11
"2002-08",2002,8,0.87,0.32,0.11,0.56,0.88,0.42,0.42,0.26,0.31,0.13
"2002-09",2002,9,1.09,0.29,-0.21,0.58,0.87,0.32,0.53,0.32,0.42,0.26
"2002-10",2002,10,1.25,0.27,-0.2,0.6,0.87,0.08,0.58,0.27,0.53,0.32
"2002-11",2002,11,1.47,0.29,1.08,0.91,1.2,0.56,0.7,0.32,0.58,0.27
"2002-12",2002,12,1.37,0.29,1.57,0.94,1.23,0.74,0.82,0.46,0.7,0.32
"2003-01",2003,1,0.6,0.45,1.45,0.98,1.43,0.77,0.94,0.69,0.82,0.46
"2003-02",2003,2,0.64,0.41,1.23,0.92,1.33,0.7,0.95,0.74,0.94,0.69
"2003-03",2003,3,0.36,0.45,1.01,0.85,1.3,0.74,0.92,0.74,0.95,0.74
"2003-04",2003,4,-0.14,0.58,0.36,0.65,1.23,0.62,0.81,0.69,0.92,0.74
"2003-05",2003,5,-0.61,0.75,0.21,0.57,1.32,0.71,0.69,0.69,0.81,0.69
"2003-06",2003,6,-0.29,0.62,-0.42,0.39,1.01,0.65,0.54,0.66,0.69,0.69
"2003-07",2003,7,0.21,0.49,0.37,0.73,1.22,0.69,0.56,0.68,0.54,0.66
"2003-08",2003,8,0.26,0.5,0.63,0.66,1.16,0.69,0.59,0.68,0.56,0.68
"2003-09",2003,9,0.27,0.51,-0.17,0.59,1.1,0.52,0.66,0.63,0.59,0.68
"2003-10",2003,10,0.42,0.48,0.74,0.79,1.27,0.61,0.68,0.61,0.66,0.63
"2003-11",2003,11,0.33,0.55,-0.23,0.61,1.16,0.52,0.66,0.55,0.68,0.61
"2003-12",2003,12,0.43,0.51,-0.6,0.46,0.97,0.5,0.62,0.54,0.66,0.55
"2004-01",2004,1,0.27,0.53,-0.55,0.47,1,0.36,0.51,0.46,0.62,0.54
"2004-02",2004,2,0.23,0.52,-0.21,0.5,1.02,0.4,0.48,0.42,0.51,0.46
"2004-03",2004,3,0.12,0.53,-0.15,0.53,1.06,0.52,0.5,0.43,0.48,0.42
"2004-04",2004,4,0.07,0.49,0,0.56,1.05,0.44,0.53,0.45,0.5,0.43
"2004-05",2004,5,0.06,0.45,0.61,0.66,1.11,0.53,0.58,0.5,0.53,0.45
"2004-06",2004,6,0.13,0.44,-0.11,0.46,0.9,0.55,0.56,0.51,0.58,0.5
"2004-07",2004,7,0.49,0.39,0.04,0.65,1.04,0.51,0.59,0.53,0.56,0.51
"2004-08",2004,8,0.76,0.35,0.24,0.58,0.93,0.47,0.56,0.51,0.59,0.53
"2004-09",2004,9,0.81,0.37,0.02,0.63,1,0.43,0.62,0.47,0.56,0.51
"2004-10",2004,10,0.73,0.4,-0.72,0.49,0.89,0.11,0.57,0.34,0.62,0.47
"2004-11",2004,11,0.66,0.47,-1.22,0.39,0.86,0.24,0.5,0.26,0.57,0.34
"2004-12",2004,12,0.74,0.44,-0.64,0.45,0.89,0.43,0.44,0.26,0.5,0.26
"2005-01",2005,1,0.66,0.44,-0.15,0.58,1.02,0.38,0.47,0.35,0.44,0.26
"2005-02",2005,2,0.36,0.48,-0.01,0.55,1.03,0.41,0.53,0.41,0.47,0.35
"2005-03",2005,3,0.45,0.41,0.7,0.76,1.17,0.62,0.63,0.47,0.53,0.41
"2005-04",2005,4,0.26,0.41,0.28,0.63,1.04,0.43,0.65,0.49,0.63,0.47
"2005-05",2005,5,0.3,0.34,1.36,0.83,1.17,0.58,0.74,0.54,0.65,0.49
"2005-06",2005,6,0.04,0.48,0.85,0.65,1.13,0.76,0.7,0.59,0.74,0.54
"2005-07",2005,7,-0.23,0.66,0.11,0.66,1.32,0.79,0.71,0.71,0.7,0.59
"2005-08",2005,8,-0.05,0.6,-0.42,0.45,1.05,0.59,0.59,0.71,0.71,0.71
"2005-09",2005,9,-0.04,0.59,-0.99,0.42,1.01,0.44,0.51,0.61,0.59,0.71
"2005-10",2005,10,-0.06,0.6,-2,0.23,0.83,0.03,0.37,0.35,0.51,0.61
"2005-11",2005,11,-0.59,0.76,-1.89,0.24,1,0.37,0.3,0.28,0.37,0.35
"2005-12",2005,12,-0.92,0.81,-0.1,0.57,1.38,0.88,0.35,0.43,0.3,0.28
"2006-01",2006,1,-0.91,0.8,0.54,0.75,1.55,0.89,0.52,0.71,0.35,0.43
"2006-02",2006,2,-0.67,0.75,0.38,0.67,1.42,0.78,0.66,0.85,0.52,0.71
"2006-03",2006,3,-0.71,0.82,-0.74,0.36,1.18,0.63,0.59,0.77,0.66,0.85
"2006-04",2006,4,-0.32,0.66,-0.54,0.43,1.09,0.48,0.49,0.63,0.59,0.77
"2006-05",2006,5,-0.09,0.52,-0.37,0.44,0.96,0.4,0.41,0.5,0.49,0.63
"2006-06",2006,6,0,0.5,0.21,0.52,1.02,0.66,0.46,0.51,0.41,0.5
"2006-07",2006,7,0.01,0.57,0.39,0.73,1.3,0.77,0.56,0.61,0.46,0.51
"2006-08",2006,8,0.31,0.49,-0.85,0.36,0.85,0.39,0.54,0.61,0.56,0.61
"2006-09",2006,9,0.6,0.42,-1.54,0.3,0.72,0.2,0.46,0.45,0.54,0.61
"2006-10",2006,10,0.7,0.41,-0.46,0.54,0.95,0.19,0.4,0.26,0.46,0.45
"2006-11",2006,11,0.99,0.4,-0.81,0.48,0.88,0.26,0.44,0.22,0.4,0.26
"2006-12",2006,12,1.14,0.35,-0.42,0.5,0.85,0.39,0.51,0.28,0.44,0.22
"2007-01",2007,1,0.7,0.43,-0.69,0.44,0.87,0.23,0.47,0.29,0.51,0.28
"2007-02",2007,2,0.13,0.54,-0.71,0.35,0.89,0.27,0.43,0.3,0.47,0.29
"2007-03",2007,3,-0.18,0.64,-1.1,0.27,0.91,0.38,0.35,0.29,0.43,0.3
"2007-04",2007,4,-0.32,0.66,-0.46,0.45,1.11,0.5,0.36,0.38,0.35,0.29
"2007-05",2007,5,-0.47,0.69,-0.29,0.46,1.15,0.56,0.39,0.48,0.36,0.38
"2007-06",2007,6,-0.35,0.65,-0.07,0.46,1.11,0.75,0.46,0.6,0.39,0.48
"2007-07",2007,7,-0.59,0.79,0.43,0.74,1.53,1,0.55,0.77,0.46,0.6
"2007-08",2007,8,-0.72,0.8,0.09,0.55,1.35,0.88,0.58,0.88,0.55,0.77
"2007-09",2007,9,-1.11,0.87,-0.97,0.42,1.29,0.68,0.57,0.85,0.58,0.88
"2007-10",2007,10,-1.39,0.93,-2.33,0.16,1.09,0.37,0.38,0.64,0.57,0.85
"2007-11",2007,11,-1.54,0.98,-1.46,0.34,1.32,0.67,0.31,0.57,0.38,0.64
"2007-12",2007,12,-1.58,0.96,-0.87,0.4,1.36,0.86,0.3,0.63,0.31,0.57
"2008-01",2008,1,-1.68,0.98,-1.5,0.23,1.21,0.56,0.32,0.7,0.3,0.63
"2008-02",2008,2,-1.67,1,-1.46,0.13,1.13,0.5,0.25,0.64,0.32,0.7
"2008-03",2008,3,-1.21,1,-1.26,0.22,1.22,0.66,0.19,0.57,0.25,0.64
"2008-04",2008,4,-0.99,0.95,-1.79,0.11,1.06,0.45,0.15,0.54,0.19,0.57
"2008-05",2008,5,-0.84,0.86,-1.62,0.16,1.02,0.45,0.16,0.52,0.15,0.54
"2008-06",2008,6,-0.68,0.78,-1.85,0.1,0.88,0.53,0.12,0.48,0.16,0.52
"2008-07",2008,7,-0.3,0.68,-1.96,0.16,0.84,0.31,0.14,0.43,0.12,0.48
"2008-08",2008,8,-0.13,0.62,-1.85,0.15,0.77,0.32,0.14,0.39,0.14,0.43
"2008-09",2008,9,-0.25,0.65,-1.87,0.23,0.88,0.33,0.18,0.32,0.14,0.39
"2008-10",2008,10,-0.35,0.67,-1.9,0.25,0.92,0.15,0.21,0.27,0.18,0.32
"2008-11",2008,11,-0.46,0.73,-1.59,0.31,1.04,0.41,0.26,0.3,0.21,0.27
"2008-12",2008,12,-0.86,0.8,-1.31,0.31,1.11,0.63,0.29,0.4,0.26,0.3
"2009-01",2009,1,-0.89,0.8,-1.81,0.15,0.95,0.31,0.26,0.45,0.29,0.4
"2009-02",2009,2,-0.79,0.78,-1.78,0.04,0.82,0.21,0.17,0.38,0.26,0.45
"2009-03",2009,3,-0.69,0.82,-2.06,0,0.82,0.3,0.06,0.27,0.17,0.38
"2009-04",2009,4,-0.35,0.67,-2.23,0,0.67,0.08,0.01,0.2,0.06,0.27
"2009-05",2009,5,0.06,0.45,-1.32,0.22,0.67,0.14,0.07,0.17,0.01,0.2
"2009-06",2009,6,0.31,0.37,-0.73,0.33,0.7,0.37,0.18,0.2,0.07,0.17
"2009-07",2009,7,0.48,0.4,-0.71,0.46,0.86,0.33,0.34,0.28,0.18,0.2
"2009-08",2009,8,0.56,0.41,-0.49,0.43,0.84,0.39,0.41,0.36,0.34,0.28
"2009-09",2009,9,0.68,0.4,0.33,0.69,1.09,0.51,0.53,0.41,0.41,0.36
"2009-10",2009,10,0.89,0.36,-0.13,0.61,0.97,0.21,0.58,0.37,0.53,0.41
"2009-11",2009,11,1.46,0.29,-0.94,0.45,0.74,0.13,0.58,0.28,0.58,0.37
"2009-12",2009,12,1.74,0.21,-0.51,0.48,0.69,0.24,0.51,0.19,0.58,0.28
"2010-01",2010,1,1.52,0.24,0.05,0.63,0.87,0.23,0.52,0.2,0.51,0.19
"2010-02",2010,2,1.25,0.26,0.25,0.63,0.89,0.27,0.58,0.25,0.52,0.2
"2010-03",2010,3,0.9,0.25,-0.16,0.52,0.77,0.26,0.59,0.25,0.58,0.25
"2010-04",2010,4,0.38,0.35,-0.04,0.55,0.9,0.3,0.57,0.28,0.59,0.25
"2010-05",2010,5,-0.22,0.58,-0.18,0.48,1.06,0.48,0.52,0.35,0.57,0.28
"2010-06",2010,6,-0.69,0.79,-0.79,0.32,1.11,0.75,0.45,0.51,0.52,0.35
"2010-07",2010,7,-1.07,0.96,-1.99,0.15,1.11,0.58,0.32,0.6,0.45,0.51
"2010-08",2010,8,-1.39,1,-2.21,0.08,1.08,0.62,0.18,0.65,0.32,0.6
"2010-09",2010,9,-1.6,1,-2.45,0.11,1.11,0.53,0.11,0.58,0.18,0.65
"2010-10",2010,10,-1.69,1,-1.6,0.31,1.31,0.66,0.17,0.6,0.11,0.58
"2010-11",2010,11,-1.64,1,-1.57,0.31,1.31,0.66,0.24,0.62,0.17,0.6
"2010-12",2010,12,-1.6,0.97,-2.04,0.15,1.12,0.64,0.26,0.65,0.24,0.62
"2011-01",2011,1,-1.54,0.95,-1.8,0.15,1.1,0.45,0.2,0.58,0.26,0.65
"2011-02",2011,2,-1.11,0.86,-1.46,0.13,0.99,0.37,0.14,0.49,0.2,0.58
"2011-03",2011,3,-0.93,0.9,-1.28,0.22,1.12,0.57,0.17,0.46,0.14,0.49
"2011-04",2011,4,-0.77,0.85,-1.02,0.3,1.15,0.54,0.22,0.49,0.17,0.46
"2011-05",2011,5,-0.52,0.71,-0.66,0.37,1.08,0.5,0.3,0.54,0.22,0.49
"2011-06",2011,6,-0.38,0.66,-1.08,0.26,0.92,0.57,0.31,0.54,0.3,0.54
"2011-07",2011,7,-0.43,0.73,-2.3,0.08,0.81,0.28,0.24,0.45,0.31,0.54
"2011-08",2011,8,-0.65,0.78,-2.37,0.05,0.83,0.38,0.13,0.41,0.24,0.45
"2011-09",2011,9,-0.8,0.79,-2.5,0.1,0.89,0.34,0.08,0.33,0.13,0.41
"2011-10",2011,10,-1.05,0.84,-1.92,0.24,1.08,0.36,0.13,0.36,0.08,0.33
"2011-11",2011,11,-1.19,0.9,-2.95,0,0.9,0.28,0.11,0.33,0.13,0.36
"2011-12",2011,12,-1.06,0.85,-2.4,0.07,0.92,0.45,0.1,0.36,0.11,0.33
"2012-01",2012,1,-0.87,0.79,-1.85,0.14,0.93,0.29,0.07,0.34,0.1,0.36
"2012-02",2012,2,-0.67,0.75,-1.35,0.16,0.91,0.29,0.12,0.34,0.07,0.34
"2012-03",2012,3,-0.61,0.79,-1.66,0.11,0.9,0.37,0.14,0.32,0.12,0.34
"2012-04",2012,4,-0.5,0.74,-1.01,0.31,1.05,0.44,0.19,0.37,0.14,0.32
"2012-05",2012,5,-0.32,0.62,-2.12,0.04,0.66,0.13,0.15,0.31,0.19,0.37
"2012-06",2012,6,0.02,0.49,-1.63,0.15,0.64,0.31,0.17,0.29,0.15,0.31
"2012-07",2012,7,0.25,0.48,-2.4,0.05,0.53,0,0.08,0.15,0.17,0.29
"2012-08",2012,8,0.47,0.44,-2.6,0,0.44,0,0.07,0.1,0.08,0.15
"2012-09",2012,9,0.38,0.48,-2.99,0,0.48,0,0.02,0,0.07,0.1
"2012-10",2012,10,0.26,0.52,-1.22,0.39,0.91,0.13,0.13,0.04,0.02,0
"2012-11",2012,11,0.16,0.59,-0.66,0.52,1.11,0.47,0.3,0.2,0.13,0.04
"2012-12",2012,12,-0.25,0.66,-1.31,0.31,0.97,0.5,0.41,0.37,0.3,0.2
"2013-01",2013,1,-0.53,0.71,-1.1,0.33,1.04,0.4,0.39,0.46,0.41,0.37
"2013-02",2013,2,-0.52,0.71,-1.42,0.14,0.85,0.23,0.26,0.38,0.39,0.46
"2013-03",2013,3,-0.25,0.66,-1.48,0.16,0.82,0.3,0.21,0.31,0.26,0.38
"2013-04",2013,4,-0.25,0.63,-0.72,0.38,1.01,0.4,0.23,0.31,0.21,0.31
"2013-05",2013,5,-0.4,0.66,-0.4,0.43,1.09,0.51,0.32,0.4,0.23,0.31
"2013-06",2013,6,-0.42,0.68,-1.19,0.24,0.92,0.57,0.35,0.49,0.32,0.4
"2013-07",2013,7,-0.39,0.71,-1.34,0.31,1.02,0.49,0.33,0.52,0.35,0.49
"2013-08",2013,8,-0.38,0.7,-1.56,0.21,0.91,0.45,0.25,0.5,0.33,0.52
"2013-09",2013,9,-0.18,0.63,-1,0.42,1.05,0.48,0.31,0.47,0.25,0.5
"2013-10",2013,10,-0.2,0.63,-1.65,0.3,0.93,0.16,0.31,0.36,0.31,0.47
"2013-11",2013,11,-0.14,0.66,-1.09,0.42,1.08,0.44,0.38,0.36,0.31,0.36
"2013-12",2013,12,-0.17,0.64,-1.04,0.37,1.01,0.54,0.36,0.38,0.38,0.36
"2014-01",2014,1,-0.49,0.71,-0.57,0.47,1.18,0.53,0.42,0.5,0.36,0.38
"2014-02",2014,2,-0.62,0.73,-0.42,0.43,1.16,0.53,0.42,0.53,0.42,0.5
"2014-03",2014,3,-0.28,0.67,0.3,0.65,1.32,0.75,0.52,0.6,0.42,0.53
"2014-04",2014,4,0.08,0.48,0.36,0.65,1.13,0.52,0.58,0.6,0.52,0.6
"2014-05",2014,5,0.32,0.33,1.27,0.81,1.14,0.55,0.7,0.61,0.58,0.6
"2014-06",2014,6,0.23,0.4,-0.28,0.42,0.82,0.48,0.63,0.52,0.7,0.61
"2014-07",2014,7,-0.06,0.59,0.25,0.7,1.29,0.76,0.64,0.6,0.63,0.52
"2014-08",2014,8,-0.03,0.59,0.34,0.6,1.19,0.72,0.57,0.65,0.64,0.6
"2014-09",2014,9,0.29,0.5,0.76,0.78,1.28,0.67,0.69,0.72,0.57,0.65
"2014-10",2014,10,0.44,0.47,1.43,0.93,1.4,0.78,0.77,0.72,0.69,0.72
"2014-11",2014,11,0.75,0.45,1.35,0.97,1.42,0.76,0.89,0.74,0.77,0.72
"2014-12",2014,12,0.71,0.44,1.86,1,1.44,0.94,0.97,0.83,0.89,0.74
"2015-01",2015,1,0.51,0.47,1.51,1,1.47,0.81,0.99,0.84,0.97,0.83
"2015-02",2015,2,0.42,0.47,1.52,1,1.47,0.83,1,0.86,0.99,0.84
"2015-03",2015,3,0.47,0.41,1.33,0.94,1.35,0.78,0.98,0.81,1,0.86
"2015-04",2015,4,0.7,0.22,0.9,0.79,1.01,0.4,0.91,0.67,0.98,0.81
"2015-05",2015,5,0.92,0.05,0.32,0.59,0.64,0.12,0.77,0.43,0.91,0.67
"2015-06",2015,6,1.18,0,0.82,0.65,0.65,0.32,0.68,0.28,0.77,0.43
"2015-07",2015,7,1.46,0.04,1.41,0.98,1.02,0.49,0.74,0.31,0.68,0.28
"2015-08",2015,8,1.93,0,0.98,0.74,0.74,0.29,0.79,0.37,0.74,0.31
"2015-09",2015,9,2.21,0,0.97,0.83,0.83,0.29,0.85,0.36,0.79,0.37
"2015-10",2015,10,2.36,0,0.84,0.81,0.81,0,0.79,0.19,0.85,0.36
"2015-11",2015,11,2.72,0,0.17,0.7,0.7,0.09,0.78,0.13,0.79,0.19
"2015-12",2015,12,2.66,0,0.29,0.66,0.66,0.21,0.72,0.1,0.78,0.13
"2016-01",2016,1,2.57,0,0.75,0.81,0.81,0.17,0.72,0.16,0.72,0.1
"2016-02",2016,2,2.26,0,1.29,0.93,0.93,0.31,0.8,0.23,0.72,0.16
"2016-03",2016,3,1.62,0,1.56,1,1,0.46,0.91,0.31,0.8,0.23
"2016-04",2016,4,0.91,0.13,1.74,1,1.13,0.52,0.98,0.43,0.91,0.31
"2016-05",2016,5,0.3,0.34,1.6,0.88,1.22,0.62,0.96,0.53,0.98,0.43
"2016-06",2016,6,-0.03,0.51,0.87,0.66,1.17,0.8,0.85,0.65,0.96,0.53
"2016-07",2016,7,-0.48,0.75,0.57,0.77,1.52,0.99,0.77,0.8,0.85,0.65
"2016-08",2016,8,-0.58,0.76,-0.63,0.4,1.16,0.69,0.61,0.83,0.77,0.8
"2016-09",2016,9,-0.58,0.73,-0.8,0.46,1.19,0.59,0.54,0.76,0.61,0.83
"2016-10",2016,10,-0.74,0.77,-0.43,0.55,1.32,0.67,0.47,0.65,0.54,0.76
"2016-11",2016,11,-0.76,0.8,0.96,0.88,1.68,1,0.63,0.75,0.47,0.65
"2016-12",2016,12,-0.5,0.72,0.61,0.73,1.45,0.94,0.72,0.87,0.63,0.75
"2017-01",2017,1,-0.43,0.69,-0.06,0.6,1.29,0.64,0.74,0.86,0.72,0.87
"2017-02",2017,2,-0.08,0.6,-0.02,0.55,1.15,0.52,0.63,0.7,0.74,0.86
"2017-03",2017,3,0.03,0.56,0.1,0.6,1.16,0.61,0.58,0.59,0.63,0.7
"2017-04",2017,4,0.22,0.42,0.56,0.7,1.12,0.51,0.62,0.55,0.58,0.59
"2017-05",2017,5,0.37,0.31,0.45,0.62,0.93,0.37,0.64,0.5,0.62,0.55
"2017-06",2017,6,0.34,0.35,0.33,0.55,0.9,0.55,0.62,0.48,0.64,0.5
"2017-07",2017,7,0.25,0.48,-0.45,0.53,1.01,0.48,0.57,0.47,0.62,0.48
"2017-08",2017,8,-0.16,0.63,-0.63,0.4,1.03,0.57,0.49,0.53,0.57,0.47
"2017-09",2017,9,-0.43,0.69,-0.2,0.58,1.27,0.66,0.5,0.57,0.49,0.53
"2017-10",2017,10,-0.56,0.72,-0.68,0.5,1.22,0.54,0.49,0.59,0.5,0.57
"2017-11",2017,11,-0.97,0.85,-0.6,0.53,1.38,0.72,0.54,0.64,0.49,0.59
"2017-12",2017,12,-0.98,0.83,-0.03,0.59,1.42,0.92,0.54,0.73,0.54,0.64
"2018-01",2018,1,-0.98,0.82,0.38,0.71,1.53,0.87,0.61,0.84,0.54,0.73
"2018-02",2018,2,-0.78,0.77,-0.09,0.53,1.3,0.67,0.61,0.82,0.61,0.84
"2018-03",2018,3,-0.8,0.86,-0.72,0.37,1.23,0.67,0.54,0.74,0.61,0.82
"2018-04",2018,4,-0.51,0.74,-0.82,0.36,1.1,0.49,0.42,0.61,0.54,0.74
"2018-05",2018,5,-0.2,0.57,-0.45,0.42,0.99,0.42,0.38,0.53,0.42,0.61
"2018-06",2018,6,0.04,0.48,-0.66,0.34,0.82,0.48,0.37,0.46,0.38,0.53
"2018-07",2018,7,0.12,0.53,-0.01,0.63,1.16,0.63,0.46,0.51,0.37,0.46
"2018-08",2018,8,0.09,0.55,-0.24,0.48,1.03,0.57,0.48,0.56,0.46,0.51
"2018-09",2018,9,0.47,0.46,-0.35,0.55,1.01,0.44,0.55,0.55,0.48,0.56
"2018-10",2018,10,0.9,0.36,-0.58,0.52,0.88,0.1,0.52,0.37,0.55,0.55
"2018-11",2018,11,0.9,0.42,-0.7,0.51,0.93,0.31,0.53,0.28,0.52,0.37
"2018-12",2018,12,0.89,0.4,-0.21,0.55,0.95,0.48,0.53,0.3,0.53,0.28
"2019-01",2019,1,0.65,0.44,-0.34,0.53,0.97,0.33,0.53,0.37,0.53,0.3
"2019-02",2019,2,0.71,0.39,-0.72,0.35,0.74,0.13,0.48,0.31,0.53,0.37
"2019-03",2019,3,0.81,0.29,-0.4,0.46,0.75,0.24,0.45,0.23,0.48,0.31
"2019-04",2019,4,0.62,0.25,0.09,0.58,0.83,0.23,0.46,0.2,0.45,0.23
"2019-05",2019,5,0.55,0.22,0.26,0.58,0.8,0.26,0.54,0.24,0.46,0.2
"2019-06",2019,6,0.45,0.31,-0.07,0.46,0.77,0.43,0.54,0.31,0.54,0.24
"2019-07",2019,7,0.35,0.44,0.52,0.76,1.2,0.67,0.6,0.45,0.54,0.31
"2019-08",2019,8,0.04,0.57,0,0.53,1.1,0.64,0.58,0.58,0.6,0.45
"2019-09",2019,9,0.03,0.57,0.12,0.65,1.22,0.62,0.65,0.64,0.58,0.58
"2019-10",2019,10,0.48,0.46,-0.9,0.45,0.91,0.13,0.54,0.46,0.65,0.64
"2019-11",2019,11,0.52,0.5,-0.51,0.55,1.05,0.42,0.55,0.39,0.54,0.46
"2019-12",2019,12,0.52,0.49,0,0.59,1.08,0.6,0.53,0.38,0.55,0.39
"2020-01",2020,1,0.6,0.45,-1.41,0.25,0.7,0.07,0.46,0.36,0.53,0.38
"2020-02",2020,2,0.37,0.48,-1.48,0.13,0.61,0,0.32,0.22,0.46,0.36
"2020-03",2020,3,0.48,0.4,-1.75,0.09,0.49,0,0.16,0.02,0.32,0.22
"2020-04",2020,4,0.36,0.36,-1.32,0.23,0.59,0,0.15,0,0.16,0.02
"2020-05",2020,5,-0.27,0.6,-0.53,0.4,1,0.43,0.24,0.14,0.15,0
"2020-06",2020,6,-0.34,0.64,-0.75,0.33,0.97,0.62,0.32,0.35,0.24,0.14
"2020-07",2020,7,-0.3,0.68,-0.92,0.41,1.09,0.56,0.38,0.54,0.32,0.35
"2020-08",2020,8,-0.59,0.76,-1.33,0.26,1.02,0.56,0.33,0.58,0.38,0.54
"2020-09",2020,9,-0.83,0.8,-1.04,0.41,1.21,0.61,0.36,0.58,0.33,0.58
"2020-10",2020,10,-1.26,0.89,-0.62,0.51,1.4,0.78,0.39,0.65,0.36,0.58
"2020-11",2020,11,-1.42,0.95,-1.58,0.31,1.26,0.61,0.41,0.67,0.39,0.65
"2020-12",2020,12,-1.15,0.87,-0.99,0.38,1.25,0.76,0.4,0.72,0.41,0.67
"2021-01",2021,1,-1,0.82,-0.61,0.46,1.28,0.63,0.38,0.67,0.4,0.72
"2021-02",2021,2,-1,0.83,-1.09,0.24,1.07,0.45,0.36,0.61,0.38,0.67
"2021-03",2021,3,-0.8,0.86,-1.67,0.11,0.97,0.44,0.27,0.51,0.36,0.61
"2021-04",2021,4,-0.72,0.83,-1.84,0.1,0.93,0.33,0.15,0.41,0.27,0.51
"2021-05",2021,5,-0.46,0.68,-2.04,0.06,0.74,0.2,0.09,0.32,0.15,0.41
"2021-06",2021,6,-0.28,0.62,-1.82,0.11,0.73,0.4,0.09,0.31,0.09,0.32
"2021-07",2021,7,-0.39,0.71,-2,0.15,0.86,0.33,0.11,0.31,0.09,0.31
"2021-08",2021,8,-0.53,0.74,-0.95,0.34,1.08,0.62,0.2,0.45,0.11,0.31
"2021-09",2021,9,-0.55,0.72,-1.96,0.22,0.94,0.38,0.24,0.44,0.2,0.45
"2021-10",2021,10,-0.94,0.81,-3.13,0,0.81,0,0.19,0.33,0.24,0.44
"2021-11",2021,11,-0.94,0.84,-2.75,0.05,0.89,0.27,0.09,0.22,0.19,0.33
"2021-12",2021,12,-1.06,0.85,-2.71,0,0.85,0.39,0.02,0.22,0.09,0.22
"2022-01",2022,1,-0.94,0.81,-2.4,0,0.81,0.17,0.02,0.28,0.02,0.22
"2022-02",2022,2,-0.89,0.8,-1.91,0,0.8,0.19,0,0.25,0.02,0.28
"2022-03",2022,3,-0.97,0.92,-1.67,0.11,1.03,0.49,0.04,0.28,0,0.25
"2022-04",2022,4,-1.11,1,-2.09,0.04,1.04,0.43,0.05,0.37,0.04,0.28
"2022-05",2022,5,-1.11,0.98,-2.24,0.02,1,0.43,0.06,0.45,0.05,0.37
"2022-06",2022,6,-0.75,0.81,-1.32,0.21,1.02,0.66,0.09,0.51,0.06,0.45
"2022-07",2022,7,-0.69,0.82,-2.64,0,0.82,0.29,0.08,0.46,0.09,0.51
"2022-08",2022,8,-0.97,0.87,-2.38,0.05,0.92,0.46,0.09,0.47,0.08,0.46
"2022-09",2022,9,-1.07,0.86,-2.29,0.15,1.01,0.44,0.07,0.4,0.09,0.47
"2022-10",2022,10,-0.99,0.83,-1.81,0.27,1.1,0.38,0.16,0.43,0.07,0.4
"2022-11",2022,11,-0.9,0.83,-2.41,0.12,0.95,0.32,0.18,0.38,0.16,0.43
"2022-12",2022,12,-0.85,0.8,-2.21,0.11,0.91,0.45,0.17,0.38,0.18,0.38
"2023-01",2023,1,-0.72,0.76,-1.24,0.3,1.06,0.41,0.18,0.39,0.17,0.38
"2023-02",2023,2,-0.46,0.69,-1.65,0.08,0.77,0.16,0.16,0.34,0.18,0.39
"2023-03",2023,3,-0.11,0.61,-2.45,0,0.61,0.11,0.13,0.23,0.16,0.34
"2023-04",2023,4,0.14,0.46,-3.07,0,0.46,0,0.03,0.09,0.13,0.23
"2023-05",2023,5,0.46,0.26,-2.42,0,0.26,0,0,0.04,0.03,0.09
"2023-06",2023,6,0.84,0.14,-2.53,0,0.14,0,0,0,0,0.04
"2023-07",2023,7,1.02,0.2,-2.52,0.02,0.22,0,0.01,0,0,0
"2023-08",2023,8,1.35,0.17,-2.47,0.03,0.2,0,0.02,0,0.01,0
"2023-09",2023,9,1.6,0.16,-2.99,0,0.16,0,0.02,0,0.02,0
"2023-10",2023,10,1.72,0.16,-2.23,0.18,0.34,0,0.07,0,0.02,0
"2023-11",2023,11,2.02,0.16,-1.79,0.26,0.42,0,0.15,0,0.07,0
"2023-12",2023,12,2.03,0.14,-1.66,0.23,0.37,0,0.22,0,0.15,0
"2024-01",2024,1,1.81,0.18,-1.57,0.21,0.39,0,0.23,0,0.22,0
"2024-02",2024,2,1.52,0.19,-1.33,0.17,0.36,0,0.2,0,0.23,0
"2024-03",2024,3,1.13,0.17,-1.52,0.15,0.32,0,0.18,0,0.2,0
"2024-04",2024,4,0.77,0.19,-2.11,0.03,0.22,0,0.12,0,0.18,0
"2024-05",2024,5,0.23,0.37,-2.98,0,0.37,0,0.06,0,0.12,0
"2024-06",2024,6,0.17,0.43,-3.15,0,0.43,0.12,0.01,0.04,0.06,0
"2024-07",2024,7,0.04,0.56,-3,0,0.56,0.03,0,0.05,0.01,0.04
"2024-08",2024,8,-0.12,0.62,-2.91,0,0.62,0.17,0,0.11,0,0.05
"2024-09",2024,9,-0.26,0.65,-3.56,0,0.65,0.14,0,0.11,0,0.11
"2024-10",2024,10,-0.27,0.65,-3.8,0,0.65,0,0,0.1,0,0.11
"2024-11",2024,11,-0.25,0.68,-3.13,0,0.68,0.07,0,0.07,0,0.1
"2024-12",2024,12,-0.6,0.74,-2.03,0.15,0.89,0.43,0.05,0.17,0,0.07
"2025-01",2025,1,-0.75,0.76,-1.28,0.29,1.05,0.41,0.15,0.3,0.05,0.17
"2025-02",2025,2,-0.59,0.73,-1.45,0.13,0.86,0.24,0.19,0.36,0.15,0.3
