name,date,ppt
UKL8,2025-03-25,0
UKL8,2025-03-26,0
UKL8,2025-03-27,0.029366140759836033
UKL8,2025-03-28,0.42321651939332017
UKL8,2025-03-29,0.29440157056793453
UKL8,2025-03-30,0.004248031246380544
UKL8,2025-03-31,0.5438740046944206
UKL8,2025-04-01,0.3594448810487282
UKL8,2025-04-02,0.3312952687421183
UKL8,2025-04-03,0.10568897555193564
UKL8,2025-04-04,0
UKL8,2025-04-05,0
UKL8,2025-04-06,0
UKL8,2025-04-07,0.3718543240404505
UKL8,2025-04-08,0.3987716314360852
UKL8,2025-04-09,0
UKL8,2025-04-10,0
UKL8,2025-04-11,0.013023621923341527
UKL8,2025-04-12,0
UKL8,2025-04-13,0
UKL8,2025-04-14,0
UKL8,2025-04-15,0
UKL8,2025-04-16,0
UKL8,2025-04-17,0
UKL8,2025-04-18,0
UKL8,2025-04-19,0
UKL8,2025-04-20,0
UKL8,2025-04-21,0
UKL8,2025-04-22,0
UKL8,2025-04-23,0
UKL8,2025-04-24,0
UKL8,2025-04-25,0
UKL8,2025-04-26,0.419125969954363
UKL8,2025-04-27,0.15839370216910295
UKL8,2025-04-28,0
UKL8,2025-04-29,0.015350393657609235
UKL8,2025-04-30,0
UKL8,2025-05-01,0
UKL8,2025-05-02,0
UKL8,2025-05-03,0
UKL8,2025-05-04,0.03897244066703977
UKL8,2025-05-05,0.0257362202396543
UKL8,2025-05-06,0
UKL8,2025-05-07,0
UKL8,2025-05-08,0
UKL8,2025-05-09,0
UKL8,2025-05-10,0
UKL8,2025-05-11,0
UKL8,2025-05-12,0.15261417298805058
UKL8,2025-05-13,0.6775865780086968
UKL8,2025-05-14,0.19296850745133529
UKL8,2025-05-15,0
UKL8,2025-05-16,0
UKL8,2025-05-17,0.05424803166877567
UKL8,2025-05-18,0.3012755912119948
UKL8,2025-05-19,0.030047243505012335
UKL8,2025-05-20,0.2119999983179288
UKL8,2025-05-21,0
UKL8,2025-05-22,0
UKL8,2025-05-23,0
UKL8,2025-05-24,0
UKL8,2025-05-25,0
UKL8,2025-05-26,0
UKL8,2025-05-27,0
UKL8,2025-05-28,0
UKL8,2025-05-29,0
UKL8,2025-05-30,0
UKL8,2025-05-31,0
UKL8,2025-06-01,0
UKL8,2025-06-02,0
UKL8,2025-06-03,0
UKL8,2025-06-04,0
UKL8,2025-06-05,0
UKL8,2025-06-06,0
UKL8,2025-06-07,0
UKL8,2025-06-08,0
UKL8,2025-06-09,0
UKL8,2025-06-10,0
UKL8,2025-06-11,0
UKL8,2025-06-12,0
UKL8,2025-06-13,0
UKL8,2025-06-14,0
UKL8,2025-06-15,0
UKL8,2025-06-16,0
UKL8,2025-06-17,0
UKL8,2025-06-18,0
UKL8,2025-06-19,0
UKL8,2025-06-20,0
UKL8,2025-06-21,0.4354015485508236
UKL8,2025-06-22,0.4361535245039332
UKL8,2025-06-23,0
UKL8,2025-06-24,0
UKL8,2025-06-25,0
UKL8,2025-06-26,0
UKL8,2025-06-27,0
UKL8,2025-06-28,0
UKL8,2025-06-29,0
UKL8,2025-06-30,0
UKL8,2025-07-01,0.03274015554292934
UKL8,2025-07-02,0.01290157437324524
UKL8,2025-07-03,0
UKL8,2025-07-04,0.06491731940291998
UKL8,2025-07-05,0
UKL8,2025-07-06,0
UKL8,2025-07-07,0
UKL8,2025-07-08,0
UKL8,2025-07-09,0
UKL8,2025-07-10,0
UKL8,2025-07-11,0
UKL8,2025-07-12,0.024657479421360286
UKL8,2025-07-13,0
UKL8,2025-07-14,0
UKL8,2025-07-15,0
UKL19,2025-03-25,0
UKL19,2025-03-26,0
UKL19,2025-03-27,0.00868897621087202
UKL19,2025-03-28,0.32455511919156776
UKL19,2025-03-29,0.23354329462126486
UKL19,2025-03-30,0
UKL19,2025-03-31,0.5748306860135296
UKL19,2025-04-01,0.3896456440602701
UKL19,2025-04-02,0.23612991092711924
UKL19,2025-04-03,0.0974251904825526
UKL19,2025-04-04,0
UKL19,2025-04-05,0
UKL19,2025-04-06,0
UKL19,2025-04-07,0.23959841315201888
UKL19,2025-04-08,0.39403934178389904
UKL19,2025-04-09,0
UKL19,2025-04-10,0
UKL19,2025-04-11,0
UKL19,2025-04-12,0
UKL19,2025-04-13,0
UKL19,2025-04-14,0
UKL19,2025-04-15,0
UKL19,2025-04-16,0
UKL19,2025-04-17,0
UKL19,2025-04-18,0
UKL19,2025-04-19,0
UKL19,2025-04-20,0
UKL19,2025-04-21,0
UKL19,2025-04-22,0
UKL19,2025-04-23,0
UKL19,2025-04-24,0
UKL19,2025-04-25,0
UKL19,2025-04-26,0.5606062956682341
UKL19,2025-04-27,0.13013779647707002
UKL19,2025-04-28,0
UKL19,2025-04-29,0.08489763642859272
UKL19,2025-04-30,0
UKL19,2025-05-01,0
UKL19,2025-05-02,0
UKL19,2025-05-03,0
UKL19,2025-05-04,0.01996062871978039
UKL19,2025-05-05,0.09423621996181218
UKL19,2025-05-06,0
UKL19,2025-05-07,0
UKL19,2025-05-08,0
UKL19,2025-05-09,0
UKL19,2025-05-10,0
UKL19,2025-05-11,0
UKL19,2025-05-12,0.055531493322117126
UKL19,2025-05-13,0.7477755809393455
UKL19,2025-05-14,0.12463778961361863
UKL19,2025-05-15,0
UKL19,2025-05-16,0
UKL19,2025-05-17,0.0957362201270156
UKL19,2025-05-18,0.22388976389967552
UKL19,2025-05-19,0.0010393700731082226
UKL19,2025-05-20,0.21824408703901638
UKL19,2025-05-21,0
UKL19,2025-05-22,0
UKL19,2025-05-23,0
UKL19,2025-05-24,0
UKL19,2025-05-25,0
UKL19,2025-05-26,0
UKL19,2025-05-27,0
UKL19,2025-05-28,0
UKL19,2025-05-29,0
UKL19,2025-05-30,0
UKL19,2025-05-31,0
UKL19,2025-06-01,0
UKL19,2025-06-02,0
UKL19,2025-06-03,0
UKL19,2025-06-04,0
UKL19,2025-06-05,0
UKL19,2025-06-06,0
UKL19,2025-06-07,0
UKL19,2025-06-08,0
UKL19,2025-06-09,0
UKL19,2025-06-10,0
UKL19,2025-06-11,0
UKL19,2025-06-12,0
UKL19,2025-06-13,0
UKL19,2025-06-14,0
UKL19,2025-06-15,0
UKL19,2025-06-16,0
UKL19,2025-06-17,0
UKL19,2025-06-18,0
UKL19,2025-06-19,0
UKL19,2025-06-20,0
UKL19,2025-06-21,0.4385235929113674
UKL19,2025-06-22,0.412468497208723
UKL19,2025-06-23,0
UKL19,2025-06-24,0
UKL19,2025-06-25,0
UKL19,2025-06-26,0
UKL19,2025-06-27,0
UKL19,2025-06-28,0
UKL19,2025-06-29,0
UKL19,2025-06-30,0
UKL19,2025-07-01,0.012645668636156819
UKL19,2025-07-02,0
UKL19,2025-07-03,0
UKL19,2025-07-04,0.20985038261713945
UKL19,2025-07-05,0
UKL19,2025-07-06,0
UKL19,2025-07-07,0
UKL19,2025-07-08,0
UKL19,2025-07-09,0
UKL19,2025-07-10,0
UKL19,2025-07-11,0
UKL19,2025-07-12,0.08096849824499897
UKL19,2025-07-13,0
UKL19,2025-07-14,0
UKL19,2025-07-15,0
UKL30,2025-03-25,0
UKL30,2025-03-26,0
UKL30,2025-03-27,0
UKL30,2025-03-28,0.07074409113155576
UKL30,2025-03-29,0.0068897636621955815
UKL30,2025-03-30,0
UKL30,2025-03-31,0.11509055227745237
UKL30,2025-04-01,0.0547480301594171
UKL30,2025-04-02,0.07986219849173479
UKL30,2025-04-03,0
UKL30,2025-04-04,0
UKL30,2025-04-05,0
UKL30,2025-04-06,0
UKL30,2025-04-07,0.20804724355382245
UKL30,2025-04-08,0.06697637828316276
UKL30,2025-04-09,0
UKL30,2025-04-10,0
UKL30,2025-04-11,0
UKL30,2025-04-12,0
UKL30,2025-04-13,0
UKL30,2025-04-14,0
UKL30,2025-04-15,0
UKL30,2025-04-16,0
UKL30,2025-04-17,0
UKL30,2025-04-18,0
UKL30,2025-04-19,0
UKL30,2025-04-20,0
UKL30,2025-04-21,0
UKL30,2025-04-22,0
UKL30,2025-04-23,0
UKL30,2025-04-24,0
UKL30,2025-04-25,0
UKL30,2025-04-26,0.3327441027783972
UKL30,2025-04-27,0.22549212448240266
UKL30,2025-04-28,0
UKL30,2025-04-29,0
UKL30,2025-04-30,0
UKL30,2025-05-01,0
UKL30,2025-05-02,0
UKL30,2025-05-03,0.011456692077982144
UKL30,2025-05-04,0.15716534899914358
UKL30,2025-05-05,0
UKL30,2025-05-06,0
UKL30,2025-05-07,0
UKL30,2025-05-08,0
UKL30,2025-05-09,0
UKL30,2025-05-10,0
UKL30,2025-05-11,0
UKL30,2025-05-12,0.14230314202196018
UKL30,2025-05-13,0.2699251813212718
UKL30,2025-05-14,8.818897323345575e-4
UKL30,2025-05-15,0
UKL30,2025-05-16,0
UKL30,2025-05-17,0
UKL30,2025-05-18,0
UKL30,2025-05-19,0
UKL30,2025-05-20,3.54330702574821e-5
UKL30,2025-05-21,0
UKL30,2025-05-22,0
UKL30,2025-05-23,0
UKL30,2025-05-24,0
UKL30,2025-05-25,0
UKL30,2025-05-26,0
UKL30,2025-05-27,0
UKL30,2025-05-28,0
UKL30,2025-05-29,0
UKL30,2025-05-30,0
UKL30,2025-05-31,0
UKL30,2025-06-01,0
UKL30,2025-06-02,0
UKL30,2025-06-03,0
UKL30,2025-06-04,0
UKL30,2025-06-05,0
UKL30,2025-06-06,0
UKL30,2025-06-07,0
UKL30,2025-06-08,0
UKL30,2025-06-09,0
UKL30,2025-06-10,0
UKL30,2025-06-11,0
UKL30,2025-06-12,0
UKL30,2025-06-13,0
UKL30,2025-06-14,0
UKL30,2025-06-15,0
UKL30,2025-06-16,0
UKL30,2025-06-17,0
UKL30,2025-06-18,0
UKL30,2025-06-19,0
UKL30,2025-06-20,0
UKL30,2025-06-21,0
UKL30,2025-06-22,0
UKL30,2025-06-23,0
UKL30,2025-06-24,0
UKL30,2025-06-25,0
UKL30,2025-06-26,0
UKL30,2025-06-27,0
UKL30,2025-06-28,0
UKL30,2025-06-29,0
UKL30,2025-06-30,0
UKL30,2025-07-01,0
UKL30,2025-07-02,0
UKL30,2025-07-03,0
UKL30,2025-07-04,0
UKL30,2025-07-05,0
UKL30,2025-07-06,0
UKL30,2025-07-07,0
UKL30,2025-07-08,0
UKL30,2025-07-09,0
UKL30,2025-07-10,0
UKL30,2025-07-11,0
UKL30,2025-07-12,0
UKL30,2025-07-13,0
UKL30,2025-07-14,0
UKL30,2025-07-15,0
UKL41,2025-03-25,0
UKL41,2025-03-26,0
UKL41,2025-03-27,0
UKL41,2025-03-28,0.22738582505954533
UKL41,2025-03-29,0.3195039118368795
UKL41,2025-03-30,0
UKL41,2025-03-31,0.39588582797313304
UKL41,2025-04-01,0.30011417358879033
UKL41,2025-04-02,0.2756653432770977
UKL41,2025-04-03,0.07886220151045191
UKL41,2025-04-04,0
UKL41,2025-04-05,0
UKL41,2025-04-06,0
UKL41,2025-04-07,0.21012991432129868
UKL41,2025-04-08,0.27233463572704886
UKL41,2025-04-09,0
UKL41,2025-04-10,0
UKL41,2025-04-11,0
UKL41,2025-04-12,0
UKL41,2025-04-13,0
UKL41,2025-04-14,0
UKL41,2025-04-15,0
UKL41,2025-04-16,0
UKL41,2025-04-17,0
UKL41,2025-04-18,0
UKL41,2025-04-19,0
UKL41,2025-04-20,0
UKL41,2025-04-21,0
UKL41,2025-04-22,0
UKL41,2025-04-23,0
UKL41,2025-04-24,0
UKL41,2025-04-25,0
UKL41,2025-04-26,0.3609881814070574
UKL41,2025-04-27,0.2584212596022238
UKL41,2025-04-28,0
UKL41,2025-04-29,0.0012992125913852783
UKL41,2025-04-30,0
UKL41,2025-05-01,0
UKL41,2025-05-02,0
UKL41,2025-05-03,0
UKL41,2025-05-04,0.08258267650454064
UKL41,2025-05-05,0.0013464566056183944
UKL41,2025-05-06,0
UKL41,2025-05-07,0
UKL41,2025-05-08,0
UKL41,2025-05-09,0
UKL41,2025-05-10,0
UKL41,2025-05-11,0
UKL41,2025-05-12,0.09560630077452172
UKL41,2025-05-13,0.6491181230920506
UKL41,2025-05-14,0.07251574767856148
UKL41,2025-05-15,0
UKL41,2025-05-16,0
UKL41,2025-05-17,0.01775196804775028
UKL41,2025-05-18,0.10068109655004787
UKL41,2025-05-19,0
UKL41,2025-05-20,0.110555117524515
UKL41,2025-05-21,0
UKL41,2025-05-22,0
UKL41,2025-05-23,0
UKL41,2025-05-24,0
UKL41,2025-05-25,0
UKL41,2025-05-26,0
UKL41,2025-05-27,0
UKL41,2025-05-28,0
UKL41,2025-05-29,0
UKL41,2025-05-30,0
UKL41,2025-05-31,0
UKL41,2025-06-01,0
UKL41,2025-06-02,0
UKL41,2025-06-03,0
UKL41,2025-06-04,0
UKL41,2025-06-05,0
UKL41,2025-06-06,0
UKL41,2025-06-07,0
UKL41,2025-06-08,0
UKL41,2025-06-09,0
UKL41,2025-06-10,0
UKL41,2025-06-11,0
UKL41,2025-06-12,0
UKL41,2025-06-13,0
UKL41,2025-06-14,0.03012204733420545
UKL41,2025-06-15,0
UKL41,2025-06-16,0
UKL41,2025-06-17,0
UKL41,2025-06-18,0
UKL41,2025-06-19,0
UKL41,2025-06-20,0.028358266109556666
UKL41,2025-06-21,0.46157874460295434
UKL41,2025-06-22,0.23188975852305496
UKL41,2025-06-23,0
UKL41,2025-06-24,0
UKL41,2025-06-25,0
UKL41,2025-06-26,0
UKL41,2025-06-27,0
UKL41,2025-06-28,0
UKL41,2025-06-29,0
UKL41,2025-06-30,0
UKL41,2025-07-01,0.12975983732328641
UKL41,2025-07-02,0
UKL41,2025-07-03,0.08064960870217151
UKL41,2025-07-04,0.0825393669248566
UKL41,2025-07-05,0.038866140241698016
UKL41,2025-07-06,0
UKL41,2025-07-07,0
UKL41,2025-07-08,0
UKL41,2025-07-09,0
UKL41,2025-07-10,0
UKL41,2025-07-11,0
UKL41,2025-07-12,0
UKL41,2025-07-13,0
UKL41,2025-07-14,0
UKL41,2025-07-15,0
UKL52,2025-03-25,0
UKL52,2025-03-26,0
UKL52,2025-03-27,0
UKL52,2025-03-28,0.01422047263055336
UKL52,2025-03-29,2.519684975717481e-4
UKL52,2025-03-30,0
UKL52,2025-03-31,0.1670039357162836
UKL52,2025-04-01,0.08160236313587099
UKL52,2025-04-02,0.1599448684632309
UKL52,2025-04-03,0
UKL52,2025-04-04,0
UKL52,2025-04-05,0
UKL52,2025-04-06,0
UKL52,2025-04-07,0.18559448362335446
UKL52,2025-04-08,0.0633188964813713
UKL52,2025-04-09,0
UKL52,2025-04-10,0
UKL52,2025-04-11,0
UKL52,2025-04-12,0
UKL52,2025-04-13,0
UKL52,2025-04-14,0
UKL52,2025-04-15,0
UKL52,2025-04-16,0
UKL52,2025-04-17,0
UKL52,2025-04-18,0
UKL52,2025-04-19,0
UKL52,2025-04-20,0
UKL52,2025-04-21,0
UKL52,2025-04-22,0
UKL52,2025-04-23,0
UKL52,2025-04-24,0
UKL52,2025-04-25,0
UKL52,2025-04-26,0.3406062839538094
UKL52,2025-04-27,0.2402795205904743
UKL52,2025-04-28,0
UKL52,2025-04-29,0
UKL52,2025-04-30,0
UKL52,2025-05-01,0
UKL52,2025-05-02,0
UKL52,2025-05-03,0.014043307210516743
UKL52,2025-05-04,0.13415747740137296
UKL52,2025-05-05,0
UKL52,2025-05-06,0
UKL52,2025-05-07,0
UKL52,2025-05-08,0
UKL52,2025-05-09,0
UKL52,2025-05-10,0
UKL52,2025-05-11,0
UKL52,2025-05-12,0.15731495196425072
UKL52,2025-05-13,0.26209054030771334
UKL52,2025-05-14,0
UKL52,2025-05-15,0
UKL52,2025-05-16,0
UKL52,2025-05-17,0
UKL52,2025-05-18,0
UKL52,2025-05-19,0
UKL52,2025-05-20,0
UKL52,2025-05-21,0
UKL52,2025-05-22,0
UKL52,2025-05-23,0
UKL52,2025-05-24,0
UKL52,2025-05-25,0
UKL52,2025-05-26,0
UKL52,2025-05-27,0
UKL52,2025-05-28,0
UKL52,2025-05-29,0
UKL52,2025-05-30,0
UKL52,2025-05-31,0
UKL52,2025-06-01,0
UKL52,2025-06-02,0
UKL52,2025-06-03,0
UKL52,2025-06-04,0
UKL52,2025-06-05,0
UKL52,2025-06-06,0
UKL52,2025-06-07,0
UKL52,2025-06-08,0
UKL52,2025-06-09,0
UKL52,2025-06-10,0
UKL52,2025-06-11,0
UKL52,2025-06-12,0
UKL52,2025-06-13,0
UKL52,2025-06-14,0
UKL52,2025-06-15,0
UKL52,2025-06-16,0
UKL52,2025-06-17,0
UKL52,2025-06-18,0
UKL52,2025-06-19,0
UKL52,2025-06-20,0
UKL52,2025-06-21,0
UKL52,2025-06-22,0
UKL52,2025-06-23,0
UKL52,2025-06-24,0
UKL52,2025-06-25,0
UKL52,2025-06-26,0
UKL52,2025-06-27,0
UKL52,2025-06-28,0
UKL52,2025-06-29,0
UKL52,2025-06-30,0
UKL52,2025-07-01,8.307086435828622e-4
UKL52,2025-07-02,0
UKL52,2025-07-03,0
UKL52,2025-07-04,0.004496062834431806
UKL52,2025-07-05,0
UKL52,2025-07-06,0
UKL52,2025-07-07,0
UKL52,2025-07-08,0
UKL52,2025-07-09,0
UKL52,2025-07-10,0
UKL52,2025-07-11,0
UKL52,2025-07-12,0
UKL52,2025-07-13,0
UKL52,2025-07-14,0
UKL52,2025-07-15,0
UKL63,2025-03-25,0
UKL63,2025-03-26,0
UKL63,2025-03-27,0
UKL63,2025-03-28,0.14155511780986638
UKL63,2025-03-29,0.18976376751276453
UKL63,2025-03-30,0
UKL63,2025-03-31,0.34678346528781684
UKL63,2025-04-01,0.15348818358473892
UKL63,2025-04-02,0.33690550195889213
UKL63,2025-04-03,0.00937401544390701
UKL63,2025-04-04,0
UKL63,2025-04-05,0.013763779026316847
UKL63,2025-04-06,0
UKL63,2025-04-07,0.19604329987773747
UKL63,2025-04-08,0.18560234955915317
UKL63,2025-04-09,0
UKL63,2025-04-10,0
UKL63,2025-04-11,0
UKL63,2025-04-12,0
UKL63,2025-04-13,0
UKL63,2025-04-14,0
UKL63,2025-04-15,0
UKL63,2025-04-16,0
UKL63,2025-04-17,0
UKL63,2025-04-18,0
UKL63,2025-04-19,0
UKL63,2025-04-20,0
UKL63,2025-04-21,0
UKL63,2025-04-22,0
UKL63,2025-04-23,0
UKL63,2025-04-24,0
UKL63,2025-04-25,0
UKL63,2025-04-26,0.3175984029694805
UKL63,2025-04-27,0.2856141751206766
UKL63,2025-04-28,0
UKL63,2025-04-29,0
UKL63,2025-04-30,0
UKL63,2025-05-01,0
UKL63,2025-05-02,0
UKL63,2025-05-03,0
UKL63,2025-05-04,0.060161417863500405
UKL63,2025-05-05,0.00610629932617578
UKL63,2025-05-06,0
UKL63,2025-05-07,0
UKL63,2025-05-08,0
UKL63,2025-05-09,0
UKL63,2025-05-10,0
UKL63,2025-05-11,0
UKL63,2025-05-12,0.13351180422024464
UKL63,2025-05-13,0.5569803057693121
UKL63,2025-05-14,0.059263776606462135
UKL63,2025-05-15,0
UKL63,2025-05-16,0
UKL63,2025-05-17,4.724409214888267e-5
UKL63,2025-05-18,0.054003934221943536
UKL63,2025-05-19,0
UKL63,2025-05-20,0.07307480170032171
UKL63,2025-05-21,0
UKL63,2025-05-22,0
UKL63,2025-05-23,0
UKL63,2025-05-24,0
UKL63,2025-05-25,0
UKL63,2025-05-26,0
UKL63,2025-05-27,0
UKL63,2025-05-28,0
UKL63,2025-05-29,0
UKL63,2025-05-30,0
UKL63,2025-05-31,0
UKL63,2025-06-01,0
UKL63,2025-06-02,0
UKL63,2025-06-03,0
UKL63,2025-06-04,0
UKL63,2025-06-05,0
UKL63,2025-06-06,0
UKL63,2025-06-07,0
UKL63,2025-06-08,0
UKL63,2025-06-09,0
UKL63,2025-06-10,0
UKL63,2025-06-11,0
UKL63,2025-06-12,0
UKL63,2025-06-13,0
UKL63,2025-06-14,9.724409062796691e-4
UKL63,2025-06-15,0
UKL63,2025-06-16,0
UKL63,2025-06-17,0
UKL63,2025-06-18,0
UKL63,2025-06-19,0
UKL63,2025-06-20,6.377952921343601e-4
UKL63,2025-06-21,0.2070629878306952
UKL63,2025-06-22,0.13601181075328916
UKL63,2025-06-23,0
UKL63,2025-06-24,0
UKL63,2025-06-25,0
UKL63,2025-06-26,0
UKL63,2025-06-27,0
UKL63,2025-06-28,0
UKL63,2025-06-29,0
UKL63,2025-06-30,0
UKL63,2025-07-01,0.14327952242273045
UKL63,2025-07-02,0
UKL63,2025-07-03,0.001598425121523264
UKL63,2025-07-04,0.05491732143041656
UKL63,2025-07-05,7.637794767543087e-4
UKL63,2025-07-06,0
UKL63,2025-07-07,0
UKL63,2025-07-08,0
UKL63,2025-07-09,0
UKL63,2025-07-10,0
UKL63,2025-07-11,0
UKL63,2025-07-12,0
UKL63,2025-07-13,0
UKL63,2025-07-14,0
UKL63,2025-07-15,0
UKL76,2025-03-25,0
UKL76,2025-03-26,0
UKL76,2025-03-27,0
UKL76,2025-03-28,0.0900984185887134
UKL76,2025-03-29,0.07177558940226637
UKL76,2025-03-30,0
UKL76,2025-03-31,0.3032480262395904
UKL76,2025-04-01,0.11157874047286868
UKL76,2025-04-02,0.261641731412392
UKL76,2025-04-03,0.002019685055092564
UKL76,2025-04-04,0
UKL76,2025-04-05,0.0010393700731082226
UKL76,2025-04-06,0
UKL76,2025-04-07,0.197952751099594
UKL76,2025-04-08,0.12305117967560536
UKL76,2025-04-09,0
UKL76,2025-04-10,0
UKL76,2025-04-11,0
UKL76,2025-04-12,0
UKL76,2025-04-13,0
UKL76,2025-04-14,0
UKL76,2025-04-15,0
UKL76,2025-04-16,0
UKL76,2025-04-17,0
UKL76,2025-04-18,0
UKL76,2025-04-19,0
UKL76,2025-04-20,0
UKL76,2025-04-21,0
UKL76,2025-04-22,0
UKL76,2025-04-23,0
UKL76,2025-04-24,0
UKL76,2025-04-25,0
UKL76,2025-04-26,0.3096181013452725
UKL76,2025-04-27,0.27898030018243264
UKL76,2025-04-28,0
UKL76,2025-04-29,0
UKL76,2025-04-30,0
UKL76,2025-05-01,0
UKL76,2025-05-02,0
UKL76,2025-05-03,0
UKL76,2025-05-04,0.06643307021283729
UKL76,2025-05-05,0
UKL76,2025-05-06,0
UKL76,2025-05-07,0
UKL76,2025-05-08,0
UKL76,2025-05-09,0
UKL76,2025-05-10,0
UKL76,2025-05-11,0
UKL76,2025-05-12,0.14696063019159272
UKL76,2025-05-13,0.47068502020648145
UKL76,2025-05-14,0.032645668101123
UKL76,2025-05-15,0
UKL76,2025-05-16,0
UKL76,2025-05-17,1.377952706772746e-4
UKL76,2025-05-18,0.03244488023397491
UKL76,2025-05-19,0
UKL76,2025-05-20,0.06377952774678629
UKL76,2025-05-21,0
UKL76,2025-05-22,0
UKL76,2025-05-23,0
UKL76,2025-05-24,0
UKL76,2025-05-25,0
UKL76,2025-05-26,0
UKL76,2025-05-27,0
UKL76,2025-05-28,0
UKL76,2025-05-29,0
UKL76,2025-05-30,0
UKL76,2025-05-31,0
UKL76,2025-06-01,0
UKL76,2025-06-02,0
UKL76,2025-06-03,0
UKL76,2025-06-04,0
UKL76,2025-06-05,0
UKL76,2025-06-06,0
UKL76,2025-06-07,0
UKL76,2025-06-08,0
UKL76,2025-06-09,0
UKL76,2025-06-10,0
UKL76,2025-06-11,0
UKL76,2025-06-12,0
UKL76,2025-06-13,0
UKL76,2025-06-14,0
UKL76,2025-06-15,0
UKL76,2025-06-16,0
UKL76,2025-06-17,0
UKL76,2025-06-18,0
UKL76,2025-06-19,0
UKL76,2025-06-20,0
UKL76,2025-06-21,0.14714172505956935
UKL76,2025-06-22,0.1002322782681683
UKL76,2025-06-23,0
UKL76,2025-06-24,0
UKL76,2025-06-25,0
UKL76,2025-06-26,0
UKL76,2025-06-27,0
UKL76,2025-06-28,0
UKL76,2025-06-29,0
UKL76,2025-06-30,0
UKL76,2025-07-01,0.13709448453948256
UKL76,2025-07-02,0
UKL76,2025-07-03,0
UKL76,2025-07-04,0.0515551172842191
UKL76,2025-07-05,0
UKL76,2025-07-06,0
UKL76,2025-07-07,0
UKL76,2025-07-08,0
UKL76,2025-07-09,0
UKL76,2025-07-10,0
UKL76,2025-07-11,0
UKL76,2025-07-12,0
UKL76,2025-07-13,0
UKL76,2025-07-14,0
UKL76,2025-07-15,0
UKL85,2025-03-25,0
UKL85,2025-03-26,0
UKL85,2025-03-27,0.001724409452808185
UKL85,2025-03-28,0.2491653434873566
UKL85,2025-03-29,0.3732716567873016
UKL85,2025-03-30,2.6771652064924164e-4
UKL85,2025-03-31,0.4311062970499354
UKL85,2025-04-01,0.22364173348494404
UKL85,2025-04-02,0.4761692858117772
UKL85,2025-04-03,0.0575551179450328
UKL85,2025-04-04,0
UKL85,2025-04-05,0.02184645632120568
UKL85,2025-04-06,0
UKL85,2025-04-07,0.20481496345339797
UKL85,2025-04-08,0.293362196974867
UKL85,2025-04-09,0
UKL85,2025-04-10,0
UKL85,2025-04-11,0
UKL85,2025-04-12,0
UKL85,2025-04-13,0
UKL85,2025-04-14,0
UKL85,2025-04-15,0
UKL85,2025-04-16,0
UKL85,2025-04-17,0
UKL85,2025-04-18,0
UKL85,2025-04-19,0
UKL85,2025-04-20,0
UKL85,2025-04-21,0
UKL85,2025-04-22,0
UKL85,2025-04-23,0
UKL85,2025-04-24,0
UKL85,2025-04-25,0
UKL85,2025-04-26,0.42005903138889106
UKL85,2025-04-27,0.2939173180287279
UKL85,2025-04-28,0
UKL85,2025-04-29,0
UKL85,2025-04-30,0
UKL85,2025-05-01,0
UKL85,2025-05-02,0
UKL85,2025-05-03,0
UKL85,2025-05-04,0.0612755882458424
UKL85,2025-05-05,0
UKL85,2025-05-06,0
UKL85,2025-05-07,0
UKL85,2025-05-08,0
UKL85,2025-05-09,0
UKL85,2025-05-10,0
UKL85,2025-05-11,0
UKL85,2025-05-12,0.14724802783155067
UKL85,2025-05-13,0.6546299100860836
UKL85,2025-05-14,0.0976968468643549
UKL85,2025-05-15,0
UKL85,2025-05-16,0
UKL85,2025-05-17,0.02574409321537168
UKL85,2025-05-18,0.14124015184838004
UKL85,2025-05-19,0
UKL85,2025-05-20,0.1722362097792738
UKL85,2025-05-21,0
UKL85,2025-05-22,0
UKL85,2025-05-23,0
UKL85,2025-05-24,0
UKL85,2025-05-25,0
UKL85,2025-05-26,0
UKL85,2025-05-27,0
UKL85,2025-05-28,0
UKL85,2025-05-29,0
UKL85,2025-05-30,0
UKL85,2025-05-31,0
UKL85,2025-06-01,0
UKL85,2025-06-02,0
UKL85,2025-06-03,0
UKL85,2025-06-04,0
UKL85,2025-06-05,0
UKL85,2025-06-06,0
UKL85,2025-06-07,0
UKL85,2025-06-08,0
UKL85,2025-06-09,0
UKL85,2025-06-10,0
UKL85,2025-06-11,0
UKL85,2025-06-12,0
UKL85,2025-06-13,0
UKL85,2025-06-14,0
UKL85,2025-06-15,0
UKL85,2025-06-16,0
UKL85,2025-06-17,0
UKL85,2025-06-18,0
UKL85,2025-06-19,0
UKL85,2025-06-20,0
UKL85,2025-06-21,0.28296849859042433
UKL85,2025-06-22,0.198968508112149
UKL85,2025-06-23,2.874015632459498e-4
UKL85,2025-06-24,0
UKL85,2025-06-25,0
UKL85,2025-06-26,0
UKL85,2025-06-27,0
UKL85,2025-06-28,0
UKL85,2025-06-29,0
UKL85,2025-06-30,0
UKL85,2025-07-01,0.1677992024759608
UKL85,2025-07-02,0
UKL85,2025-07-03,0
UKL85,2025-07-04,0.045031496858972266
UKL85,2025-07-05,0
UKL85,2025-07-06,0
UKL85,2025-07-07,0
UKL85,2025-07-08,0
UKL85,2025-07-09,0
UKL85,2025-07-10,0
UKL85,2025-07-11,0
UKL85,2025-07-12,0
UKL85,2025-07-13,0
UKL85,2025-07-14,0
UKL85,2025-07-15,0
UKL96,2025-03-25,0
UKL96,2025-03-26,0
UKL96,2025-03-27,0
UKL96,2025-03-28,0.08781101759963149
UKL96,2025-03-29,0.05249212576648382
UKL96,2025-03-30,0
UKL96,2025-03-31,0.2543188830998939
UKL96,2025-04-01,0.1363031507477047
UKL96,2025-04-02,0.2425354296766867
UKL96,2025-04-03,0
UKL96,2025-04-04,0
UKL96,2025-04-05,0
UKL96,2025-04-06,0
UKL96,2025-04-07,0.1960275492330236
UKL96,2025-04-08,0.11634645499582366
UKL96,2025-04-09,0
UKL96,2025-04-10,0
UKL96,2025-04-11,0
UKL96,2025-04-12,0
UKL96,2025-04-13,0
UKL96,2025-04-14,0
UKL96,2025-04-15,0
UKL96,2025-04-16,0
UKL96,2025-04-17,0
UKL96,2025-04-18,0
UKL96,2025-04-19,0
UKL96,2025-04-20,0
UKL96,2025-04-21,0
UKL96,2025-04-22,0
UKL96,2025-04-23,0
UKL96,2025-04-24,0
UKL96,2025-04-25,0
UKL96,2025-04-26,0.3375669163981761
UKL96,2025-04-27,0.26306693009504184
UKL96,2025-04-28,0
UKL96,2025-04-29,0
UKL96,2025-04-30,0
UKL96,2025-05-01,0
UKL96,2025-05-02,0
UKL96,2025-05-03,0
UKL96,2025-05-04,0.07399999719905102
UKL96,2025-05-05,0
UKL96,2025-05-06,0
UKL96,2025-05-07,0
UKL96,2025-05-08,0
UKL96,2025-05-09,0
UKL96,2025-05-10,0
UKL96,2025-05-11,0
UKL96,2025-05-12,0.1301850390246534
UKL96,2025-05-13,0.43705902700349103
UKL96,2025-05-14,0.029480314160895162
UKL96,2025-05-15,0
UKL96,2025-05-16,0
UKL96,2025-05-17,0
UKL96,2025-05-18,0.02575590385226753
UKL96,2025-05-19,0
UKL96,2025-05-20,0.0312834626107704
UKL96,2025-05-21,0
UKL96,2025-05-22,0
UKL96,2025-05-23,0
UKL96,2025-05-24,0
UKL96,2025-05-25,0
UKL96,2025-05-26,0
UKL96,2025-05-27,0
UKL96,2025-05-28,0
UKL96,2025-05-29,0
UKL96,2025-05-30,0
UKL96,2025-05-31,0
UKL96,2025-06-01,0
UKL96,2025-06-02,0
UKL96,2025-06-03,0
UKL96,2025-06-04,0
UKL96,2025-06-05,0
UKL96,2025-06-06,0
UKL96,2025-06-07,0
UKL96,2025-06-08,0
UKL96,2025-06-09,0
UKL96,2025-06-10,0
UKL96,2025-06-11,0
UKL96,2025-06-12,0
UKL96,2025-06-13,0
UKL96,2025-06-14,0
UKL96,2025-06-15,0
UKL96,2025-06-16,0
UKL96,2025-06-17,0
UKL96,2025-06-18,0
UKL96,2025-06-19,0
UKL96,2025-06-20,0
UKL96,2025-06-21,0.12305117967560536
UKL96,2025-06-22,0.08595275127981591
UKL96,2025-06-23,0
UKL96,2025-06-24,0
UKL96,2025-06-25,0
UKL96,2025-06-26,0
UKL96,2025-06-27,0
UKL96,2025-06-28,0
UKL96,2025-06-29,0
UKL96,2025-06-30,0
UKL96,2025-07-01,0.08827165355832559
UKL96,2025-07-02,0.03643306925540834
UKL96,2025-07-03,0
UKL96,2025-07-04,0.051377950690862706
UKL96,2025-07-05,0
UKL96,2025-07-06,0
UKL96,2025-07-07,0
UKL96,2025-07-08,0
UKL96,2025-07-09,0
UKL96,2025-07-10,0
UKL96,2025-07-11,0
UKL96,2025-07-12,0
UKL96,2025-07-13,0
UKL96,2025-07-14,0
UKL96,2025-07-15,0
UKL107,2025-03-25,0
UKL107,2025-03-26,0
UKL107,2025-03-27,0
UKL107,2025-03-28,0.04099606059667633
UKL107,2025-03-29,0.03443700591410239
UKL107,2025-03-30,0.014578739958485281
UKL107,2025-03-31,0.201311017584613
UKL107,2025-04-01,0.10827952482568937
UKL107,2025-04-02,0.19325982867263436
UKL107,2025-04-03,0
UKL107,2025-04-04,0
UKL107,2025-04-05,0
UKL107,2025-04-06,0
UKL107,2025-04-07,0.1061968446716549
UKL107,2025-04-08,0.06856298822117603
UKL107,2025-04-09,0
UKL107,2025-04-10,0
UKL107,2025-04-11,0
UKL107,2025-04-12,0
UKL107,2025-04-13,0
UKL107,2025-04-14,0
UKL107,2025-04-15,0
UKL107,2025-04-16,0
UKL107,2025-04-17,0
UKL107,2025-04-18,0
UKL107,2025-04-19,0
UKL107,2025-04-20,0
UKL107,2025-04-21,0
UKL107,2025-04-22,0
UKL107,2025-04-23,0
UKL107,2025-04-24,0
UKL107,2025-04-25,0
UKL107,2025-04-26,0.1851692913085457
UKL107,2025-04-27,0.36471652233694485
UKL107,2025-04-28,0
UKL107,2025-04-29,0
UKL107,2025-04-30,0
UKL107,2025-05-01,0
UKL107,2025-05-02,0
UKL107,2025-05-03,0
UKL107,2025-05-04,0.060586614871588285
UKL107,2025-05-05,0
UKL107,2025-05-06,0
UKL107,2025-05-07,0
UKL107,2025-05-08,0
UKL107,2025-05-09,0
UKL107,2025-05-10,0
UKL107,2025-05-11,0
UKL107,2025-05-12,0.056059055441007845
UKL107,2025-05-13,0.35457479672169123
UKL107,2025-05-14,1.6929132599882254e-4
UKL107,2025-05-15,0
UKL107,2025-05-16,0.0049055115444453685
UKL107,2025-05-17,0
UKL107,2025-05-18,0
UKL107,2025-05-19,0
UKL107,2025-05-20,0
UKL107,2025-05-21,0
UKL107,2025-05-22,0
UKL107,2025-05-23,0
UKL107,2025-05-24,0
UKL107,2025-05-25,0
UKL107,2025-05-26,0
UKL107,2025-05-27,0
UKL107,2025-05-28,0
UKL107,2025-05-29,0
UKL107,2025-05-30,0
UKL107,2025-05-31,0
UKL107,2025-06-01,0
UKL107,2025-06-02,0
UKL107,2025-06-03,0
UKL107,2025-06-04,0
UKL107,2025-06-05,0
UKL107,2025-06-06,0
UKL107,2025-06-07,0
UKL107,2025-06-08,0
UKL107,2025-06-09,0
UKL107,2025-06-10,0
UKL107,2025-06-11,0.07623621797937108
UKL107,2025-06-12,0
UKL107,2025-06-13,0
UKL107,2025-06-14,0
UKL107,2025-06-15,0
UKL107,2025-06-16,0
UKL107,2025-06-17,0
UKL107,2025-06-18,0
UKL107,2025-06-19,0
UKL107,2025-06-20,0
UKL107,2025-06-21,0
UKL107,2025-06-22,0
UKL107,2025-06-23,0
UKL107,2025-06-24,0.0027086612159811607
UKL107,2025-06-25,0
UKL107,2025-06-26,0
UKL107,2025-06-27,0
UKL107,2025-06-28,0
UKL107,2025-06-29,0
UKL107,2025-06-30,0
UKL107,2025-07-01,0
UKL107,2025-07-02,0.08343700348861574
UKL107,2025-07-03,0
UKL107,2025-07-04,0.018602362063926035
UKL107,2025-07-05,0.008881889342323063
UKL107,2025-07-06,0
UKL107,2025-07-07,0
UKL107,2025-07-08,0
UKL107,2025-07-09,0
UKL107,2025-07-10,0
UKL107,2025-07-11,0
UKL107,2025-07-12,0
UKL107,2025-07-13,0
UKL107,2025-07-14,0
UKL107,2025-07-15,0
WIL18,2025-03-25,0
WIL18,2025-03-26,0
WIL18,2025-03-27,0
WIL18,2025-03-28,0.17755117942029097
WIL18,2025-03-29,0.17212597403939317
WIL18,2025-03-30,0
WIL18,2025-03-31,0.1930551078375869
WIL18,2025-04-01,0.19237007681779036
WIL18,2025-04-02,0.10295275628097414
WIL18,2025-04-03,0
WIL18,2025-04-04,0
WIL18,2025-04-05,0
WIL18,2025-04-06,0
WIL18,2025-04-07,0.10662597934092125
WIL18,2025-04-08,0.09010236094317099
WIL18,2025-04-09,0
WIL18,2025-04-10,0
WIL18,2025-04-11,0
WIL18,2025-04-12,0
WIL18,2025-04-13,0
WIL18,2025-04-14,0
WIL18,2025-04-15,0
WIL18,2025-04-16,0
WIL18,2025-04-17,0
WIL18,2025-04-18,0
WIL18,2025-04-19,0
WIL18,2025-04-20,0
WIL18,2025-04-21,0
WIL18,2025-04-22,0
WIL18,2025-04-23,0
WIL18,2025-04-24,0
WIL18,2025-04-25,0
WIL18,2025-04-26,0.2360747930571789
WIL18,2025-04-27,0.10751968293678105
WIL18,2025-04-28,0
WIL18,2025-04-29,0
WIL18,2025-04-30,0
WIL18,2025-05-01,0
WIL18,2025-05-02,0
WIL18,2025-05-03,0
WIL18,2025-05-04,0.04377558944732186
WIL18,2025-05-05,0
WIL18,2025-05-06,0
WIL18,2025-05-07,0
WIL18,2025-05-08,0
WIL18,2025-05-09,0
WIL18,2025-05-10,0
WIL18,2025-05-11,0
WIL18,2025-05-12,0.09378345932547502
WIL18,2025-05-13,0.2734921109957958
WIL18,2025-05-14,0.15712598177391715
WIL18,2025-05-15,0
WIL18,2025-05-16,4.76377950174602e-4
WIL18,2025-05-17,0
WIL18,2025-05-18,9.52755900349204e-4
WIL18,2025-05-19,0
WIL18,2025-05-20,1.732283455180371e-4
WIL18,2025-05-21,0
WIL18,2025-05-22,0
WIL18,2025-05-23,0
WIL18,2025-05-24,0
WIL18,2025-05-25,0
WIL18,2025-05-26,0
WIL18,2025-05-27,0
WIL18,2025-05-28,0
WIL18,2025-05-29,0
WIL18,2025-05-30,0
WIL18,2025-05-31,0
WIL18,2025-06-01,0
WIL18,2025-06-02,0
WIL18,2025-06-03,0
WIL18,2025-06-04,0
WIL18,2025-06-05,0
WIL18,2025-06-06,0
WIL18,2025-06-07,0
WIL18,2025-06-08,0
WIL18,2025-06-09,0
WIL18,2025-06-10,0
WIL18,2025-06-11,0
WIL18,2025-06-12,0
WIL18,2025-06-13,0
WIL18,2025-06-14,0
WIL18,2025-06-15,0
WIL18,2025-06-16,0
WIL18,2025-06-17,0
WIL18,2025-06-18,0
WIL18,2025-06-19,0
WIL18,2025-06-20,0
WIL18,2025-06-21,0.18215354033342498
WIL18,2025-06-22,0
WIL18,2025-06-23,0
WIL18,2025-06-24,0
WIL18,2025-06-25,0
WIL18,2025-06-26,0
WIL18,2025-06-27,0
WIL18,2025-06-28,0
WIL18,2025-06-29,0
WIL18,2025-06-30,0
WIL18,2025-07-01,0
WIL18,2025-07-02,0.02855118100098738
WIL18,2025-07-03,0
WIL18,2025-07-04,0.1051417298204317
WIL18,2025-07-05,0.03815747856155156
WIL18,2025-07-06,0
WIL18,2025-07-07,0
WIL18,2025-07-08,0
WIL18,2025-07-09,0
WIL18,2025-07-10,0
WIL18,2025-07-11,0
WIL18,2025-07-12,0
WIL18,2025-07-13,0
WIL18,2025-07-14,0
WIL18,2025-07-15,0
WIL40,2025-03-25,0
WIL40,2025-03-26,0
WIL40,2025-03-27,0.029496062458969477
WIL40,2025-03-28,0.2054212600227416
WIL40,2025-03-29,0.20003542186707024
WIL40,2025-03-30,0.002255905419588089
WIL40,2025-03-31,0.226811011006513
WIL40,2025-04-01,0.22915353925209347
WIL40,2025-04-02,0.19933069784810226
WIL40,2025-04-03,0.001248031502633583
WIL40,2025-04-04,0
WIL40,2025-04-05,0
WIL40,2025-04-06,0
WIL40,2025-04-07,0.20366927770179089
WIL40,2025-04-08,0.17086220538522315
WIL40,2025-04-09,5.708661253058066e-4
WIL40,2025-04-10,0
WIL40,2025-04-11,8.937007358928366e-4
WIL40,2025-04-12,0
WIL40,2025-04-13,0
WIL40,2025-04-14,0
WIL40,2025-04-15,0
WIL40,2025-04-16,0
WIL40,2025-04-17,0
WIL40,2025-04-18,0
WIL40,2025-04-19,0
WIL40,2025-04-20,0
WIL40,2025-04-21,0
WIL40,2025-04-22,0
WIL40,2025-04-23,0
WIL40,2025-04-24,0
WIL40,2025-04-25,0
WIL40,2025-04-26,0.3198307142482968
WIL40,2025-04-27,0.11206299301207535
WIL40,2025-04-28,0
WIL40,2025-04-29,0
WIL40,2025-04-30,0
WIL40,2025-05-01,0
WIL40,2025-05-02,0
WIL40,2025-05-03,0
WIL40,2025-05-04,0.06922440735373911
WIL40,2025-05-05,0
WIL40,2025-05-06,0
WIL40,2025-05-07,0
WIL40,2025-05-08,0
WIL40,2025-05-09,0
WIL40,2025-05-10,0
WIL40,2025-05-11,0
WIL40,2025-05-12,0.13762204665837327
WIL40,2025-05-13,0.34922438343678874
WIL40,2025-05-14,0.09953149660365788
WIL40,2025-05-15,0
WIL40,2025-05-16,0
WIL40,2025-05-17,0.0029251967945436797
WIL40,2025-05-18,0.051232280693654944
WIL40,2025-05-19,1.8503936740943766e-4
WIL40,2025-05-20,0.019047243857946924
WIL40,2025-05-21,0
WIL40,2025-05-22,0
WIL40,2025-05-23,0
WIL40,2025-05-24,0
WIL40,2025-05-25,0
WIL40,2025-05-26,0
WIL40,2025-05-27,0
WIL40,2025-05-28,0
WIL40,2025-05-29,0
WIL40,2025-05-30,0
WIL40,2025-05-31,0
WIL40,2025-06-01,0
WIL40,2025-06-02,0
WIL40,2025-06-03,0
WIL40,2025-06-04,0
WIL40,2025-06-05,0
WIL40,2025-06-06,0
WIL40,2025-06-07,0
WIL40,2025-06-08,0
WIL40,2025-06-09,0
WIL40,2025-06-10,0
WIL40,2025-06-11,0
WIL40,2025-06-12,0
WIL40,2025-06-13,0
WIL40,2025-06-14,0
WIL40,2025-06-15,0
WIL40,2025-06-16,0
WIL40,2025-06-17,0
WIL40,2025-06-18,0
WIL40,2025-06-19,0
WIL40,2025-06-20,0
WIL40,2025-06-21,0.16043700571135275
WIL40,2025-06-22,0.0820669226759062
WIL40,2025-06-23,0
WIL40,2025-06-24,0
WIL40,2025-06-25,0
WIL40,2025-06-26,0
WIL40,2025-06-27,0
WIL40,2025-06-28,0
WIL40,2025-06-29,0
WIL40,2025-06-30,0
WIL40,2025-07-01,0
WIL40,2025-07-02,0.01679527477955255
WIL40,2025-07-03,0
WIL40,2025-07-04,0.07644094350769765
WIL40,2025-07-05,0.02038582572786827
WIL40,2025-07-06,0
WIL40,2025-07-07,0
WIL40,2025-07-08,0
WIL40,2025-07-09,0
WIL40,2025-07-10,0
WIL40,2025-07-11,0
WIL40,2025-07-12,0
WIL40,2025-07-13,0
WIL40,2025-07-14,0
WIL40,2025-07-15,0
WIL62,2025-03-25,0
WIL62,2025-03-26,0
WIL62,2025-03-27,0.0016653543616843038
WIL62,2025-03-28,0.12743306910897803
WIL62,2025-03-29,0.13366929189426693
WIL62,2025-03-30,0
WIL62,2025-03-31,0.18520077382485697
WIL62,2025-04-01,0.1604724305821216
WIL62,2025-04-02,0.12638976254801113
WIL62,2025-04-03,0
WIL62,2025-04-04,0
WIL62,2025-04-05,0
WIL62,2025-04-06,0
WIL62,2025-04-07,0.10522833959324154
WIL62,2025-04-08,0.10175196204598495
WIL62,2025-04-09,0
WIL62,2025-04-10,0
WIL62,2025-04-11,0
WIL62,2025-04-12,0
WIL62,2025-04-13,0
WIL62,2025-04-14,0
WIL62,2025-04-15,0
WIL62,2025-04-16,0
WIL62,2025-04-17,0
WIL62,2025-04-18,0
WIL62,2025-04-19,0
WIL62,2025-04-20,0
WIL62,2025-04-21,0
WIL62,2025-04-22,0
WIL62,2025-04-23,0
WIL62,2025-04-24,0
WIL62,2025-04-25,0
WIL62,2025-04-26,0.2801535448690099
WIL62,2025-04-27,0.15566534883394018
WIL62,2025-04-28,0
WIL62,2025-04-29,0
WIL62,2025-04-30,0
WIL62,2025-05-01,0
WIL62,2025-05-02,0
WIL62,2025-05-03,0
WIL62,2025-05-04,0.16641338979165385
WIL62,2025-05-05,0
WIL62,2025-05-06,0
WIL62,2025-05-07,0
WIL62,2025-05-08,0
WIL62,2025-05-09,0
WIL62,2025-05-10,0
WIL62,2025-05-11,0
WIL62,2025-05-12,0.06253543331867129
WIL62,2025-05-13,0.3575787206334392
WIL62,2025-05-14,0.026779526800621213
WIL62,2025-05-15,0
WIL62,2025-05-16,0.02749999911766353
WIL62,2025-05-17,0
WIL62,2025-05-18,3.14960608214844e-4
WIL62,2025-05-19,0
WIL62,2025-05-20,9.448818429776534e-5
WIL62,2025-05-21,0
WIL62,2025-05-22,0
WIL62,2025-05-23,0
WIL62,2025-05-24,0
WIL62,2025-05-25,0
WIL62,2025-05-26,0
WIL62,2025-05-27,0
WIL62,2025-05-28,0
WIL62,2025-05-29,0
WIL62,2025-05-30,0
WIL62,2025-05-31,0
WIL62,2025-06-01,0
WIL62,2025-06-02,0
WIL62,2025-06-03,0
WIL62,2025-06-04,0
WIL62,2025-06-05,0
WIL62,2025-06-06,0
WIL62,2025-06-07,0
WIL62,2025-06-08,0
WIL62,2025-06-09,0
WIL62,2025-06-10,0
WIL62,2025-06-11,0.1470787318672721
WIL62,2025-06-12,0
WIL62,2025-06-13,0
WIL62,2025-06-14,0
WIL62,2025-06-15,0
WIL62,2025-06-16,0
WIL62,2025-06-17,0
WIL62,2025-06-18,0
WIL62,2025-06-19,0
WIL62,2025-06-20,0
WIL62,2025-06-21,0.03534251780021848
WIL62,2025-06-22,0.017307086253729394
WIL62,2025-06-23,0
WIL62,2025-06-24,0
WIL62,2025-06-25,0
WIL62,2025-06-26,0
WIL62,2025-06-27,0
WIL62,2025-06-28,0
WIL62,2025-06-29,0
WIL62,2025-06-30,0
WIL62,2025-07-01,0
WIL62,2025-07-02,0.02828739994154202
WIL62,2025-07-03,0
WIL62,2025-07-04,0.11422046526210515
WIL62,2025-07-05,0.05582677097771112
WIL62,2025-07-06,0
WIL62,2025-07-07,0
WIL62,2025-07-08,0
WIL62,2025-07-09,0
WIL62,2025-07-10,0
WIL62,2025-07-11,0
WIL62,2025-07-12,0
WIL62,2025-07-13,0
WIL62,2025-07-14,0
WIL62,2025-07-15,0
WIL84,2025-03-25,0
WIL84,2025-03-26,0
WIL84,2025-03-27,0.03833070749372948
WIL84,2025-03-28,0.24117715715423346
WIL84,2025-03-29,0.1833700758265698
WIL84,2025-03-30,0.012157479609091451
WIL84,2025-03-31,0.286208663399764
WIL84,2025-04-01,0.2310157385398084
WIL84,2025-04-02,0.23820077340433918
WIL84,2025-04-03,0.015755904706444328
WIL84,2025-04-04,0
WIL84,2025-04-05,0
WIL84,2025-04-06,0
WIL84,2025-04-07,0.25180313530869375
WIL84,2025-04-08,0.21337400271197943
WIL84,2025-04-09,0
WIL84,2025-04-10,0
WIL84,2025-04-11,0.0013425196777647876
WIL84,2025-04-12,0
WIL84,2025-04-13,0
WIL84,2025-04-14,0
WIL84,2025-04-15,0
WIL84,2025-04-16,0
WIL84,2025-04-17,0
WIL84,2025-04-18,0
WIL84,2025-04-19,0
WIL84,2025-04-20,0
WIL84,2025-04-21,0
WIL84,2025-04-22,0
WIL84,2025-04-23,0
WIL84,2025-04-24,0
WIL84,2025-04-25,0
WIL84,2025-04-26,0.35179524909792925
WIL84,2025-04-27,0.12800787377545214
WIL84,2025-04-28,0
WIL84,2025-04-29,0
WIL84,2025-04-30,0
WIL84,2025-05-01,0
WIL84,2025-05-02,0
WIL84,2025-05-03,6.811023785138694e-4
WIL84,2025-05-04,0.07436613867602011
WIL84,2025-05-05,0
WIL84,2025-05-06,0
WIL84,2025-05-07,0
WIL84,2025-05-08,0
WIL84,2025-05-09,0
WIL84,2025-05-10,0
WIL84,2025-05-11,0
WIL84,2025-05-12,0.1576102249265656
WIL84,2025-05-13,0.4032480059646246
WIL84,2025-05-14,0.06968897628033255
WIL84,2025-05-15,0
WIL84,2025-05-16,0
WIL84,2025-05-17,0.017181102215774416
WIL84,2025-05-18,0.08320865668649749
WIL84,2025-05-19,0
WIL84,2025-05-20,0.05706692774464765
WIL84,2025-05-21,0
WIL84,2025-05-22,0
WIL84,2025-05-23,0
WIL84,2025-05-24,0
WIL84,2025-05-25,0
WIL84,2025-05-26,0
WIL84,2025-05-27,0
WIL84,2025-05-28,0
WIL84,2025-05-29,0
WIL84,2025-05-30,0
WIL84,2025-05-31,0
WIL84,2025-06-01,0
WIL84,2025-06-02,0
WIL84,2025-06-03,0
WIL84,2025-06-04,0
WIL84,2025-06-05,0
WIL84,2025-06-06,0
WIL84,2025-06-07,0
WIL84,2025-06-08,0
WIL84,2025-06-09,0
WIL84,2025-06-10,0
WIL84,2025-06-11,0
WIL84,2025-06-12,0
WIL84,2025-06-13,0
WIL84,2025-06-14,0
WIL84,2025-06-15,0
WIL84,2025-06-16,0
WIL84,2025-06-17,0
WIL84,2025-06-18,0
WIL84,2025-06-19,0
WIL84,2025-06-20,0
WIL84,2025-06-21,0.2283621960737574
WIL84,2025-06-22,0.1115984240854819
WIL84,2025-06-23,0
WIL84,2025-06-24,0
WIL84,2025-06-25,0
WIL84,2025-06-26,0
WIL84,2025-06-27,0
WIL84,2025-06-28,0
WIL84,2025-06-29,0
WIL84,2025-06-30,0
WIL84,2025-07-01,0.01438188975251566
WIL84,2025-07-02,0.010771652844947155
WIL84,2025-07-03,0
WIL84,2025-07-04,0.043429131582966005
WIL84,2025-07-05,0.010362204134933592
WIL84,2025-07-06,0
WIL84,2025-07-07,0
WIL84,2025-07-08,0
WIL84,2025-07-09,0
WIL84,2025-07-10,0
WIL84,2025-07-11,0
WIL84,2025-07-12,0
WIL84,2025-07-13,0
WIL84,2025-07-14,0
WIL84,2025-07-15,0
WIL106,2025-03-25,0
WIL106,2025-03-26,0
WIL106,2025-03-27,0.005102362337074881
WIL106,2025-03-28,0.13099605642904447
WIL106,2025-03-29,0.11046456539724755
WIL106,2025-03-30,0
WIL106,2025-03-31,0.20637795681089868
WIL106,2025-04-01,0.16993306753203627
WIL106,2025-04-02,0.1125354278744675
WIL106,2025-04-03,0
WIL106,2025-04-04,0
WIL106,2025-04-05,0
WIL106,2025-04-06,0
WIL106,2025-04-07,0.13816141706752028
WIL106,2025-04-08,0.11853149556738186
WIL106,2025-04-09,0
WIL106,2025-04-10,0
WIL106,2025-04-11,0
WIL106,2025-04-12,0
WIL106,2025-04-13,0
WIL106,2025-04-14,0
WIL106,2025-04-15,0
WIL106,2025-04-16,0
WIL106,2025-04-17,0
WIL106,2025-04-18,0
WIL106,2025-04-19,0
WIL106,2025-04-20,0
WIL106,2025-04-21,0
WIL106,2025-04-22,0
WIL106,2025-04-23,0
WIL106,2025-04-24,0
WIL106,2025-04-25,0
WIL106,2025-04-26,0.3331653339656319
WIL106,2025-04-27,0.10037007294301913
WIL106,2025-04-28,0
WIL106,2025-04-29,0
WIL106,2025-04-30,0
WIL106,2025-05-01,0
WIL106,2025-05-02,0
WIL106,2025-05-03,0
WIL106,2025-05-04,0.12078739526703602
WIL106,2025-05-05,0
WIL106,2025-05-06,0
WIL106,2025-05-07,0
WIL106,2025-05-08,0
WIL106,2025-05-09,0
WIL106,2025-05-10,0
WIL106,2025-05-11,0
WIL106,2025-05-12,0.09614960415156808
WIL106,2025-05-13,0.3705196680985098
WIL106,2025-05-14,0.022767716505396086
WIL106,2025-05-15,0
WIL106,2025-05-16,0.020775590825268603
WIL106,2025-05-17,0
WIL106,2025-05-18,0
WIL106,2025-05-19,0
WIL106,2025-05-20,0
WIL106,2025-05-21,0
WIL106,2025-05-22,0
WIL106,2025-05-23,0
WIL106,2025-05-24,0
WIL106,2025-05-25,0
WIL106,2025-05-26,0
WIL106,2025-05-27,0
WIL106,2025-05-28,0
WIL106,2025-05-29,0
WIL106,2025-05-30,0
WIL106,2025-05-31,0
WIL106,2025-06-01,0
WIL106,2025-06-02,0
WIL106,2025-06-03,0
WIL106,2025-06-04,0
WIL106,2025-06-05,0
WIL106,2025-06-06,0
WIL106,2025-06-07,0
WIL106,2025-06-08,0
WIL106,2025-06-09,0
WIL106,2025-06-10,0
WIL106,2025-06-11,0
WIL106,2025-06-12,0
WIL106,2025-06-13,0
WIL106,2025-06-14,0
WIL106,2025-06-15,0
WIL106,2025-06-16,0
WIL106,2025-06-17,0
WIL106,2025-06-18,0
WIL106,2025-06-19,0
WIL106,2025-06-20,0
WIL106,2025-06-21,0.15307086659228708
WIL106,2025-06-22,0.08742125954214983
WIL106,2025-06-23,0
WIL106,2025-06-24,0
WIL106,2025-06-25,0
WIL106,2025-06-26,0
WIL106,2025-06-27,0
WIL106,2025-06-28,0
WIL106,2025-06-29,0
WIL106,2025-06-30,0
WIL106,2025-07-01,1.732283455180371e-4
WIL106,2025-07-02,0.021342520169385776
WIL106,2025-07-03,0
WIL106,2025-07-04,0.0766102347786971
WIL106,2025-07-05,0.031047242832934765
WIL106,2025-07-06,0
WIL106,2025-07-07,0
WIL106,2025-07-08,0
WIL106,2025-07-09,0
WIL106,2025-07-10,0
WIL106,2025-07-11,0
WIL106,2025-07-12,0
WIL106,2025-07-13,0
WIL106,2025-07-14,0
WIL106,2025-07-15,0
WIL128,2025-03-25,0
WIL128,2025-03-26,0
WIL128,2025-03-27,0
WIL128,2025-03-28,0.06018110147611363
WIL128,2025-03-29,0.05079527539531077
WIL128,2025-03-30,0
WIL128,2025-03-31,0.18668897508636234
WIL128,2025-04-01,0.1253582642773005
WIL128,2025-04-02,0.13564172692186252
WIL128,2025-04-03,0
WIL128,2025-04-04,0
WIL128,2025-04-05,0
WIL128,2025-04-06,0
WIL128,2025-04-07,0.08282283159691518
WIL128,2025-04-08,0.07005511775730164
WIL128,2025-04-09,0
WIL128,2025-04-10,0
WIL128,2025-04-11,0
WIL128,2025-04-12,0
WIL128,2025-04-13,0
WIL128,2025-04-14,0
WIL128,2025-04-15,0
WIL128,2025-04-16,0
WIL128,2025-04-17,0
WIL128,2025-04-18,0
WIL128,2025-04-19,0
WIL128,2025-04-20,0
WIL128,2025-04-21,0
WIL128,2025-04-22,0
WIL128,2025-04-23,0
WIL128,2025-04-24,0
WIL128,2025-04-25,0
WIL128,2025-04-26,0.28837795332660826
WIL128,2025-04-27,0.23499999459334248
WIL128,2025-04-28,0
WIL128,2025-04-29,0
WIL128,2025-04-30,0
WIL128,2025-05-01,0
WIL128,2025-05-02,0
WIL128,2025-05-03,0
WIL128,2025-05-04,0.1698228317921556
WIL128,2025-05-05,0
WIL128,2025-05-06,0
WIL128,2025-05-07,0
WIL128,2025-05-08,0
WIL128,2025-05-09,0
WIL128,2025-05-10,0
WIL128,2025-05-11,0
WIL128,2025-05-12,0.09015353645865373
WIL128,2025-05-13,0.3887440839151698
WIL128,2025-05-14,0.015074803134587807
WIL128,2025-05-15,0
WIL128,2025-05-16,0.02801181059184037
WIL128,2025-05-17,0
WIL128,2025-05-18,0
WIL128,2025-05-19,0
WIL128,2025-05-20,0
WIL128,2025-05-21,0
WIL128,2025-05-22,0
WIL128,2025-05-23,0
WIL128,2025-05-24,0
WIL128,2025-05-25,0
WIL128,2025-05-26,0
WIL128,2025-05-27,0
WIL128,2025-05-28,0
WIL128,2025-05-29,0
WIL128,2025-05-30,0
WIL128,2025-05-31,0
WIL128,2025-06-01,0
WIL128,2025-06-02,0
WIL128,2025-06-03,0
WIL128,2025-06-04,0
WIL128,2025-06-05,0
WIL128,2025-06-06,0
WIL128,2025-06-07,0
WIL128,2025-06-08,0
WIL128,2025-06-09,0
WIL128,2025-06-10,0
WIL128,2025-06-11,0.009968503722994347
WIL128,2025-06-12,0
WIL128,2025-06-13,0
WIL128,2025-06-14,0
WIL128,2025-06-15,0
WIL128,2025-06-16,0
WIL128,2025-06-17,0
WIL128,2025-06-18,0
WIL128,2025-06-19,0
WIL128,2025-06-20,0
WIL128,2025-06-21,0
WIL128,2025-06-22,0
WIL128,2025-06-23,0
WIL128,2025-06-24,0
WIL128,2025-06-25,0
WIL128,2025-06-26,0
WIL128,2025-06-27,0
WIL128,2025-06-28,0
WIL128,2025-06-29,0
WIL128,2025-06-30,0
WIL128,2025-07-01,0
WIL128,2025-07-02,0
WIL128,2025-07-03,0
WIL128,2025-07-04,0.11878740130447028
WIL128,2025-07-05,0.08981102094875547
WIL128,2025-07-06,0
WIL128,2025-07-07,0
WIL128,2025-07-08,0
WIL128,2025-07-09,0
WIL128,2025-07-10,0
WIL128,2025-07-11,0
WIL128,2025-07-12,0
WIL128,2025-07-13,0
WIL128,2025-07-14,0
WIL128,2025-07-15,0
WIL150,2025-03-25,0
WIL150,2025-03-26,0
WIL150,2025-03-27,0
WIL150,2025-03-28,0.07942913085456908
WIL150,2025-03-29,0.07783070793302041
WIL150,2025-03-30,0.0025078739354929586
WIL150,2025-03-31,0.19512597031480686
WIL150,2025-04-01,0.14964960691497084
WIL150,2025-04-02,0.14461810194601224
WIL150,2025-04-03,0
WIL150,2025-04-04,0
WIL150,2025-04-05,0
WIL150,2025-04-06,0.01968503937007874
WIL150,2025-04-07,0.10428740283635658
WIL150,2025-04-08,0.07436613867602011
WIL150,2025-04-09,0
WIL150,2025-04-10,0
WIL150,2025-04-11,0
WIL150,2025-04-12,0
WIL150,2025-04-13,0
WIL150,2025-04-14,0
WIL150,2025-04-15,0
WIL150,2025-04-16,0
WIL150,2025-04-17,0
WIL150,2025-04-18,0
WIL150,2025-04-19,0
WIL150,2025-04-20,0
WIL150,2025-04-21,0
WIL150,2025-04-22,0
WIL150,2025-04-23,0
WIL150,2025-04-24,0
WIL150,2025-04-25,0
WIL150,2025-04-26,0.27453148458886334
WIL150,2025-04-27,0.23835826107836147
WIL150,2025-04-28,0
WIL150,2025-04-29,0
WIL150,2025-04-30,0
WIL150,2025-05-01,0
WIL150,2025-05-02,0
WIL150,2025-05-03,0
WIL150,2025-05-04,0.20733857718039686
WIL150,2025-05-05,0
WIL150,2025-05-06,0
WIL150,2025-05-07,0
WIL150,2025-05-08,0
WIL150,2025-05-09,0
WIL150,2025-05-10,0
WIL150,2025-05-11,0
WIL150,2025-05-12,0.06361416944368618
WIL150,2025-05-13,0.3984803102147861
WIL150,2025-05-14,0.01907086513173862
WIL150,2025-05-15,0
WIL150,2025-05-16,0.032944881071255906
WIL150,2025-05-17,5.118110250153645e-5
WIL150,2025-05-18,0.004940944628452692
WIL150,2025-05-19,0
WIL150,2025-05-20,0.005047243880474662
WIL150,2025-05-21,0
WIL150,2025-05-22,0
WIL150,2025-05-23,0
WIL150,2025-05-24,0
WIL150,2025-05-25,0
WIL150,2025-05-26,0
WIL150,2025-05-27,0
WIL150,2025-05-28,0
WIL150,2025-05-29,0
WIL150,2025-05-30,0
WIL150,2025-05-31,0
WIL150,2025-06-01,0
WIL150,2025-06-02,0
WIL150,2025-06-03,0
WIL150,2025-06-04,0
WIL150,2025-06-05,0
WIL150,2025-06-06,0
WIL150,2025-06-07,0
WIL150,2025-06-08,0
WIL150,2025-06-09,0
WIL150,2025-06-10,0
WIL150,2025-06-11,0.2915511732026348
WIL150,2025-06-12,0
WIL150,2025-06-13,0
WIL150,2025-06-14,0
WIL150,2025-06-15,0
WIL150,2025-06-16,0
WIL150,2025-06-17,0
WIL150,2025-06-18,0
WIL150,2025-06-19,0
WIL150,2025-06-20,0
WIL150,2025-06-21,0.004610236235490934
WIL150,2025-06-22,0.007681102147252541
WIL150,2025-06-23,0
WIL150,2025-06-24,0
WIL150,2025-06-25,0
WIL150,2025-06-26,0
WIL150,2025-06-27,0
WIL150,2025-06-28,0
WIL150,2025-06-29,0
WIL150,2025-06-30,0
WIL150,2025-07-01,0
WIL150,2025-07-02,0.02400787327233262
WIL150,2025-07-03,0
WIL150,2025-07-04,0.09758267815657488
WIL150,2025-07-05,0.07452362165676328
WIL150,2025-07-06,0
WIL150,2025-07-07,0
WIL150,2025-07-08,0
WIL150,2025-07-09,0
WIL150,2025-07-10,0
WIL150,2025-07-11,0
WIL150,2025-07-12,0
WIL150,2025-07-13,0
WIL150,2025-07-14,0
WIL150,2025-07-15,0
WIL172,2025-03-25,0
WIL172,2025-03-26,0
WIL172,2025-03-27,0
WIL172,2025-03-28,0.17151181153425082
WIL172,2025-03-29,0.04450393474008155
WIL172,2025-03-30,0
WIL172,2025-03-31,0.22535825338889295
WIL172,2025-04-01,0.17954330744705801
WIL172,2025-04-02,0.07274015681950126
WIL172,2025-04-03,0
WIL172,2025-04-04,0
WIL172,2025-04-05,0
WIL172,2025-04-06,0
WIL172,2025-04-07,0.1617086590744379
WIL172,2025-04-08,0.11228739745973602
WIL172,2025-04-09,0
WIL172,2025-04-10,0
WIL172,2025-04-11,0
WIL172,2025-04-12,0
WIL172,2025-04-13,0
WIL172,2025-04-14,0
WIL172,2025-04-15,0
WIL172,2025-04-16,0
WIL172,2025-04-17,0
WIL172,2025-04-18,0
WIL172,2025-04-19,0
WIL172,2025-04-20,0
WIL172,2025-04-21,0
WIL172,2025-04-22,0
WIL172,2025-04-23,0
WIL172,2025-04-24,0
WIL172,2025-04-25,0
WIL172,2025-04-26,0.35420076114924876
WIL172,2025-04-27,0.0859921278916006
WIL172,2025-04-28,0
WIL172,2025-04-29,0
WIL172,2025-04-30,0
WIL172,2025-05-01,0
WIL172,2025-05-02,0
WIL172,2025-05-03,0
WIL172,2025-05-04,0.14888188970370556
WIL172,2025-05-05,0
WIL172,2025-05-06,0
WIL172,2025-05-07,0
WIL172,2025-05-08,0
WIL172,2025-05-09,0
WIL172,2025-05-10,0
WIL172,2025-05-11,0
WIL172,2025-05-12,0.08866535397026483
WIL172,2025-05-13,0.3260905348409818
WIL172,2025-05-14,0
WIL172,2025-05-15,0
WIL172,2025-05-16,0.009956693086098499
WIL172,2025-05-17,0
WIL172,2025-05-18,0
WIL172,2025-05-19,0
WIL172,2025-05-20,0
WIL172,2025-05-21,0
WIL172,2025-05-22,0
WIL172,2025-05-23,0
WIL172,2025-05-24,0
WIL172,2025-05-25,0
WIL172,2025-05-26,0
WIL172,2025-05-27,0
WIL172,2025-05-28,0
WIL172,2025-05-29,0
WIL172,2025-05-30,0
WIL172,2025-05-31,0
WIL172,2025-06-01,0
WIL172,2025-06-02,0
WIL172,2025-06-03,0
WIL172,2025-06-04,0
WIL172,2025-06-05,0
WIL172,2025-06-06,0
WIL172,2025-06-07,0
WIL172,2025-06-08,0
WIL172,2025-06-09,0
WIL172,2025-06-10,0
WIL172,2025-06-11,0
WIL172,2025-06-12,0
WIL172,2025-06-13,0
WIL172,2025-06-14,0
WIL172,2025-06-15,0
WIL172,2025-06-16,0
WIL172,2025-06-17,0
WIL172,2025-06-18,0
WIL172,2025-06-19,0
WIL172,2025-06-20,0
WIL172,2025-06-21,0
WIL172,2025-06-22,0
WIL172,2025-06-23,0
WIL172,2025-06-24,0
WIL172,2025-06-25,0
WIL172,2025-06-26,0
WIL172,2025-06-27,0
WIL172,2025-06-28,0
WIL172,2025-06-29,0
WIL172,2025-06-30,0
WIL172,2025-07-01,0.01105511751700574
WIL172,2025-07-02,0.01252362225938031
WIL172,2025-07-03,0
WIL172,2025-07-04,0.03465747974050327
WIL172,2025-07-05,0.0156417313053852
WIL172,2025-07-06,0
WIL172,2025-07-07,0
WIL172,2025-07-08,0
WIL172,2025-07-09,0
WIL172,2025-07-10,0
WIL172,2025-07-11,0
WIL172,2025-07-12,0
WIL172,2025-07-13,0
WIL172,2025-07-14,0
WIL172,2025-07-15,0
WIL194,2025-03-25,0
WIL194,2025-03-26,0
WIL194,2025-03-27,0
WIL194,2025-03-28,0.07423621932352623
WIL194,2025-03-29,0.02294488075211292
WIL194,2025-03-30,0
WIL194,2025-03-31,0.20004723015732653
WIL194,2025-04-01,0.10946850138386405
WIL194,2025-04-02,0.10620078702611248
WIL194,2025-04-03,0
WIL194,2025-04-04,0
WIL194,2025-04-05,0
WIL194,2025-04-06,0.06102362016993245
WIL194,2025-04-07,0.09634251669635924
WIL194,2025-04-08,0.012960629904364038
WIL194,2025-04-09,0
WIL194,2025-04-10,0
WIL194,2025-04-11,0
WIL194,2025-04-12,0
WIL194,2025-04-13,0
WIL194,2025-04-14,0
WIL194,2025-04-15,0
WIL194,2025-04-16,0
WIL194,2025-04-17,0
WIL194,2025-04-18,0
WIL194,2025-04-19,0
WIL194,2025-04-20,0
WIL194,2025-04-21,0
WIL194,2025-04-22,0
WIL194,2025-04-23,0
WIL194,2025-04-24,0
WIL194,2025-04-25,0
WIL194,2025-04-26,0.21810235000970796
WIL194,2025-04-27,0.28693700399924454
WIL194,2025-04-28,0
WIL194,2025-04-29,0
WIL194,2025-04-30,0
WIL194,2025-05-01,0
WIL194,2025-05-02,0
WIL194,2025-05-03,0
WIL194,2025-05-04,0.08492912833146224
WIL194,2025-05-05,0
WIL194,2025-05-06,0
WIL194,2025-05-07,0
WIL194,2025-05-08,0
WIL194,2025-05-09,0
WIL194,2025-05-10,0
WIL194,2025-05-11,0
WIL194,2025-05-12,0.04116928952885425
WIL194,2025-05-13,0.3615511871698335
WIL194,2025-05-14,1.5748031098234257e-5
WIL194,2025-05-15,0
WIL194,2025-05-16,0.0028818895614991977
WIL194,2025-05-17,0
WIL194,2025-05-18,1.5748031098234257e-5
WIL194,2025-05-19,0
WIL194,2025-05-20,0
WIL194,2025-05-21,0
WIL194,2025-05-22,0
WIL194,2025-05-23,0
WIL194,2025-05-24,0
WIL194,2025-05-25,0
WIL194,2025-05-26,0
WIL194,2025-05-27,0
WIL194,2025-05-28,0
WIL194,2025-05-29,0
WIL194,2025-05-30,0
WIL194,2025-05-31,0
WIL194,2025-06-01,0
WIL194,2025-06-02,0
WIL194,2025-06-03,0
WIL194,2025-06-04,0
WIL194,2025-06-05,0
WIL194,2025-06-06,0
WIL194,2025-06-07,0
WIL194,2025-06-08,0
WIL194,2025-06-09,0
WIL194,2025-06-10,0
WIL194,2025-06-11,0.014685039210507251
WIL194,2025-06-12,0
WIL194,2025-06-13,0
WIL194,2025-06-14,0
WIL194,2025-06-15,0
WIL194,2025-06-16,0
WIL194,2025-06-17,0
WIL194,2025-06-18,0
WIL194,2025-06-19,0
WIL194,2025-06-20,0
WIL194,2025-06-21,6.062992093131299e-4
WIL194,2025-06-22,0
WIL194,2025-06-23,0
WIL194,2025-06-24,0
WIL194,2025-06-25,0
WIL194,2025-06-26,0
WIL194,2025-06-27,0
WIL194,2025-06-28,0
WIL194,2025-06-29,0
WIL194,2025-06-30,0
WIL194,2025-07-01,0
WIL194,2025-07-02,0.01442519698556014
WIL194,2025-07-03,0
WIL194,2025-07-04,0.022354330134204056
WIL194,2025-07-05,0.09343306849321982
WIL194,2025-07-06,0
WIL194,2025-07-07,0
WIL194,2025-07-08,0
WIL194,2025-07-09,0
WIL194,2025-07-10,0
WIL194,2025-07-11,0
WIL194,2025-07-12,0
WIL194,2025-07-13,0
WIL194,2025-07-14,0
WIL194,2025-07-15,0
WIL216,2025-03-25,0
WIL216,2025-03-26,0
WIL216,2025-03-27,0
WIL216,2025-03-28,0.046881887856430896
WIL216,2025-03-29,0.00526377945903718
WIL216,2025-03-30,0
WIL216,2025-03-31,0.12326377583300974
WIL216,2025-04-01,0.06413385624021996
WIL216,2025-04-02,0.09542125416552927
WIL216,2025-04-03,0
WIL216,2025-04-04,0
WIL216,2025-04-05,0
WIL216,2025-04-06,0
WIL216,2025-04-07,0.19404330591517172
WIL216,2025-04-08,0.06435039005880282
WIL216,2025-04-09,0
WIL216,2025-04-10,0
WIL216,2025-04-11,0
WIL216,2025-04-12,0
WIL216,2025-04-13,0
WIL216,2025-04-14,0
WIL216,2025-04-15,0
WIL216,2025-04-16,0
WIL216,2025-04-17,0
WIL216,2025-04-18,0
WIL216,2025-04-19,0
WIL216,2025-04-20,0
WIL216,2025-04-21,0
WIL216,2025-04-22,0
WIL216,2025-04-23,0
WIL216,2025-04-24,0
WIL216,2025-04-25,0
WIL216,2025-04-26,0.32502362108606053
WIL216,2025-04-27,0.257059044725313
WIL216,2025-04-28,0
WIL216,2025-04-29,0
WIL216,2025-04-30,0
WIL216,2025-05-01,0
WIL216,2025-05-02,0
WIL216,2025-05-03,0.01848818866286691
WIL216,2025-05-04,0.21294881039717067
WIL216,2025-05-05,0
WIL216,2025-05-06,0
WIL216,2025-05-07,0
WIL216,2025-05-08,0
WIL216,2025-05-09,0
WIL216,2025-05-10,0
WIL216,2025-05-11,0
WIL216,2025-05-12,0.18084644332645447
WIL216,2025-05-13,0.23399998822550136
WIL216,2025-05-14,9.133858151557878e-4
WIL216,2025-05-15,0
WIL216,2025-05-16,0
WIL216,2025-05-17,0
WIL216,2025-05-18,0
WIL216,2025-05-19,0
WIL216,2025-05-20,3.8976377741558346e-4
WIL216,2025-05-21,0
WIL216,2025-05-22,0
WIL216,2025-05-23,0
WIL216,2025-05-24,0
WIL216,2025-05-25,0
WIL216,2025-05-26,0
WIL216,2025-05-27,0
WIL216,2025-05-28,0
WIL216,2025-05-29,0
WIL216,2025-05-30,0
WIL216,2025-05-31,0
WIL216,2025-06-01,0
WIL216,2025-06-02,0
WIL216,2025-06-03,0
WIL216,2025-06-04,0
WIL216,2025-06-05,0
WIL216,2025-06-06,0
WIL216,2025-06-07,0
WIL216,2025-06-08,0
WIL216,2025-06-09,0
WIL216,2025-06-10,0
WIL216,2025-06-11,0
WIL216,2025-06-12,0
WIL216,2025-06-13,0
WIL216,2025-06-14,0
WIL216,2025-06-15,0
WIL216,2025-06-16,0
WIL216,2025-06-17,0
WIL216,2025-06-18,0
WIL216,2025-06-19,0
WIL216,2025-06-20,0
WIL216,2025-06-21,0.08875196374307467
WIL216,2025-06-22,0
WIL216,2025-06-23,0
WIL216,2025-06-24,0
WIL216,2025-06-25,0
WIL216,2025-06-26,0
WIL216,2025-06-27,0
WIL216,2025-06-28,0
WIL216,2025-06-29,0
WIL216,2025-06-30,0
WIL216,2025-07-01,0
WIL216,2025-07-02,0
WIL216,2025-07-03,0
WIL216,2025-07-04,7.283464660794716e-4
WIL216,2025-07-05,0
WIL216,2025-07-06,0
WIL216,2025-07-07,0
WIL216,2025-07-08,0
WIL216,2025-07-09,0
WIL216,2025-07-10,0
WIL216,2025-07-11,0
WIL216,2025-07-12,0
WIL216,2025-07-13,0
WIL216,2025-07-14,0
WIL216,2025-07-15,0
SPR16,2025-03-25,0
SPR16,2025-03-26,0
SPR16,2025-03-27,0
SPR16,2025-03-28,0.036503935423422985
SPR16,2025-03-29,0.14120471759105294
SPR16,2025-03-30,0.01331889723229596
SPR16,2025-03-31,0.1933582561222587
SPR16,2025-04-01,0.17469683970053365
SPR16,2025-04-02,0.1583622008796752
SPR16,2025-04-03,0
SPR16,2025-04-04,0
SPR16,2025-04-05,0.004574803151483611
SPR16,2025-04-06,0
SPR16,2025-04-07,0.07416141314769355
SPR16,2025-04-08,0.05515354355489176
SPR16,2025-04-09,0
SPR16,2025-04-10,0
SPR16,2025-04-11,0
SPR16,2025-04-12,0
SPR16,2025-04-13,0
SPR16,2025-04-14,0
SPR16,2025-04-15,0
SPR16,2025-04-16,0
SPR16,2025-04-17,0
SPR16,2025-04-18,0
SPR16,2025-04-19,0
SPR16,2025-04-20,0
SPR16,2025-04-21,0
SPR16,2025-04-22,0
SPR16,2025-04-23,0
SPR16,2025-04-24,0
SPR16,2025-04-25,0
SPR16,2025-04-26,0.25331101079625407
SPR16,2025-04-27,0.21005904580664447
SPR16,2025-04-28,0
SPR16,2025-04-29,0
SPR16,2025-04-30,0
SPR16,2025-05-01,0
SPR16,2025-05-02,0
SPR16,2025-05-03,0
SPR16,2025-05-04,0.08472047452851544
SPR16,2025-05-05,0
SPR16,2025-05-06,0
SPR16,2025-05-07,0
SPR16,2025-05-08,0
SPR16,2025-05-09,0
SPR16,2025-05-10,0
SPR16,2025-05-11,0
SPR16,2025-05-12,0.05133464580445778
SPR16,2025-05-13,0.3170472242700772
SPR16,2025-05-14,0.012492125663231678
SPR16,2025-05-15,0
SPR16,2025-05-16,0.015192913023505625
SPR16,2025-05-17,0
SPR16,2025-05-18,0.03375590551556565
SPR16,2025-05-19,0
SPR16,2025-05-20,0.0037047243493748463
SPR16,2025-05-21,0
SPR16,2025-05-22,0
SPR16,2025-05-23,0
SPR16,2025-05-24,0
SPR16,2025-05-25,0
SPR16,2025-05-26,0
SPR16,2025-05-27,0
SPR16,2025-05-28,0
SPR16,2025-05-29,0.061330706115782736
SPR16,2025-05-30,0
SPR16,2025-05-31,0
SPR16,2025-06-01,0
SPR16,2025-06-02,0
SPR16,2025-06-03,0
SPR16,2025-06-04,0
SPR16,2025-06-05,0
SPR16,2025-06-06,0
SPR16,2025-06-07,0
SPR16,2025-06-08,0
SPR16,2025-06-09,0
SPR16,2025-06-10,0
SPR16,2025-06-11,0.2528858184814453
SPR16,2025-06-12,4.4094486616727877e-4
SPR16,2025-06-13,0
SPR16,2025-06-14,0
SPR16,2025-06-15,0
SPR16,2025-06-16,0
SPR16,2025-06-17,0
SPR16,2025-06-18,0
SPR16,2025-06-19,0
SPR16,2025-06-20,0
SPR16,2025-06-21,1.023622050030729e-4
SPR16,2025-06-22,0
SPR16,2025-06-23,0
SPR16,2025-06-24,0
SPR16,2025-06-25,0
SPR16,2025-06-26,0
SPR16,2025-06-27,0
SPR16,2025-06-28,0
SPR16,2025-06-29,0
SPR16,2025-06-30,0
SPR16,2025-07-01,0
SPR16,2025-07-02,0.06712991890944835
SPR16,2025-07-03,0
SPR16,2025-07-04,0.05927952725117601
SPR16,2025-07-05,0.15189763129226805
SPR16,2025-07-06,0
SPR16,2025-07-07,0
SPR16,2025-07-08,0
SPR16,2025-07-09,0
SPR16,2025-07-10,0
SPR16,2025-07-11,0
SPR16,2025-07-12,0
SPR16,2025-07-13,0
SPR16,2025-07-14,0
SPR16,2025-07-15,0
SPR42,2025-03-25,0
SPR42,2025-03-26,0
SPR42,2025-03-27,0
SPR42,2025-03-28,0.04675196850393701
SPR42,2025-03-29,0.16791338057029906
SPR42,2025-03-30,0.00984645617289806
SPR42,2025-03-31,0.27492519438736085
SPR42,2025-04-01,0.2506102351691779
SPR42,2025-04-02,0.25012204027551366
SPR42,2025-04-03,0.006629920850588581
SPR42,2025-04-04,0
SPR42,2025-04-05,0
SPR42,2025-04-06,0
SPR42,2025-04-07,0.10362992136497198
SPR42,2025-04-08,0.149251964148574
SPR42,2025-04-09,0
SPR42,2025-04-10,0
SPR42,2025-04-11,0
SPR42,2025-04-12,0
SPR42,2025-04-13,0
SPR42,2025-04-14,0
SPR42,2025-04-15,0
SPR42,2025-04-16,0
SPR42,2025-04-17,0
SPR42,2025-04-18,0
SPR42,2025-04-19,0
SPR42,2025-04-20,0
SPR42,2025-04-21,0
SPR42,2025-04-22,0
SPR42,2025-04-23,0.024830708353538213
SPR42,2025-04-24,0
SPR42,2025-04-25,0
SPR42,2025-04-26,0.1963110232916404
SPR42,2025-04-27,0.34151967116228243
SPR42,2025-04-28,0
SPR42,2025-04-29,0
SPR42,2025-04-30,0
SPR42,2025-05-01,0
SPR42,2025-05-02,0
SPR42,2025-05-03,0
SPR42,2025-05-04,0.11149999663585754
SPR42,2025-05-05,0
SPR42,2025-05-06,0.01590157470365209
SPR42,2025-05-07,0
SPR42,2025-05-08,0
SPR42,2025-05-09,0
SPR42,2025-05-10,0
SPR42,2025-05-11,0.015933070126480944
SPR42,2025-05-12,0.09378345932547502
SPR42,2025-05-13,0.3988740200132836
SPR42,2025-05-14,0.018311023242830293
SPR42,2025-05-15,0
SPR42,2025-05-16,0.062933071391789
SPR42,2025-05-17,0
SPR42,2025-05-18,0.06603936980089804
SPR42,2025-05-19,0
SPR42,2025-05-20,0.038366141751056584
SPR42,2025-05-21,0
SPR42,2025-05-22,0
SPR42,2025-05-23,0
SPR42,2025-05-24,0
SPR42,2025-05-25,0
SPR42,2025-05-26,0
SPR42,2025-05-27,0
SPR42,2025-05-28,0
SPR42,2025-05-29,0.040456690187529315
SPR42,2025-05-30,0
SPR42,2025-05-31,0
SPR42,2025-06-01,0
SPR42,2025-06-02,0.03608661373769205
SPR42,2025-06-03,0
SPR42,2025-06-04,0
SPR42,2025-06-05,0
SPR42,2025-06-06,0
SPR42,2025-06-07,0
SPR42,2025-06-08,0
SPR42,2025-06-09,0
SPR42,2025-06-10,0
SPR42,2025-06-11,0.10472834579587922
SPR42,2025-06-12,0.08053543060783326
SPR42,2025-06-13,0
SPR42,2025-06-14,0
SPR42,2025-06-15,0
SPR42,2025-06-16,0
SPR42,2025-06-17,0
SPR42,2025-06-18,0
SPR42,2025-06-19,0
SPR42,2025-06-20,0
SPR42,2025-06-21,0
SPR42,2025-06-22,0
SPR42,2025-06-23,0
SPR42,2025-06-24,0
SPR42,2025-06-25,0
SPR42,2025-06-26,0
SPR42,2025-06-27,0
SPR42,2025-06-28,0
SPR42,2025-06-29,0
SPR42,2025-06-30,0
SPR42,2025-07-01,0
SPR42,2025-07-02,0.06030708316742905
SPR42,2025-07-03,0
SPR42,2025-07-04,0.022185038863204595
SPR42,2025-07-05,0.2129251938166581
SPR42,2025-07-06,0
SPR42,2025-07-07,0
SPR42,2025-07-08,0
SPR42,2025-07-09,0
SPR42,2025-07-10,0
SPR42,2025-07-11,0
SPR42,2025-07-12,0
SPR42,2025-07-13,0
SPR42,2025-07-14,0
SPR42,2025-07-15,0
SPR66,2025-03-25,0
SPR66,2025-03-26,0
SPR66,2025-03-27,0
SPR66,2025-03-28,0.05314960723786843
SPR66,2025-03-29,0.15920471957349402
SPR66,2025-03-30,0.015956692573592418
SPR66,2025-03-31,0.2545669135146254
SPR66,2025-04-01,0.233342516140675
SPR66,2025-04-02,0.23884645597202572
SPR66,2025-04-03,0
SPR66,2025-04-04,0
SPR66,2025-04-05,0
SPR66,2025-04-06,0
SPR66,2025-04-07,0.0955826748074509
SPR66,2025-04-08,0.1284015741873914
SPR66,2025-04-09,0
SPR66,2025-04-10,0
SPR66,2025-04-11,0
SPR66,2025-04-12,0
SPR66,2025-04-13,0
SPR66,2025-04-14,0
SPR66,2025-04-15,0
SPR66,2025-04-16,0
SPR66,2025-04-17,0
SPR66,2025-04-18,0
SPR66,2025-04-19,0
SPR66,2025-04-20,0
SPR66,2025-04-21,0
SPR66,2025-04-22,0
SPR66,2025-04-23,0.02058267593383789
SPR66,2025-04-24,0
SPR66,2025-04-25,0
SPR66,2025-04-26,0.19899606704711914
SPR66,2025-04-27,0.32816139731820176
SPR66,2025-04-28,0
SPR66,2025-04-29,0
SPR66,2025-04-30,0
SPR66,2025-05-01,0
SPR66,2025-05-02,0
SPR66,2025-05-03,0
SPR66,2025-05-04,0.10490157472805714
SPR66,2025-05-05,0
SPR66,2025-05-06,0.010346457010179055
SPR66,2025-05-07,0
SPR66,2025-05-08,0
SPR66,2025-05-09,0
SPR66,2025-05-10,0
SPR66,2025-05-11,0.011094488262191532
SPR66,2025-05-12,0.08293700969125342
SPR66,2025-05-13,0.39805904148131843
SPR66,2025-05-14,0.015881889917719084
SPR66,2025-05-15,0
SPR66,2025-05-16,0.05257086491021585
SPR66,2025-05-17,0
SPR66,2025-05-18,0.056610234140411136
SPR66,2025-05-19,0
SPR66,2025-05-20,0.028877952906090444
SPR66,2025-05-21,0
SPR66,2025-05-22,0
SPR66,2025-05-23,0
SPR66,2025-05-24,0
SPR66,2025-05-25,0
SPR66,2025-05-26,0
SPR66,2025-05-27,0
SPR66,2025-05-28,0
SPR66,2025-05-29,0.030192913502220097
SPR66,2025-05-30,0
SPR66,2025-05-31,0
SPR66,2025-06-01,0
SPR66,2025-06-02,0.03017322754296731
SPR66,2025-06-03,0
SPR66,2025-06-04,0
SPR66,2025-06-05,0
SPR66,2025-06-06,0
SPR66,2025-06-07,0
SPR66,2025-06-08,0
SPR66,2025-06-09,0
SPR66,2025-06-10,0
SPR66,2025-06-11,0.10251574628935087
SPR66,2025-06-12,0.06035433040829156
SPR66,2025-06-13,0
SPR66,2025-06-14,0
SPR66,2025-06-15,0
SPR66,2025-06-16,0
SPR66,2025-06-17,0
SPR66,2025-06-18,0
SPR66,2025-06-19,0
SPR66,2025-06-20,0
SPR66,2025-06-21,0
SPR66,2025-06-22,0
SPR66,2025-06-23,0
SPR66,2025-06-24,0
SPR66,2025-06-25,0
SPR66,2025-06-26,0
SPR66,2025-06-27,0
SPR66,2025-06-28,0
SPR66,2025-06-29,0
SPR66,2025-06-30,0
SPR66,2025-07-01,0
SPR66,2025-07-02,0.05649999840053048
SPR66,2025-07-03,0
SPR66,2025-07-04,0.01890551152191763
SPR66,2025-07-05,0.17085432067630799
SPR66,2025-07-06,0
SPR66,2025-07-07,0
SPR66,2025-07-08,0
SPR66,2025-07-09,0
SPR66,2025-07-10,0
SPR66,2025-07-11,0
SPR66,2025-07-12,0
SPR66,2025-07-13,0
SPR66,2025-07-14,0
SPR66,2025-07-15,0
SPR91,2025-03-25,0
SPR91,2025-03-26,0
SPR91,2025-03-27,0
SPR91,2025-03-28,0.10189369907529336
SPR91,2025-03-29,0.08629920914417177
SPR91,2025-03-30,0.0017834645439320663
SPR91,2025-03-31,0.25713779794888236
SPR91,2025-04-01,0.17014567307599887
SPR91,2025-04-02,0.19333069718728854
SPR91,2025-04-03,0
SPR91,2025-04-04,0
SPR91,2025-04-05,0
SPR91,2025-04-06,0.05374409082367664
SPR91,2025-04-07,0.11435432696905662
SPR91,2025-04-08,0.08915353947737086
SPR91,2025-04-09,0
SPR91,2025-04-10,0
SPR91,2025-04-11,0
SPR91,2025-04-12,0
SPR91,2025-04-13,0
SPR91,2025-04-14,0
SPR91,2025-04-15,0
SPR91,2025-04-16,0
SPR91,2025-04-17,0
SPR91,2025-04-18,0
SPR91,2025-04-19,0
SPR91,2025-04-20,0
SPR91,2025-04-21,0
SPR91,2025-04-22,0
SPR91,2025-04-23,0
SPR91,2025-04-24,0
SPR91,2025-04-25,0
SPR91,2025-04-26,0.24570472597137213
SPR91,2025-04-27,0.3161141628355492
SPR91,2025-04-28,0
SPR91,2025-04-29,0
SPR91,2025-04-30,0
SPR91,2025-05-01,0
SPR91,2025-05-02,0
SPR91,2025-05-03,0
SPR91,2025-05-04,0.05887795151687983
SPR91,2025-05-05,0
SPR91,2025-05-06,0
SPR91,2025-05-07,0
SPR91,2025-05-08,0
SPR91,2025-05-09,0
SPR91,2025-05-10,0
SPR91,2025-05-11,0
SPR91,2025-05-12,0.043377951374204145
SPR91,2025-05-13,0.48558659440889135
SPR91,2025-05-14,0.016933070627723153
SPR91,2025-05-15,0
SPR91,2025-05-16,0.030334645838249387
SPR91,2025-05-17,0
SPR91,2025-05-18,0.029248029697598436
SPR91,2025-05-19,0
SPR91,2025-05-20,0
SPR91,2025-05-21,0
SPR91,2025-05-22,0
SPR91,2025-05-23,0
SPR91,2025-05-24,0
SPR91,2025-05-25,0
SPR91,2025-05-26,0
SPR91,2025-05-27,0
SPR91,2025-05-28,0
SPR91,2025-05-29,0
SPR91,2025-05-30,0
SPR91,2025-05-31,0
SPR91,2025-06-01,0
SPR91,2025-06-02,0
SPR91,2025-06-03,0
SPR91,2025-06-04,0
SPR91,2025-06-05,0
SPR91,2025-06-06,0
SPR91,2025-06-07,0
SPR91,2025-06-08,0
SPR91,2025-06-09,0
SPR91,2025-06-10,0
SPR91,2025-06-11,0.1382992117423711
SPR91,2025-06-12,0
SPR91,2025-06-13,0
SPR91,2025-06-14,0
SPR91,2025-06-15,0
SPR91,2025-06-16,0
SPR91,2025-06-17,0
SPR91,2025-06-18,0
SPR91,2025-06-19,0
SPR91,2025-06-20,0
SPR91,2025-06-21,0
SPR91,2025-06-22,0
SPR91,2025-06-23,0
SPR91,2025-06-24,0
SPR91,2025-06-25,0
SPR91,2025-06-26,0
SPR91,2025-06-27,0
SPR91,2025-06-28,0
SPR91,2025-06-29,0
SPR91,2025-06-30,0
SPR91,2025-07-01,0
SPR91,2025-07-02,0.023196848828022875
SPR91,2025-07-03,0
SPR91,2025-07-04,0.008043307136362933
SPR91,2025-07-05,0.09652755391879345
SPR91,2025-07-06,0
SPR91,2025-07-07,0
SPR91,2025-07-08,0
SPR91,2025-07-09,0
SPR91,2025-07-10,0
SPR91,2025-07-11,0
SPR91,2025-07-12,0
SPR91,2025-07-13,0
SPR91,2025-07-14,0
SPR91,2025-07-15,0
SPR113,2025-03-25,0
SPR113,2025-03-26,0
SPR113,2025-03-27,0
SPR113,2025-03-28,0.09572440245020108
SPR113,2025-03-29,0.08340551158574623
SPR113,2025-03-30,0
SPR113,2025-03-31,0.23319291317556787
SPR113,2025-04-01,0.16394881751593643
SPR113,2025-04-02,0.2100551034521869
SPR113,2025-04-03,0
SPR113,2025-04-04,0
SPR113,2025-04-05,0
SPR113,2025-04-06,0.02685433062981433
SPR113,2025-04-07,0.11755118219871222
SPR113,2025-04-08,0.09336614233302319
SPR113,2025-04-09,0
SPR113,2025-04-10,0
SPR113,2025-04-11,0
SPR113,2025-04-12,0
SPR113,2025-04-13,0
SPR113,2025-04-14,0
SPR113,2025-04-15,0
SPR113,2025-04-16,0
SPR113,2025-04-17,0
SPR113,2025-04-18,0
SPR113,2025-04-19,0
SPR113,2025-04-20,0
SPR113,2025-04-21,0
SPR113,2025-04-22,0
SPR113,2025-04-23,0
SPR113,2025-04-24,0
SPR113,2025-04-25,0
SPR113,2025-04-26,0.2761299215902494
SPR113,2025-04-27,0.2987086491321954
SPR113,2025-04-28,0
SPR113,2025-04-29,0
SPR113,2025-04-30,0
SPR113,2025-05-01,0
SPR113,2025-05-02,0
SPR113,2025-05-03,0
SPR113,2025-05-04,0.12148425335020531
SPR113,2025-05-05,0
SPR113,2025-05-06,0
SPR113,2025-05-07,0
SPR113,2025-05-08,0
SPR113,2025-05-09,0
SPR113,2025-05-10,0
SPR113,2025-05-11,0
SPR113,2025-05-12,0.0779724402690497
SPR113,2025-05-13,0.4598307046364612
SPR113,2025-05-14,0.03596062969973707
SPR113,2025-05-15,0
SPR113,2025-05-16,0.030523620721862075
SPR113,2025-05-17,0
SPR113,2025-05-18,0.01579921193948881
SPR113,2025-05-19,0
SPR113,2025-05-20,0.02615747958656371
SPR113,2025-05-21,0
SPR113,2025-05-22,0
SPR113,2025-05-23,0
SPR113,2025-05-24,0
SPR113,2025-05-25,0
SPR113,2025-05-26,0
SPR113,2025-05-27,0
SPR113,2025-05-28,0
SPR113,2025-05-29,0
SPR113,2025-05-30,0
SPR113,2025-05-31,0
SPR113,2025-06-01,0
SPR113,2025-06-02,0
SPR113,2025-06-03,0
SPR113,2025-06-04,0
SPR113,2025-06-05,0
SPR113,2025-06-06,0
SPR113,2025-06-07,0
SPR113,2025-06-08,0
SPR113,2025-06-09,0
SPR113,2025-06-10,0
SPR113,2025-06-11,0.16697243442685586
SPR113,2025-06-12,0
SPR113,2025-06-13,0
SPR113,2025-06-14,0
SPR113,2025-06-15,0
SPR113,2025-06-16,0
SPR113,2025-06-17,0
SPR113,2025-06-18,0
SPR113,2025-06-19,0
SPR113,2025-06-20,0
SPR113,2025-06-21,0.04287007756120577
SPR113,2025-06-22,0.04194094440129798
SPR113,2025-06-23,0
SPR113,2025-06-24,0
SPR113,2025-06-25,0
SPR113,2025-06-26,0
SPR113,2025-06-27,0
SPR113,2025-06-28,0
SPR113,2025-06-29,0
SPR113,2025-06-30,0
SPR113,2025-07-01,0
SPR113,2025-07-02,0.025838583003817583
SPR113,2025-07-03,1.1811023037220668e-5
SPR113,2025-07-04,0.03674803052361556
SPR113,2025-07-05,0.06619684808836208
SPR113,2025-07-06,0
SPR113,2025-07-07,0
SPR113,2025-07-08,0
SPR113,2025-07-09,0
SPR113,2025-07-10,0
SPR113,2025-07-11,0
SPR113,2025-07-12,0
SPR113,2025-07-13,0
SPR113,2025-07-14,0
SPR113,2025-07-15,0
SPR145,2025-03-25,0
SPR145,2025-03-26,0
SPR145,2025-03-27,0
SPR145,2025-03-28,0.02744094358654473
SPR145,2025-03-29,0.11423621590681902
SPR145,2025-03-30,0.014732282931410422
SPR145,2025-03-31,0.19637400709737943
SPR145,2025-04-01,0.12494881322064738
SPR145,2025-04-02,0.23760628512525184
SPR145,2025-04-03,0
SPR145,2025-04-04,0
SPR145,2025-04-05,0
SPR145,2025-04-06,0
SPR145,2025-04-07,0.04776377846875529
SPR145,2025-04-08,0.06335433073869841
SPR145,2025-04-09,0
SPR145,2025-04-10,0
SPR145,2025-04-11,0
SPR145,2025-04-12,0
SPR145,2025-04-13,0
SPR145,2025-04-14,0
SPR145,2025-04-15,0
SPR145,2025-04-16,0
SPR145,2025-04-17,0
SPR145,2025-04-18,0
SPR145,2025-04-19,0
SPR145,2025-04-20,0
SPR145,2025-04-21,0
SPR145,2025-04-22,0
SPR145,2025-04-23,0
SPR145,2025-04-24,0
SPR145,2025-04-25,0
SPR145,2025-04-26,0.17812205111886573
SPR145,2025-04-27,0.2862125869811051
SPR145,2025-04-28,0
SPR145,2025-04-29,0
SPR145,2025-04-30,0
SPR145,2025-05-01,0
SPR145,2025-05-02,0
SPR145,2025-05-03,0
SPR145,2025-05-04,0.10162598504794865
SPR145,2025-05-05,0
SPR145,2025-05-06,0
SPR145,2025-05-07,0
SPR145,2025-05-08,0
SPR145,2025-05-09,0
SPR145,2025-05-10,0
SPR145,2025-05-11,0
SPR145,2025-05-12,0.026625983827696074
SPR145,2025-05-13,0.40098028858815593
SPR145,2025-05-14,1.5748031098234257e-5
SPR145,2025-05-15,0
SPR145,2025-05-16,0.02315747925615686
SPR145,2025-05-17,0.019090551090991403
SPR145,2025-05-18,0.0077559053897857675
SPR145,2025-05-19,0
SPR145,2025-05-20,0
SPR145,2025-05-21,0
SPR145,2025-05-22,0.006956692755691649
SPR145,2025-05-23,0
SPR145,2025-05-24,0
SPR145,2025-05-25,0
SPR145,2025-05-26,0
SPR145,2025-05-27,0
SPR145,2025-05-28,0
SPR145,2025-05-29,0
SPR145,2025-05-30,0
SPR145,2025-05-31,0
SPR145,2025-06-01,0
SPR145,2025-06-02,0
SPR145,2025-06-03,0
SPR145,2025-06-04,0
SPR145,2025-06-05,0
SPR145,2025-06-06,0
SPR145,2025-06-07,0
SPR145,2025-06-08,0
SPR145,2025-06-09,0
SPR145,2025-06-10,0
SPR145,2025-06-11,0.2268622052951122
SPR145,2025-06-12,0
SPR145,2025-06-13,0
SPR145,2025-06-14,0
SPR145,2025-06-15,0
SPR145,2025-06-16,0
SPR145,2025-06-17,0
SPR145,2025-06-18,0
SPR145,2025-06-19,0
SPR145,2025-06-20,0
SPR145,2025-06-21,0
SPR145,2025-06-22,0
SPR145,2025-06-23,0
SPR145,2025-06-24,0
SPR145,2025-06-25,0
SPR145,2025-06-26,0
SPR145,2025-06-27,0
SPR145,2025-06-28,0
SPR145,2025-06-29,0
SPR145,2025-06-30,0
SPR145,2025-07-01,0
SPR145,2025-07-02,0.03227952662415392
SPR145,2025-07-03,0.005653543383117736
SPR145,2025-07-04,0.026988187643486684
SPR145,2025-07-05,0.06995669030767726
SPR145,2025-07-06,0
SPR145,2025-07-07,0
SPR145,2025-07-08,0
SPR145,2025-07-09,0
SPR145,2025-07-10,0
SPR145,2025-07-11,0
SPR145,2025-07-12,0
SPR145,2025-07-13,0
SPR145,2025-07-14,0
SPR145,2025-07-15,0
SPR160,2025-03-25,0
SPR160,2025-03-26,0
SPR160,2025-03-27,0
SPR160,2025-03-28,0.10770472015921526
SPR160,2025-03-29,0.10126770950677827
SPR160,2025-03-30,0
SPR160,2025-03-31,0.2448740155678096
SPR160,2025-04-01,0.17681889646635282
SPR160,2025-04-02,0.2963976221760427
SPR160,2025-04-03,0
SPR160,2025-04-04,0
SPR160,2025-04-05,0
SPR160,2025-04-06,0
SPR160,2025-04-07,0.11588188606923021
SPR160,2025-04-08,0.15259054702097977
SPR160,2025-04-09,0
SPR160,2025-04-10,0
SPR160,2025-04-11,0
SPR160,2025-04-12,0
SPR160,2025-04-13,0
SPR160,2025-04-14,0
SPR160,2025-04-15,0
SPR160,2025-04-16,0
SPR160,2025-04-17,0
SPR160,2025-04-18,0
SPR160,2025-04-19,0
SPR160,2025-04-20,0
SPR160,2025-04-21,0
SPR160,2025-04-22,0
SPR160,2025-04-23,0
SPR160,2025-04-24,0
SPR160,2025-04-25,0
SPR160,2025-04-26,0.3677243886031504
SPR160,2025-04-27,0.28922833795622577
SPR160,2025-04-28,0
SPR160,2025-04-29,0
SPR160,2025-04-30,0
SPR160,2025-05-01,0
SPR160,2025-05-02,0.05223228236821693
SPR160,2025-05-03,0
SPR160,2025-05-04,0.14110629952798678
SPR160,2025-05-05,0
SPR160,2025-05-06,0
SPR160,2025-05-07,0
SPR160,2025-05-08,0.05579133672038401
SPR160,2025-05-09,0
SPR160,2025-05-10,0
SPR160,2025-05-11,0
SPR160,2025-05-12,0.08625196659658838
SPR160,2025-05-13,0.4079960650346411
SPR160,2025-05-14,0.09175590642793911
SPR160,2025-05-15,0
SPR160,2025-05-16,0.07317716211784543
SPR160,2025-05-17,0
SPR160,2025-05-18,0
SPR160,2025-05-19,0
SPR160,2025-05-20,0.023133857982365166
SPR160,2025-05-21,0
SPR160,2025-05-22,0
SPR160,2025-05-23,0
SPR160,2025-05-24,0
SPR160,2025-05-25,0
SPR160,2025-05-26,0
SPR160,2025-05-27,0
SPR160,2025-05-28,0
SPR160,2025-05-29,0
SPR160,2025-05-30,0
SPR160,2025-05-31,0
SPR160,2025-06-01,0
SPR160,2025-06-02,0
SPR160,2025-06-03,0
SPR160,2025-06-04,0
SPR160,2025-06-05,0
SPR160,2025-06-06,0
SPR160,2025-06-07,0
SPR160,2025-06-08,0
SPR160,2025-06-09,0
SPR160,2025-06-10,0
SPR160,2025-06-11,0.29199605851661503
SPR160,2025-06-12,0
SPR160,2025-06-13,0
SPR160,2025-06-14,0
SPR160,2025-06-15,0
SPR160,2025-06-16,0
SPR160,2025-06-17,0
SPR160,2025-06-18,0
SPR160,2025-06-19,0
SPR160,2025-06-20,0
SPR160,2025-06-21,0.02637007809060765
SPR160,2025-06-22,0.02164566845405759
SPR160,2025-06-23,0
SPR160,2025-06-24,0.04111810932009239
SPR160,2025-06-25,0
SPR160,2025-06-26,0
SPR160,2025-06-27,0
SPR160,2025-06-28,0
SPR160,2025-06-29,0
SPR160,2025-06-30,0
SPR160,2025-07-01,0
SPR160,2025-07-02,0.01817322739465969
SPR160,2025-07-03,0
SPR160,2025-07-04,0.020444881258987066
SPR160,2025-07-05,0.019503936288863655
SPR160,2025-07-06,0
SPR160,2025-07-07,0.032814959372122456
SPR160,2025-07-08,0
SPR160,2025-07-09,0
SPR160,2025-07-10,0
SPR160,2025-07-11,0
SPR160,2025-07-12,0
SPR160,2025-07-13,0
SPR160,2025-07-14,0
SPR160,2025-07-15,0
SPR185,2025-03-25,0
SPR185,2025-03-26,0
SPR185,2025-03-27,0
SPR185,2025-03-28,0.03279527575950923
SPR185,2025-03-29,0.05577559076894926
SPR185,2025-03-30,0
SPR185,2025-03-31,0.1674055114505798
SPR185,2025-04-01,0.09903542638763668
SPR185,2025-04-02,0.1415944850350928
SPR185,2025-04-03,0
SPR185,2025-04-04,0
SPR185,2025-04-05,0
SPR185,2025-04-06,0.00990551170401686
SPR185,2025-04-07,0.05695275434358853
SPR185,2025-04-08,0.03551574673239641
SPR185,2025-04-09,0
SPR185,2025-04-10,0
SPR185,2025-04-11,0
SPR185,2025-04-12,0
SPR185,2025-04-13,0
SPR185,2025-04-14,0
SPR185,2025-04-15,0
SPR185,2025-04-16,0
SPR185,2025-04-17,0
SPR185,2025-04-18,0
SPR185,2025-04-19,0
SPR185,2025-04-20,0
SPR185,2025-04-21,0
SPR185,2025-04-22,0
SPR185,2025-04-23,0
SPR185,2025-04-24,0
SPR185,2025-04-25,0
SPR185,2025-04-26,0.19081494939608837
SPR185,2025-04-27,0.3223779633289247
SPR185,2025-04-28,0
SPR185,2025-04-29,0
SPR185,2025-04-30,0
SPR185,2025-05-01,0
SPR185,2025-05-02,0
SPR185,2025-05-03,0
SPR185,2025-05-04,0.09515354013818456
SPR185,2025-05-05,0
SPR185,2025-05-06,0
SPR185,2025-05-07,0
SPR185,2025-05-08,0
SPR185,2025-05-09,0
SPR185,2025-05-10,0
SPR185,2025-05-11,0
SPR185,2025-05-12,0.037314959867732735
SPR185,2025-05-13,0.32857478134275425
SPR185,2025-05-14,0
SPR185,2025-05-15,0
SPR185,2025-05-16,0
SPR185,2025-05-17,0.005767716197516975
SPR185,2025-05-18,0
SPR185,2025-05-19,0
SPR185,2025-05-20,0
SPR185,2025-05-21,0
SPR185,2025-05-22,0
SPR185,2025-05-23,0
SPR185,2025-05-24,0
SPR185,2025-05-25,0
SPR185,2025-05-26,0
SPR185,2025-05-27,0
SPR185,2025-05-28,0
SPR185,2025-05-29,0
SPR185,2025-05-30,0
SPR185,2025-05-31,0
SPR185,2025-06-01,0
SPR185,2025-06-02,0
SPR185,2025-06-03,0
SPR185,2025-06-04,0
SPR185,2025-06-05,0
SPR185,2025-06-06,0
SPR185,2025-06-07,0
SPR185,2025-06-08,0
SPR185,2025-06-09,0
SPR185,2025-06-10,0
SPR185,2025-06-11,0.15896063151322012
SPR185,2025-06-12,0
SPR185,2025-06-13,0
SPR185,2025-06-14,0
SPR185,2025-06-15,0
SPR185,2025-06-16,0
SPR185,2025-06-17,0
SPR185,2025-06-18,0
SPR185,2025-06-19,0
SPR185,2025-06-20,0
SPR185,2025-06-21,0
SPR185,2025-06-22,0
SPR185,2025-06-23,0
SPR185,2025-06-24,0
SPR185,2025-06-25,0
SPR185,2025-06-26,0
SPR185,2025-06-27,0
SPR185,2025-06-28,0
SPR185,2025-06-29,0
SPR185,2025-06-30,0
SPR185,2025-07-01,0
SPR185,2025-07-02,0.04797637462615967
SPR185,2025-07-03,0.013405511698384925
SPR185,2025-07-04,0.019649606286071417
SPR185,2025-07-05,0.05724803199918252
SPR185,2025-07-06,0
SPR185,2025-07-07,0
SPR185,2025-07-08,0
SPR185,2025-07-09,0
SPR185,2025-07-10,0
SPR185,2025-07-11,0
SPR185,2025-07-12,0
SPR185,2025-07-13,0
SPR185,2025-07-14,0
SPR185,2025-07-15,0
SPR216,2025-03-25,0
SPR216,2025-03-26,0
SPR216,2025-03-27,0
SPR216,2025-03-28,0.011885826747248493
SPR216,2025-03-29,0.088692912905235
SPR216,2025-03-30,0.11617322606364573
SPR216,2025-03-31,0.1877519652599425
SPR216,2025-04-01,0.2707598340792919
SPR216,2025-04-02,0.2488425209766298
SPR216,2025-04-03,0.011677164731063243
SPR216,2025-04-04,0
SPR216,2025-04-05,0
SPR216,2025-04-06,0
SPR216,2025-04-07,0.014996062817536002
SPR216,2025-04-08,0
SPR216,2025-04-09,0
SPR216,2025-04-10,0
SPR216,2025-04-11,0
SPR216,2025-04-12,3.54330702574821e-5
SPR216,2025-04-13,0
SPR216,2025-04-14,0
SPR216,2025-04-15,0
SPR216,2025-04-16,0
SPR216,2025-04-17,0
SPR216,2025-04-18,1.771653467041301e-4
SPR216,2025-04-19,0
SPR216,2025-04-20,0
SPR216,2025-04-21,0
SPR216,2025-04-22,0
SPR216,2025-04-23,0
SPR216,2025-04-24,1.732283455180371e-4
SPR216,2025-04-25,0
SPR216,2025-04-26,0.22790550246952088
SPR216,2025-04-27,0.2872244016392025
SPR216,2025-04-28,0
SPR216,2025-04-29,0
SPR216,2025-04-30,0
SPR216,2025-05-01,0
SPR216,2025-05-02,0
SPR216,2025-05-03,0
SPR216,2025-05-04,0.042401575666712966
SPR216,2025-05-05,0
SPR216,2025-05-06,0
SPR216,2025-05-07,0
SPR216,2025-05-08,0
SPR216,2025-05-09,0
SPR216,2025-05-10,0
SPR216,2025-05-11,0
SPR216,2025-05-12,0.03334645680555209
SPR216,2025-05-13,0.3551968251626323
SPR216,2025-05-14,0
SPR216,2025-05-15,0
SPR216,2025-05-16,0
SPR216,2025-05-17,0
SPR216,2025-05-18,0.05950787405329427
SPR216,2025-05-19,0
SPR216,2025-05-20,0
SPR216,2025-05-21,0
SPR216,2025-05-22,0
SPR216,2025-05-23,0
SPR216,2025-05-24,0
SPR216,2025-05-25,0
SPR216,2025-05-26,0
SPR216,2025-05-27,0
SPR216,2025-05-28,0
SPR216,2025-05-29,0
SPR216,2025-05-30,0
SPR216,2025-05-31,0
SPR216,2025-06-01,0
SPR216,2025-06-02,0
SPR216,2025-06-03,0
SPR216,2025-06-04,0
SPR216,2025-06-05,0
SPR216,2025-06-06,0
SPR216,2025-06-07,0
SPR216,2025-06-08,0
SPR216,2025-06-09,0
SPR216,2025-06-10,0
SPR216,2025-06-11,0.12772440910339355
SPR216,2025-06-12,0.00958661394795095
SPR216,2025-06-13,0
SPR216,2025-06-14,0
SPR216,2025-06-15,0
SPR216,2025-06-16,0
SPR216,2025-06-17,0
SPR216,2025-06-18,0
SPR216,2025-06-19,0
SPR216,2025-06-20,0
SPR216,2025-06-21,0
SPR216,2025-06-22,0
SPR216,2025-06-23,0
SPR216,2025-06-24,0
SPR216,2025-06-25,0
SPR216,2025-06-26,0
SPR216,2025-06-27,0
SPR216,2025-06-28,0
SPR216,2025-06-29,0
SPR216,2025-06-30,0
SPR216,2025-07-01,0
SPR216,2025-07-02,0.07312991957026205
SPR216,2025-07-03,0
SPR216,2025-07-04,0
SPR216,2025-07-05,0.12266535458602305
SPR216,2025-07-06,0
SPR216,2025-07-07,0
SPR216,2025-07-08,0
SPR216,2025-07-09,0
SPR216,2025-07-10,0
SPR216,2025-07-11,0
SPR216,2025-07-12,0
SPR216,2025-07-13,0
SPR216,2025-07-14,0
SPR216,2025-07-15,0
SPR245,2025-03-25,0
SPR245,2025-03-26,0
SPR245,2025-03-27,0
SPR245,2025-03-28,0.06549999939175102
SPR245,2025-03-29,0.3586929050956186
SPR245,2025-03-30,0.07658661350490541
SPR245,2025-03-31,0.19800000303373563
SPR245,2025-04-01,0.38834643176221473
SPR245,2025-04-02,0.25674408815038485
SPR245,2025-04-03,0
SPR245,2025-04-04,0
SPR245,2025-04-05,0
SPR245,2025-04-06,0
SPR245,2025-04-07,0.005744094337065389
SPR245,2025-04-08,6.220472140575019e-4
SPR245,2025-04-09,0
SPR245,2025-04-10,0
SPR245,2025-04-11,0
SPR245,2025-04-12,0
SPR245,2025-04-13,0
SPR245,2025-04-14,0
SPR245,2025-04-15,0
SPR245,2025-04-16,0
SPR245,2025-04-17,0
SPR245,2025-04-18,0.0719133840771172
SPR245,2025-04-19,0
SPR245,2025-04-20,0
SPR245,2025-04-21,0
SPR245,2025-04-22,0
SPR245,2025-04-23,0
SPR245,2025-04-24,0
SPR245,2025-04-25,0
SPR245,2025-04-26,0.29136220301230126
SPR245,2025-04-27,0.2966653455899457
SPR245,2025-04-28,0
SPR245,2025-04-29,0
SPR245,2025-04-30,0
SPR245,2025-05-01,0
SPR245,2025-05-02,0
SPR245,2025-05-03,0
SPR245,2025-05-04,0.016716534462500744
SPR245,2025-05-05,0
SPR245,2025-05-06,0
SPR245,2025-05-07,0
SPR245,2025-05-08,0
SPR245,2025-05-09,0
SPR245,2025-05-10,0
SPR245,2025-05-11,0
SPR245,2025-05-12,0.0579881855821985
SPR245,2025-05-13,0.5297795243150606
SPR245,2025-05-14,1.1811023037220668e-5
SPR245,2025-05-15,0
SPR245,2025-05-16,0.0012834645866409062
SPR245,2025-05-17,0
SPR245,2025-05-18,0.12072834442919635
SPR245,2025-05-19,0
SPR245,2025-05-20,0
SPR245,2025-05-21,0
SPR245,2025-05-22,0
SPR245,2025-05-23,0
SPR245,2025-05-24,0
SPR245,2025-05-25,0
SPR245,2025-05-26,0
SPR245,2025-05-27,0
SPR245,2025-05-28,0
SPR245,2025-05-29,0
SPR245,2025-05-30,0
SPR245,2025-05-31,0
SPR245,2025-06-01,0
SPR245,2025-06-02,0
SPR245,2025-06-03,0
SPR245,2025-06-04,0
SPR245,2025-06-05,0
SPR245,2025-06-06,0
SPR245,2025-06-07,0
SPR245,2025-06-08,0
SPR245,2025-06-09,0
SPR245,2025-06-10,0
SPR245,2025-06-11,0
SPR245,2025-06-12,0
SPR245,2025-06-13,0.18218896520419384
SPR245,2025-06-14,0
SPR245,2025-06-15,0
SPR245,2025-06-16,0
SPR245,2025-06-17,0
SPR245,2025-06-18,0
SPR245,2025-06-19,0
SPR245,2025-06-20,0
SPR245,2025-06-21,0
SPR245,2025-06-22,0
SPR245,2025-06-23,0
SPR245,2025-06-24,0
SPR245,2025-06-25,0
SPR245,2025-06-26,0
SPR245,2025-06-27,0
SPR245,2025-06-28,0
SPR245,2025-06-29,0
SPR245,2025-06-30,0
SPR245,2025-07-01,0
SPR245,2025-07-02,0.07776771474072314
SPR245,2025-07-03,0
SPR245,2025-07-04,0
SPR245,2025-07-05,0.042051180141178646
SPR245,2025-07-06,0
SPR245,2025-07-07,0
SPR245,2025-07-08,0
SPR245,2025-07-09,0
SPR245,2025-07-10,0
SPR245,2025-07-11,0
SPR245,2025-07-12,0
SPR245,2025-07-13,0
SPR245,2025-07-14,0
SPR245,2025-07-15,0
