date,water_year,day_of_water_year,ukl_huc8_mean_swe,williamson_huc8_mean_swe,sprague_huc8_mean_swe,weighted_average_swe,normalized_average_swe,day_after_oct_15,oct_16_nov_30_linear_weight,day_after_may_15_desc,may_16_jun_30_linear_weight,weighted_normalized_avg_swe,,,,,,,,,,,,,,,,,,,,,
9/14/2024,2024,350,0,0,0,0,0,NA,NA,NA,NA,0,,,,,,,,,,,,,,,,,,,,,
9/15/2024,2024,351,0.18,0,0,0.024879034,1,NA,NA,NA,NA,1,,,,,,,,,,,,,,,,,,,,,
9/16/2024,2024,352,0.16,0,0,0.022114697,1,NA,NA,NA,NA,1,,,,,,,,,,,,,,,,,,,,,
9/17/2024,2024,353,0.14,0,0,0.01935036,1,NA,NA,NA,NA,1,,,,,,,,,,,,,,,,,,,,,
9/18/2024,2024,354,0.16,0,0,0.022114697,1,NA,NA,NA,NA,1,,,,,,,,,,,,,,,,,,,,,
9/19/2024,2024,355,0.16,0.025,0,0.030489496,1,NA,NA,NA,NA,1,,,,,,,,,,,,,,,,,,,,,
9/20/2024,2024,356,0.16,0,0,0.022114697,1,NA,NA,NA,NA,1,,,,,,,,,,,,,,,,,,,,,
9/21/2024,2024,357,0.18,0,0,0.024879034,0.414650562,NA,NA,NA,NA,0.414650562,,,,,,,,,,,,,,,,,,,,,
9/22/2024,2024,358,0.16,0,0,0.022114697,0.387977134,NA,NA,NA,NA,0.387977134,,,,,,,,,,,,,,,,,,,,,
9/23/2024,2024,359,0.18,0,0,0.024879034,0.654711414,NA,NA,NA,NA,0.654711414,,,,,,,,,,,,,,,,,,,,,
9/24/2024,2024,360,0,0,0,0,0,NA,NA,NA,NA,0,,,,,,,,,,,,,,,,,,,,,
9/25/2024,2024,361,0,0,0,0,0,NA,NA,NA,NA,0,,,,,,,,,,,,,,,,,,,,,
9/26/2024,2024,362,0,0,0,0,0,NA,NA,NA,NA,0,,,,,,,,,,,,,,,,,,,,,
9/27/2024,2024,363,0,0,0,0,0,NA,NA,NA,NA,0,,,,,,,,,,,,,,,,,,,,,
9/28/2024,2024,364,0,0,0,0,0,NA,NA,NA,NA,0,,,,,,,,,,,,Larrys - FlowWest,,,,,,,,,
9/29/2024,2024,365,0,0,0,0,0,NA,NA,NA,NA,0,,,,,,,,,,,,,,,,,,,,,
9/30/2024,2024,366,0,0,0,0,0,NA,NA,NA,NA,0,UKL HUC8 mean SWE (in),Williamson HUC8 mean SWE (in),Sprague HUC8 mean SWE (in),Weighted average SWE (in),Normalized average SWE,Days after Oct 15,Oct 16 - Nov 30 weight (linear ascending at 1/46 increment),Days after May 15,May 16 - Jun 30 weight (linear descending at 1/46 increment),Weighted normalized average SWE,,UKL HUC8 mean SWE (in),Williamson HUC8 mean SWE (in),Sprague HUC8 mean SWE (in),Weighted average SWE (in),Normalized average SWE,Days after Oct 15,Oct 16 - Nov 30 weight (linear ascending at 1/46 increment),Days after May 15,May 16 - Jun 30 weight (linear descending at 1/46 increment),Weighted normalized average SWE
10/1/2024,2025,1,0,0,0,0,0,NA,NA,NA,NA,0,0,0,0,0,0,,,,,-,,0,0,0,0,0,-,-,-,-,-
10/2/2024,2025,2,0,0,0,0,0,NA,NA,NA,NA,0,0,0,0,0,0,,,,,-,,0,0,0,0,0,-,-,-,-,-
10/3/2024,2025,3,0,0,0,0,0,NA,NA,NA,NA,0,0,0,0,0,0,,,,,-,,0,0,0,0,0,-,-,-,-,-
10/4/2024,2025,4,0,0,0,0,0,NA,NA,NA,NA,0,0,0,0,0,0,,,,,-,,0,0,0,0,0,-,-,-,-,-
10/5/2024,2025,5,0,0,0,0,0,NA,NA,NA,NA,0,0,0,0,0,0,,,,,-,,0,0,0,0,0,-,-,-,-,-
10/6/2024,2025,6,0,0,0,0,0,NA,NA,NA,NA,0,0,0,0,0,0,,,,,-,,0,0,0,0,0,-,-,-,-,-
10/7/2024,2025,7,0,0,0,0,0,NA,NA,NA,NA,0,0,0,0,0,0,,,,,-,,0,0,0,0,0,-,-,-,-,-
10/8/2024,2025,8,0,0,0,0,0,NA,NA,NA,NA,0,0,0,0,0,0,,,,,-,,0,0,0,0,0,-,-,-,-,-
10/9/2024,2025,9,0,0,0,0,0,NA,NA,NA,NA,0,0,0,0,0,0,,,,,-,,0,0,0,0,0,-,-,-,-,-
10/10/2024,2025,10,0,0,0,0,0,NA,NA,NA,NA,0,0,0,0,0,0,,,,,-,,0,0,0,0,0,-,-,-,-,-
10/11/2024,2025,11,0,0,0,0,0,NA,NA,NA,NA,0,0,0,0,0,0,,,,,-,,0,0,0,0,0,-,-,-,-,-
10/12/2024,2025,12,0,0,0,0,0,NA,NA,NA,NA,0,0,0,0,0,0,,,,,-,,0,0,0,0,0,-,-,-,-,-
10/13/2024,2025,13,0,0,0,0,0,NA,NA,NA,NA,0,0,0,0,0,0,,,,,-,,0,0,0,0,0,-,-,-,-,-
10/14/2024,2025,14,0,0,0,0,0,NA,NA,NA,NA,0,0,0,0,0,0,,,,,-,,0,0,0,0,0,-,-,-,-,-
10/15/2024,2025,15,0,0,0,0,0,NA,NA,NA,NA,0,0,0,0,0,0,,,,,-,,0,0,0,0,0,-,-,-,-,-
10/16/2024,2025,16,0,0,0,0,0,1,0.0217,NA,NA,0,0,0,0,0,0,1,0.02173913,,,0,,0,0,0,0,0,0,3.91304E-05,-,-,0
10/17/2024,2025,17,0,0,0,0,0,2,0.0435,NA,NA,0,0,0,0,0,0,2,0.043478261,,,0,,0,0,0,0,0,0,-2.17391E-05,-,-,0
10/18/2024,2025,18,0,0,0,0,0,3,0.0652,NA,NA,0,0,0,0,0,0,3,0.065217391,,,0,,0,0,0,0,0,0,1.73913E-05,-,-,0
10/19/2024,2025,19,0,0,0,0,0,4,0.087,NA,NA,0,0,0,0,0,0,4,0.086956522,,,0,,0,0,0,0,0,0,-4.34783E-05,-,-,0
10/20/2024,2025,20,0,0.025,0.02,0.018910623,0.105645937,5,0.1087,NA,NA,0.011483713,0,0.025,0.02,0.018910623,0.105766728,5,0.108695652,,,0.011496384,,0,0,0,-1.36883E-11,0.000120791,0,-4.34783E-06,-,-,1.26701E-05
10/21/2024,2025,21,0,0,0,0,0,6,0.1304,NA,NA,0,0,0,0,0,0,6,0.130434783,,,0,,0,0,0,0,0,0,3.47826E-05,-,-,0
10/22/2024,2025,22,0,0,0,0,0,7,0.1522,NA,NA,0,0,0,0,0,0,7,0.152173913,,,0,,0,0,0,0,0,0,-2.6087E-05,-,-,0
10/23/2024,2025,23,0,0,0,0,0,8,0.1739,NA,NA,0,0,0,0,0,0,8,0.173913043,,,0,,0,0,0,0,0,0,1.30435E-05,-,-,0
10/24/2024,2025,24,0,0,0,0,0,9,0.1957,NA,NA,0,0,0,0,0,0,9,0.195652174,,,0,,0,0,0,0,0,0,-4.78261E-05,-,-,0
10/25/2024,2025,25,0.02,0,0.08,0.044907631,0.088054178,10,0.2174,NA,NA,0.019142978,0.02,0,0.08,0.044907631,0.088108227,10,0.217391304,,,0.019153962,,0,0,0,-3.08581E-11,5.40489E-05,0,-8.69565E-06,-,-,1.09841E-05
10/26/2024,2025,26,0.04,0,0.08,0.047671968,0.074720953,11,0.2391,NA,NA,0.01786578,0.04,0,0.08,0.047671968,0.074758262,11,0.239130435,,,0.017876976,,0,0,0,-3.87597E-11,3.73085E-05,0,3.04348E-05,-,-,1.11957E-05
10/27/2024,2025,27,0.04,0,0.02,0.016064498,0.02441413,12,0.2609,NA,NA,0.006369647,0.04,0,0.02,0.016064498,0.02442172,12,0.260869565,,,0.006370883,,0,0,0,-2.15422E-11,7.58972E-06,0,-3.04348E-05,-,-,1.23689E-06
10/28/2024,2025,28,0.02,0,0,0.002764337,0.004207515,13,0.2826,NA,NA,0.001189044,0.02,0,0,0.002764337,0.004206284,13,0.282608696,,,0.001188732,,0,0,0,-7.90151E-12,-1.23049E-06,0,8.69565E-06,-,-,-3.11161E-07
10/29/2024,2025,29,0,0,0.04,0.021071647,0.026143483,14,0.3043,NA,NA,0.007955462,0,0,0.04,0.021071647,0.026150483,14,0.304347826,,,0.007958843,,0,0,0,-1.14783E-11,7.0001E-06,0,4.78261E-05,-,-,3.38081E-06
10/30/2024,2025,30,0.1,0,0.06,0.045429156,0.057871536,15,0.3261,NA,NA,0.018871908,0.1,0,0.06,0.045429156,0.057872871,15,0.326086957,,,0.018871588,,0,0,0,-5.6725E-11,1.33466E-06,0,-1.30435E-05,-,-,-3.19631E-07
10/31/2024,2025,31,0.04,0,0.04,0.026600321,0.035849489,16,0.3478,NA,NA,0.012468452,0.04,0,0.04,0.026600321,0.035838125,16,0.347826087,,,0.012465435,,0,0,0,-2.72813E-11,-1.13643E-05,0,2.6087E-05,-,-,-3.0176E-06
11/1/2024,2025,32,0.42,0.125,0.16,0.184211663,0.235866406,17,0.3696,NA,NA,0.087176224,0.42,0.125,0.16,0.184211663,0.235951573,17,0.369565217,,,0.087199494,,-5.55112E-17,0,0,-2.51591E-10,8.5167E-05,0,-3.47826E-05,-,-,2.32707E-05
11/2/2024,2025,33,0.7,0.3,0.22,0.313143448,0.436132936,18,0.3913,NA,NA,0.170658818,0.7,0.3,0.22,0.313143448,0.436221491,18,0.391304348,,,0.170695366,,0,5.55112E-17,2.77556E-17,-4.35074E-10,8.85556E-05,0,4.34783E-06,-,-,3.65484E-05
11/3/2024,2025,34,1.42,1.225,0.62,0.933243627,1,19,0.413,NA,NA,0.413,1.42,1.225,0.62,0.933243626,1,19,0.413043478,,,0.413043478,,0,0,0,-1.12843E-09,0,0,4.34783E-05,-,-,4.34783E-05
11/4/2024,2025,35,2.16,1.325,0.56,1.037415826,1,20,0.4348,NA,NA,0.4348,2.16,1.325,0.56,1.037415825,1,20,0.434782609,,,0.434782609,,0,-2.22045E-16,0,-1.43537E-09,0,0,-1.73913E-05,-,-,-1.73913E-05
11/5/2024,2025,36,2.28,1.25,0.5,0.99726998,0.729531807,21,0.4565,NA,NA,0.33303127,2.28,1.25,0.5,0.997269979,0.729401742,21,0.456521739,,,0.332987752,,4.44089E-16,0,0,-1.44171E-09,-0.000130066,0,2.17391E-05,-,-,-4.35183E-05
11/6/2024,2025,37,2.24,1.225,0.5,0.983366507,0.56064225,22,0.4783,NA,NA,0.268155188,2.24,1.225,0.5,0.983366505,0.560581731,22,0.47826087,,,0.268104306,,-4.44089E-16,0,0,-1.41796E-09,-6.05195E-05,0,-3.91304E-05,-,-,-5.08823E-05
11/7/2024,2025,38,2.14,1.2,0.46,0.940098375,0.428486042,23,0.5,NA,NA,0.214243021,2.14,1.2,0.46,0.940098374,0.428465893,23,0.5,,,0.214232946,,0,0,-5.55112E-17,-1.35902E-09,-2.01488E-05,0,0,-,-,-1.00744E-05
11/8/2024,2025,39,2.14,1.15,0.46,0.923348777,0.365248725,24,0.5217,NA,NA,0.19055026,2.14,1.15,0.46,0.923348775,0.365302725,24,0.52173913,,,0.190592726,,0,0,-5.55112E-17,-1.34312E-09,5.4E-05,0,3.91304E-05,-,-,4.24662E-05
11/9/2024,2025,40,2.14,1.075,0.46,0.898224379,0.264806715,25,0.5435,NA,NA,0.14392245,2.14,1.075,0.46,0.898224377,0.264796593,25,0.543478261,,,0.143911192,,0,0,-5.55112E-17,-1.31928E-09,-1.0122E-05,0,-2.17391E-05,-,-,-1.12577E-05
11/10/2024,2025,41,2.12,0.975,0.42,0.840889197,0.247684594,26,0.5652,NA,NA,0.139991333,2.12,0.975,0.42,0.840889196,0.247692328,26,0.565217391,,,0.140000011,,0,0,5.55112E-17,-1.2681E-09,7.7337E-06,0,1.73913E-05,-,-,8.67878E-06
11/11/2024,2025,42,2.08,0.875,0.36,0.770253855,0.228155763,27,0.587,NA,NA,0.133927433,2.08,0.875,0.36,0.770253854,0.228156886,27,0.586956522,,,0.133918172,,0,1.11022E-16,0,-1.20328E-09,1.12353E-06,0,-4.34783E-05,-,-,-9.26035E-06
11/12/2024,2025,43,1.96,0.675,0.32,0.665597791,0.203983387,28,0.6087,NA,NA,0.124164688,1.96,0.675,0.32,0.66559779,0.204008306,28,0.608695652,,,0.124178969,,2.22045E-16,0,0,-1.0808E-09,2.49195E-05,0,-4.34783E-06,-,-,1.42815E-05
11/13/2024,2025,44,2.44,0.65,0.44,0.786782023,0.274810347,29,0.6304,NA,NA,0.173240443,2.44,0.65,0.44,0.786782021,0.274808993,29,0.630434783,,,0.173249148,,4.44089E-16,0,5.55112E-17,-1.29692E-09,-1.35378E-06,0,3.47826E-05,-,-,8.70515E-06
11/14/2024,2025,45,2.46,0.7,0.42,0.795760135,0.277558471,30,0.6522,NA,NA,0.181023634,2.46,0.7,0.42,0.795760134,0.277591592,30,0.652173913,,,0.181037995,,0,1.11022E-16,5.55112E-17,-1.31499E-09,3.31218E-05,0,-2.6087E-05,-,-,1.43605E-05
11/15/2024,2025,46,3.38,1.575,0.86,1.447825734,0.504996768,31,0.6739,NA,NA,0.340317322,3.38,1.575,0.86,1.447825732,0.505057031,31,0.673913043,,,0.340364521,,4.44089E-16,2.22045E-16,0,-2.08294E-09,6.02627E-05,0,1.30435E-05,-,-,4.71987E-05
11/16/2024,2025,47,3.52,1.85,0.98,1.622513827,0.56376436,32,0.6957,NA,NA,0.392210865,3.52,1.85,0.98,1.622513824,0.563804118,32,0.695652174,,,0.39221156,,4.44089E-16,-4.44089E-16,1.11022E-16,-2.26012E-09,3.97582E-05,0,-4.78261E-05,-,-,6.95215E-07
11/17/2024,2025,48,3.54,1.725,0.92,1.551796697,0.478654132,33,0.7174,NA,NA,0.343386474,3.54,1.725,0.92,1.551796694,0.478669144,33,0.717391304,,,0.343393081,,0,-2.22045E-16,1.11022E-16,-2.21106E-09,1.50115E-05,0,-8.69565E-06,-,-,6.60689E-06
11/18/2024,2025,49,3.76,1.875,1,1.674596494,0.423626738,34,0.7391,NA,NA,0.313102522,3.76,1.875,1,1.674596492,0.423625245,34,0.739130435,,,0.313114312,,-4.44089E-16,0,0,-2.36863E-09,-1.49243E-06,0,3.04348E-05,-,-,1.17899E-05
11/19/2024,2025,50,4.14,2,1.2,1.87435113,0.437115469,35,0.7609,NA,NA,0.33260116,4.14,2,1.2,1.874351128,0.437095373,35,0.760869565,,,0.332572566,,0,0,-2.22045E-16,-2.6159E-09,-2.0096E-05,0,-3.04348E-05,-,-,-2.85939E-05
11/20/2024,2025,51,4.86,2,1.18,1.963331442,0.453949466,36,0.7826,NA,NA,0.355260852,4.86,2,1.18,1.963331439,0.453969224,36,0.782608696,,,0.355280262,,-8.88178E-16,0,0,-2.89461E-09,1.97578E-05,0,8.69565E-06,-,-,1.941E-05
11/21/2024,2025,52,5.14,2.15,1.32,2.126031721,0.475941733,37,0.8043,NA,NA,0.382799936,5.14,2.15,1.32,2.126031718,0.47598065,37,0.804347826,,,0.382854001,,8.88178E-16,0,0,-3.0931E-09,3.89169E-05,0,4.78261E-05,-,-,5.40652E-05
11/22/2024,2025,53,6.32,3.675,2.4,3.368924836,0.739640149,38,0.8261,NA,NA,0.611016727,6.32,3.675,2.4,3.368924831,0.739623348,38,0.826086957,,,0.610993201,,-8.88178E-16,0,0,-4.3541E-09,-1.68003E-05,0,-1.30435E-05,-,-,-2.35259E-05
11/23/2024,2025,54,6.86,4.225,2.94,3.912274756,0.860412942,39,0.8478,NA,NA,0.729458092,6.86,4.225,2.94,3.912274751,0.860473389,39,0.847826087,,,0.729531786,,-8.88178E-16,8.88178E-16,0,-4.89728E-09,6.04474E-05,0,2.6087E-05,-,-,7.36944E-05
11/24/2024,2025,55,6.82,3.825,2.4,3.488282059,0.757095324,40,0.8696,NA,NA,0.658370093,6.82,3.825,2.4,3.488282054,0.757036461,40,0.869565217,,,0.658292575,,0,0,-4.44089E-16,-4.59934E-09,-5.88626E-05,0,-3.47826E-05,-,-,-7.75187E-05
11/25/2024,2025,56,7.02,3.975,2.5,3.618853343,0.747475757,41,0.8913,NA,NA,0.666225142,7.02,3.975,2.5,3.618853338,0.747423439,41,0.891304348,,,0.666181761,,8.88178E-16,0,0,-4.75474E-09,-5.23181E-05,0,4.34783E-06,-,-,-4.33815E-05
11/26/2024,2025,57,7.04,4,2.5,3.629992479,0.703637377,42,0.913,NA,NA,0.642420925,7.04,4,2.5,3.629992474,0.703700755,42,0.913043478,,,0.642509385,,8.88178E-16,0,0,-4.77059E-09,6.33778E-05,0,4.34783E-05,-,-,8.84596E-05
11/27/2024,2025,58,7.34,4.375,2.84,3.976188524,0.712926063,43,0.9348,NA,NA,0.666443284,7.34,4.375,2.84,3.976188519,0.712927374,43,0.934782609,,,0.66643211,,8.88178E-16,0,4.44089E-16,-5.10592E-09,1.31028E-06,0,-1.73913E-05,-,-,-1.11739E-05
11/28/2024,2025,59,7.56,4.3,2.94,4.034150952,0.719091748,44,0.9565,NA,NA,0.687811257,7.56,4.3,2.94,4.034150947,0.719103066,44,0.956521739,,,0.687837715,,0,8.88178E-16,4.44089E-16,-5.19768E-09,1.13182E-05,0,2.17391E-05,-,-,2.64585E-05
11/29/2024,2025,60,7.54,4.3,2.94,4.031386615,0.676055016,45,0.9783,NA,NA,0.661384622,7.55,4.3,2.94,4.032768778,0.676316443,45,0.97826087,,,0.661613911,,0.01,0,4.44089E-16,0.001382163,0.000261426,0,-3.91304E-05,-,-,0.000229289
11/30/2024,2025,61,7.56,4.25,2.96,4.027937177,0.665711911,46,1,NA,NA,0.665711911,7.56,4.25,2.96,4.027937171,0.665651074,46,1,,,0.665651074,,0,0,0,-5.18753E-09,-6.08369E-05,0,0,-,-,-6.08369E-05
12/1/2024,2025,62,7.58,4.25,3,4.051773161,0.64722059,NA,NA,NA,NA,0.64722059,7.58,4.25,3,4.051773155,0.64726059,,,,,0.64726059,,8.88178E-16,0,0,-5.20691E-09,3.99992E-05,-,-,-,-,3.99992E-05
12/2/2024,2025,63,7.56,4.35,2.98,4.071972197,0.667649259,NA,NA,NA,NA,0.667649259,7.56,4.35,2.98,4.071972192,0.667686886,,,,,0.667686886,,8.88178E-16,0,0,-5.22506E-09,3.76265E-05,-,-,-,-,3.76265E-05
12/3/2024,2025,64,7.56,4.4,3,4.099257619,0.674568445,NA,NA,NA,NA,0.674568445,7.56,4.4,3,4.099257614,0.674522098,,,,,0.674522098,,8.88178E-16,0,-4.44089E-16,-5.2467E-09,-4.63471E-05,-,-,-,-,-4.63471E-05
12/4/2024,2025,65,7.58,4.425,3,4.110396756,0.634712285,NA,NA,NA,NA,0.634712285,7.58,4.425,3,4.110396751,0.634673086,,,,,0.634673086,,8.88178E-16,0,0,-5.26255E-09,-3.91986E-05,-,-,-,-,-3.91986E-05
12/5/2024,2025,66,7.54,4.4,3,4.096493282,0.616941759,NA,NA,NA,NA,0.616941759,7.54,4.4,3,4.096493277,0.616977541,,,,,0.616977541,,8.88178E-16,0,0,-5.2388E-09,3.57818E-05,-,-,-,-,3.57818E-05
12/6/2024,2025,67,7.48,4.325,3,4.063075873,0.604624386,NA,NA,NA,NA,0.604624386,7.48,4.325,3,4.063075868,0.604607942,,,,,0.604607942,,-8.88178E-16,0,0,-5.19125E-09,-1.64435E-05,-,-,-,-,-1.64435E-05
12/7/2024,2025,68,7.4,4.3,2.96,4.022572079,0.571306928,NA,NA,NA,NA,0.571306928,7.4,4.3,2.96,4.022572073,0.571327488,,,,,0.571327488,,0,8.88178E-16,0,-5.14021E-09,2.05606E-05,-,-,-,-,2.05606E-05
12/8/2024,2025,69,7.36,4.325,2.96,4.025418204,0.569446627,NA,NA,NA,NA,0.569446627,7.36,4.325,2.96,4.025418199,0.569460344,,,,,0.569460344,,-8.88178E-16,0,0,-5.13236E-09,1.37173E-05,-,-,-,-,1.37173E-05
12/9/2024,2025,70,7.42,4.35,2.92,4.021014367,0.550446868,NA,NA,NA,NA,0.550446868,7.42,4.35,2.92,4.021014362,0.550439324,,,,,0.550439324,,-8.88178E-16,0,0,-5.15253E-09,-7.54397E-06,-,-,-,-,-7.54397E-06
12/10/2024,2025,71,7.32,4.475,2.98,4.080674149,0.545934873,NA,NA,NA,NA,0.545934873,7.32,4.475,2.98,4.080674144,0.545888501,,,,,0.545888501,,0,0,-4.44089E-16,-5.16999E-09,-4.63719E-05,-,-,-,-,-4.63719E-05
12/11/2024,2025,72,7.36,4.35,2.94,4.02325718,0.536036698,NA,NA,NA,NA,0.536036698,7.36,4.35,2.94,4.023257174,0.536037619,,,,,0.536037619,,8.88178E-16,0,0,-5.13457E-09,9.20647E-07,-,-,-,-,9.20647E-07
12/12/2024,2025,73,7.26,4.125,2.82,3.870847359,0.506843405,NA,NA,NA,NA,0.506843405,7.26,4.125,2.82,3.870847354,0.506796733,,,,,0.506796733,,0,0,0,-4.98908E-09,-4.66718E-05,-,-,-,-,-4.66718E-05
12/13/2024,2025,74,7.36,4.275,2.88,3.966525311,0.50965254,NA,NA,NA,NA,0.50965254,7.36,4.275,2.88,3.966525306,0.509674948,,,,,0.509674948,,8.88178E-16,0,0,-5.0935E-09,2.24084E-05,-,-,-,-,2.24084E-05
12/14/2024,2025,75,7.46,4.475,3.02,4.121096155,0.520573677,NA,NA,NA,NA,0.520573677,7.46,4.475,3.02,4.12109615,0.52060792,,,,,0.52060792,,-8.88178E-16,8.88178E-16,-4.44089E-16,-5.23678E-09,3.42431E-05,-,-,-,-,3.42431E-05
12/15/2024,2025,76,8.08,5.15,3.4,4.633090833,0.600395769,NA,NA,NA,NA,0.600395769,8.08,5.15,3.4,4.633090827,0.600393965,,,,,0.600393965,,0,0,0,-5.8054E-09,-1.8041E-06,-,-,-,-,-1.8041E-06
12/16/2024,2025,77,8.64,5.425,3.68,4.950116592,0.636046558,NA,NA,NA,NA,0.636046558,8.64,5.425,3.68,4.950116586,0.636042468,,,,,0.636042468,,0,0,4.44089E-16,-6.19443E-09,-4.08944E-06,-,-,-,-,-4.08944E-06
12/17/2024,2025,78,9.22,6.025,4.04,5.420922374,0.669890263,NA,NA,NA,NA,0.669890263,9.22,6.025,4.04,5.420922367,0.669916117,,,,,0.669916117,,-1.77636E-15,0,0,-6.71766E-09,2.58539E-05,-,-,-,-,2.58539E-05
12/18/2024,2025,79,9.56,6.775,4.24,5.824518319,0.708666711,NA,NA,NA,NA,0.708666711,9.56,6.775,4.24,5.824518312,0.708621146,,,,,0.708621146,,-1.77636E-15,0,0,-7.14785E-09,-4.55655E-05,-,-,-,-,-4.55655E-05
12/19/2024,2025,80,9.76,6.925,4.36,5.965625427,0.734183302,NA,NA,NA,NA,0.734183302,9.76,6.925,4.36,5.965625419,0.734233041,,,,,0.734233041,,0,0,0,-7.30899E-09,4.97393E-05,-,-,-,-,4.97393E-05
12/20/2024,2025,81,9.8,6.875,4.26,5.901725385,0.711647268,NA,NA,NA,NA,0.711647268,9.8,6.875,4.26,5.901725378,0.711625632,,,,,0.711625632,,0,-8.88178E-16,8.88178E-16,-7.2802E-09,-2.16357E-05,-,-,-,-,-2.16357E-05
12/21/2024,2025,82,9.78,6.8,4.24,5.863300826,0.680477369,NA,NA,NA,NA,0.680477369,9.78,6.8,4.24,5.863300819,0.680466386,,,,,0.680466386,,0,0,0,-7.24271E-09,-1.09826E-05,-,-,-,-,-1.09826E-05
12/22/2024,2025,83,9.8,6.775,4.16,5.81554707,0.659506724,NA,NA,NA,NA,0.659506724,9.8,6.775,4.16,5.815547063,0.659542263,,,,,0.659542263,,0,-8.88178E-16,0,-7.21971E-09,3.55392E-05,-,-,-,-,3.55392E-05
12/23/2024,2025,84,9.9,6.875,4.3,5.936618717,0.677342416,NA,NA,NA,NA,0.677342416,9.9,6.875,4.3,5.93661871,0.677311266,,,,,0.677311266,,0,0,-8.88178E-16,-7.33119E-09,-3.11499E-05,-,-,-,-,-3.11499E-05
12/24/2024,2025,85,10.08,6.875,4.2,5.908818633,0.664235678,NA,NA,NA,NA,0.664235678,10.08,6.875,4.2,5.908818626,0.664195071,,,,,0.664195071,,0,0,0,-7.3736E-09,-4.06066E-05,-,-,-,-,-4.06066E-05
12/25/2024,2025,86,10.12,6.775,4.08,5.817633169,0.661696351,NA,NA,NA,NA,0.661696351,10.12,6.775,4.08,5.817633162,0.661703258,,,,,0.661703258,,1.77636E-15,0,0,-7.32318E-09,6.90714E-06,-,-,-,-,6.90714E-06
12/26/2024,2025,87,10.54,6.75,4.2,5.93052439,0.668637099,NA,NA,NA,NA,0.668637099,10.54,6.75,4.2,5.930524382,0.668603316,,,,,0.668603316,,1.77636E-15,0,0,-7.51559E-09,-3.37834E-05,-,-,-,-,-3.37834E-05
12/27/2024,2025,88,10.98,7.3,4.4,6.280943625,0.71061337,NA,NA,NA,NA,0.71061337,10.98,7.3,4.4,6.280943617,0.710582046,,,,,0.710582046,,0,8.88178E-16,0,-7.9217E-09,-3.13237E-05,-,-,-,-,-3.13237E-05
12/28/2024,2025,89,12.58,8.625,5.22,7.377923719,0.859655543,NA,NA,NA,NA,0.859655543,12.58,8.625,5.22,7.37792371,0.859648362,,,,,0.859648362,,1.77636E-15,0,8.88178E-16,-9.21043E-09,-7.18098E-06,-,-,-,-,-7.18098E-06
12/29/2024,2025,90,13.52,9.65,5.76,8.135681568,0.933887022,NA,NA,NA,NA,0.933887022,13.52,9.65,5.76,8.135681558,0.933893598,,,,,0.933893598,,0,0,0,-1.00627E-08,6.57598E-06,-,-,-,-,6.57598E-06
12/30/2024,2025,91,13.3,10.1,5.82,8.287627718,0.951610606,NA,NA,NA,NA,0.951610606,13.3,10.1,5.82,8.287627708,0.95162963,,,,,0.95162963,,0,0,0,-1.01361E-08,1.90239E-05,-,-,-,-,1.90239E-05
12/31/2024,2025,92,14.1,10.05,5.78,8.360379956,0.933253687,NA,NA,NA,NA,0.933253687,14.1,10.05,5.78,8.360379945,0.933294442,,,,,0.933294442,,0,-1.77636E-15,0,-1.04247E-08,4.07543E-05,-,-,-,-,4.07543E-05
1/1/2025,2025,93,14.06,10,5.86,8.380244977,0.897517021,NA,NA,NA,NA,0.897517021,14.06,10,5.86,8.380244966,0.897471902,,,,,0.897471902,,1.77636E-15,1.77636E-15,-8.88178E-16,-1.0416E-08,-4.51189E-05,-,-,-,-,-4.51189E-05
1/2/2025,2025,94,14.42,10.15,5.88,8.490787664,0.911501137,NA,NA,NA,NA,0.911501137,14.42,10.15,5.88,8.490787653,0.911515473,,,,,0.911515473,,1.77636E-15,-1.77636E-15,8.88178E-16,-1.06117E-08,1.43361E-05,-,-,-,-,1.43361E-05
1/3/2025,2025,95,15.58,10.575,6.2,8.962063979,0.937387713,NA,NA,NA,NA,0.937387713,15.58,10.575,6.2,8.962063967,0.937384063,,,,,0.937384063,,-1.77636E-15,1.77636E-15,-1.77636E-15,-1.12969E-08,-3.6504E-06,-,-,-,-,-3.6504E-06
1/4/2025,2025,96,15.58,10.65,6.08,8.923973436,0.928722009,NA,NA,NA,NA,0.928722009,15.58,10.65,6.08,8.923973424,0.928772627,,,,,0.928772627,,1.77636E-15,-1.77636E-15,0,-1.12863E-08,5.0618E-05,-,-,-,-,5.0618E-05
1/5/2025,2025,97,15.68,10.4,5.84,8.727617246,0.878388745,NA,NA,NA,NA,0.878388745,15.68,10.4,5.84,8.727617235,0.878441894,,,,,0.878441894,,1.77636E-15,0,0,-1.11775E-08,5.31492E-05,-,-,-,-,5.31492E-05
1/6/2025,2025,98,16.56,10.775,6.04,9.080228302,0.879207118,NA,NA,NA,NA,0.879207118,16.56,10.775,6.04,9.080228291,0.879170365,,,,,0.879170365,,0,0,0,-1.17018E-08,-3.67536E-05,-,-,-,-,-3.67536E-05
1/7/2025,2025,99,16.9,10.9,6.18,9.242846794,0.890640447,NA,NA,NA,NA,0.890640447,16.9,10.9,6.18,9.242846782,0.890658072,,,,,0.890658072,,0,0,8.88178E-16,-1.1916E-08,1.76256E-05,-,-,-,-,1.76256E-05
1/8/2025,2025,100,16.58,10.775,6.32,9.230494168,0.873668617,NA,NA,NA,NA,0.873668617,16.58,10.775,6.32,9.230494156,0.873657263,,,,,0.873657263,,0,0,-8.88178E-16,-1.179E-08,-1.13542E-05,-,-,-,-,-1.13542E-05
1/9/2025,2025,101,16.62,10.85,6.4,9.303290534,0.833445574,NA,NA,NA,NA,0.833445574,16.62,10.85,6.4,9.303290522,0.833437493,,,,,0.833437493,,-3.55271E-15,0,0,-1.18526E-08,-8.0813E-06,-,-,-,-,-8.0813E-06
1/10/2025,2025,102,16.6,10.8,6.38,9.273240775,0.801206554,NA,NA,NA,NA,0.801206554,16.6,10.8,6.38,9.273240763,0.801198379,,,,,0.801198379,,0,0,0,-1.18231E-08,-8.17468E-06,-,-,-,-,-8.17468E-06
1/11/2025,2025,103,16.54,10.875,6.44,9.321679632,0.786330033,NA,NA,NA,NA,0.786330033,16.54,10.875,6.44,9.32167962,0.786355592,,,,,0.786355592,,0,0,-8.88178E-16,-1.18404E-08,2.5559E-05,-,-,-,-,2.5559E-05
1/12/2025,2025,104,16.72,10.925,6.48,9.384379911,0.785120846,NA,NA,NA,NA,0.785120846,16.72,10.925,6.48,9.384379899,0.785094023,,,,,0.785094023,,3.55271E-15,0,-8.88178E-16,-1.19389E-08,-2.68231E-05,-,-,-,-,-2.68231E-05
1/13/2025,2025,105,16.74,11.175,6.56,9.513035536,0.790256759,NA,NA,NA,NA,0.790256759,16.74,11.175,6.56,9.513035524,0.790212122,,,,,0.790212122,,3.55271E-15,0,0,-1.20493E-08,-4.46368E-05,-,-,-,-,-4.46368E-05
1/14/2025,2025,106,16.78,11,6.24,9.291367439,0.761082655,NA,NA,NA,NA,0.761082655,16.78,11,6.24,9.291367427,0.761101845,,,,,0.761101845,,0,-1.77636E-15,0,-1.19176E-08,1.91893E-05,-,-,-,-,1.91893E-05
1/15/2025,2025,107,16.86,10.925,6.12,9.214085448,0.718142371,NA,NA,NA,NA,0.718142371,16.86,10.925,6.12,9.214085436,0.718123608,,,,,0.718123608,,3.55271E-15,-1.77636E-15,0,-1.18909E-08,-1.87638E-05,-,-,-,-,-1.87638E-05
1/16/2025,2025,108,16.88,10.95,6.2,9.267367879,0.712721701,NA,NA,NA,NA,0.712721701,16.88,10.95,6.2,9.267367867,0.712729119,,,,,0.712729119,,3.55271E-15,1.77636E-15,0,-1.19297E-08,7.41768E-06,-,-,-,-,7.41768E-06
1/17/2025,2025,109,17,10.95,6.24,9.305025548,0.694469717,NA,NA,NA,NA,0.694469717,17,10.95,6.24,9.305025536,0.694484463,,,,,0.694484463,,0,0,0,-1.19886E-08,1.47458E-05,-,-,-,-,1.47458E-05
1/18/2025,2025,110,17.08,11.05,6.34,9.402261211,0.690195632,NA,NA,NA,NA,0.690195632,17.08,11.05,6.34,9.402261199,0.690206255,,,,,0.690206255,,3.55271E-15,-1.77636E-15,0,-1.20807E-08,1.06229E-05,-,-,-,-,1.06229E-05
1/19/2025,2025,111,16.94,10.95,6.06,9.201910126,0.67255256,NA,NA,NA,NA,0.67255256,16.94,10.95,6.06,9.201910114,0.672546972,,,,,0.672546972,,-3.55271E-15,1.77636E-15,8.88178E-16,-1.19133E-08,-5.5887E-06,-,-,-,-,-5.5887E-06
1/20/2025,2025,112,16.8,10.875,5.68,8.957254722,0.636868958,NA,NA,NA,NA,0.636868958,16.8,10.875,5.68,8.95725471,0.636879983,,,,,0.636879983,,0,0,8.88178E-16,-1.17251E-08,1.10249E-05,-,-,-,-,1.10249E-05
1/21/2025,2025,113,16.34,10.625,5.42,8.672961271,0.58941811,NA,NA,NA,NA,0.58941811,16.34,10.625,5.42,8.672961259,0.58943807,,,,,0.58943807,,-3.55271E-15,0,0,-1.13892E-08,1.99599E-05,-,-,-,-,1.99599E-05
1/22/2025,2025,114,16.22,10.825,5.34,8.681230349,0.542408217,NA,NA,NA,NA,0.542408217,16.22,10.825,5.34,8.681230337,0.54239327,,,,,0.54239327,,0,0,8.88178E-16,-1.13825E-08,-1.4947E-05,-,-,-,-,-1.4947E-05
1/23/2025,2025,115,16.16,10.925,5.2,8.63268577,0.50142404,NA,NA,NA,NA,0.50142404,16.16,10.925,5.2,8.632685759,0.50141783,,,,,0.50141783,,0,0,0,-1.13504E-08,-6.21041E-06,-,-,-,-,-6.21041E-06
1/24/2025,2025,116,16.18,10.775,5.2,8.585201312,0.487837368,NA,NA,NA,NA,0.487837368,16.18,10.775,5.2,8.5852013,0.487849598,,,,,0.487849598,,0,0,0,-1.13106E-08,1.22299E-05,-,-,-,-,1.22299E-05
1/25/2025,2025,117,16.2,10.475,5.34,8.561218821,0.483140268,NA,NA,NA,NA,0.483140268,16.2,10.475,5.34,8.56121881,0.483147772,,,,,0.483147772,,0,0,-8.88178E-16,-1.12633E-08,7.50452E-06,-,-,-,-,7.50452E-06
1/26/2025,2025,118,16.12,10.65,5.76,8.830037361,0.501729119,NA,NA,NA,NA,0.501729119,16.12,10.65,5.76,8.83003735,0.501706345,,,,,0.501706345,,0,0,0,-1.14078E-08,-2.2774E-05,-,-,-,-,-2.2774E-05
1/27/2025,2025,119,15.9,10.3,5.28,8.429522699,0.475067235,NA,NA,NA,NA,0.475067235,15.9,10.3,5.28,8.429522688,0.47506354,,,,,0.47506354,,0,-1.77636E-15,-8.88178E-16,-1.10719E-08,-3.695E-06,-,-,-,-,-3.695E-06
1/28/2025,2025,120,16.02,9.625,4.76,7.946057729,0.444007909,NA,NA,NA,NA,0.444007909,16.02,9.625,4.76,7.946057719,0.444002919,,,,,0.444002919,,0,0,0,-1.07555E-08,-4.99017E-06,-,-,-,-,-4.99017E-06
1/29/2025,2025,121,16.22,9.375,4.42,7.710844108,0.431728834,NA,NA,NA,NA,0.431728834,16.22,9.375,4.42,7.710844097,0.43172204,,,,,0.43172204,,0,-1.77636E-15,8.88178E-16,-1.06574E-08,-6.794E-06,-,-,-,-,-6.794E-06
1/30/2025,2025,122,16.26,9.4,4.56,7.798498346,0.438557236,NA,NA,NA,NA,0.438557236,16.26,9.4,4.56,7.798498335,0.438561647,,,,,0.438561647,,-3.55271E-15,1.77636E-15,8.88178E-16,-1.07213E-08,4.411E-06,-,-,-,-,4.411E-06
1/31/2025,2025,123,16.22,9.425,4.64,7.843487765,0.442459108,NA,NA,NA,NA,0.442459108,16.22,9.425,4.64,7.843487754,0.442444661,,,,,0.442444661,,0,0,-8.88178E-16,-1.07364E-08,-1.44469E-05,-,-,-,-,-1.44469E-05
2/1/2025,2025,124,16.36,9.75,4.76,8.034925456,0.456961446,NA,NA,NA,NA,0.456961446,16.36,9.75,4.76,8.034925446,0.456969098,,,,,0.456969098,,3.55271E-15,0,0,-1.09295E-08,7.65232E-06,-,-,-,-,7.65232E-06
2/2/2025,2025,125,17.32,10.975,5.8,9.125841624,0.530699107,NA,NA,NA,NA,0.530699107,17.32,10.975,5.8,9.125841612,0.530709426,,,,,0.530709426,,0,0,0,-1.19968E-08,1.03191E-05,-,-,-,-,1.03191E-05
2/3/2025,2025,126,18.48,12.025,6.72,10.12256263,0.597584529,NA,NA,NA,NA,0.597584529,18.48,12.025,6.72,10.12256261,0.597571043,,,,,0.597571043,,0,0,8.88178E-16,-1.30529E-08,-1.34862E-05,-,-,-,-,-1.34862E-05
2/4/2025,2025,127,19.6,12.275,7.82,10.94058379,0.655138327,NA,NA,NA,NA,0.655138327,19.6,12.275,7.82,10.94058377,0.655126048,,,,,0.655126048,,0,0,-1.77636E-15,-1.38905E-08,-1.22787E-05,-,-,-,-,-1.22787E-05
2/5/2025,2025,128,21.18,13.275,9.08,12.15771527,0.736895328,NA,NA,NA,NA,0.736895328,21.18,13.275,9.08,12.15771525,0.736878138,,,,,0.736878138,,0,-1.77636E-15,-1.77636E-15,-1.51943E-08,-1.719E-05,-,-,-,-,-1.719E-05
2/6/2025,2025,129,21.74,13.55,9.96,12.79081573,0.781331073,NA,NA,NA,NA,0.781331073,21.74,13.55,9.96,12.79081572,0.781339138,,,,,0.781339138,,3.55271E-15,0,1.77636E-15,-1.57555E-08,8.06409E-06,-,-,-,-,8.06409E-06
2/7/2025,2025,130,21.9,13.875,10.18,13.03769688,0.795512414,NA,NA,NA,NA,0.795512414,21.9,13.875,10.18,13.03769686,0.79552403,,,,,0.79552403,,3.55271E-15,0,-1.77636E-15,-1.59852E-08,1.16159E-05,-,-,-,-,1.16159E-05
2/8/2025,2025,131,22.52,14.825,11,13.87360247,0.843046518,NA,NA,NA,NA,0.843046518,22.52,14.825,11,13.87360245,0.843035315,,,,,0.843035315,,3.55271E-15,0,-1.77636E-15,-1.67675E-08,-1.12029E-05,-,-,-,-,-1.12029E-05
2/9/2025,2025,132,22.38,14.3,10.8,13.57302309,0.824691891,NA,NA,NA,NA,0.824691891,22.38,14.3,10.8,13.57302307,0.82470822,,,,,0.82470822,,0,0,0,-1.64879E-08,1.63286E-05,-,-,-,-,1.63286E-05
2/10/2025,2025,133,22.56,14.45,10.88,13.69029421,0.828083837,NA,NA,NA,NA,0.828083837,22.56,14.45,10.88,13.69029419,0.828112368,,,,,0.828112368,,0,0,-1.77636E-15,-1.66296E-08,2.85307E-05,-,-,-,-,2.85307E-05
2/11/2025,2025,134,22.7,14.675,11.04,13.86930435,0.834136542,NA,NA,NA,NA,0.834136542,22.7,14.675,11.04,13.86930433,0.834121196,,,,,0.834121196,,0,-1.77636E-15,0,-1.68024E-08,-1.53464E-05,-,-,-,-,-1.53464E-05
2/12/2025,2025,135,22.74,14.9,11.18,14.02395698,0.837426401,NA,NA,NA,NA,0.837426401,22.74,14.9,11.18,14.02395697,0.837418179,,,,,0.837418179,,0,0,0,-1.69299E-08,-8.22209E-06,-,-,-,-,-8.22209E-06
2/13/2025,2025,136,22.64,14.775,11.1,13.92611801,0.819475913,NA,NA,NA,NA,0.819475913,22.64,14.775,11.1,13.92611799,0.819455544,,,,,0.819455544,,3.55271E-15,0,0,-1.68277E-08,-2.03693E-05,-,-,-,-,-2.03693E-05
2/14/2025,2025,137,22.88,15.15,11.38,14.23241357,0.829867533,NA,NA,NA,NA,0.829867533,22.88,15.15,11.38,14.23241355,0.829890314,,,,,0.829890314,,3.55271E-15,0,-1.77636E-15,-1.71221E-08,2.27814E-05,-,-,-,-,2.27814E-05
2/15/2025,2025,138,22.86,14.7,11.36,14.06836702,0.817714226,NA,NA,NA,NA,0.817714226,22.86,14.7,11.36,14.06836701,0.817726943,,,,,0.817726943,,3.55271E-15,0,0,-1.69654E-08,1.27173E-05,-,-,-,-,1.27173E-05
2/16/2025,2025,139,23.34,14.125,11,13.7524459,0.792029968,NA,NA,NA,NA,0.792029968,23.34,14.125,11,13.75244589,0.792012345,,,,,0.792012345,,0,0,0,-1.68689E-08,-1.76233E-05,-,-,-,-,-1.76233E-05
2/17/2025,2025,140,23.86,14.85,11.38,14.2673685,0.815455766,NA,NA,NA,NA,0.815455766,23.86,14.85,11.38,14.26736848,0.815475061,,,,,0.815475061,,3.55271E-15,0,-1.77636E-15,-1.74139E-08,1.92943E-05,-,-,-,-,1.92943E-05
2/18/2025,2025,141,24.42,15.25,11.68,14.63680408,0.804049379,NA,NA,NA,NA,0.804049379,24.42,15.25,11.68,14.63680406,0.804066399,,,,,0.804066399,,-3.55271E-15,0,0,-1.78484E-08,1.70202E-05,-,-,-,-,1.70202E-05
2/19/2025,2025,142,24.64,15.125,11.52,14.5410512,0.780159513,NA,NA,NA,NA,0.780159513,24.64,15.125,11.52,14.54105118,0.780154701,,,,,0.780154701,,-3.55271E-15,0,0,-1.78497E-08,-4.81221E-06,-,-,-,-,-4.81221E-06
2/20/2025,2025,143,25.04,15.375,11.62,14.73276505,0.764183865,NA,NA,NA,NA,0.764183865,25.04,15.375,11.62,14.73276503,0.76419115,,,,,0.76419115,,0,1.77636E-15,0,-1.81159E-08,7.28451E-06,-,-,-,-,7.28451E-06
2/21/2025,2025,144,25.36,15.35,11.66,14.78969129,0.762753858,NA,NA,NA,NA,0.762753858,25.36,15.35,11.66,14.78969127,0.762742734,,,,,0.762742734,,3.55271E-15,-1.77636E-15,0,-1.82458E-08,-1.1124E-05,-,-,-,-,-1.1124E-05
2/22/2025,2025,145,25.56,15.2,11.54,14.70387093,0.742638268,NA,NA,NA,NA,0.742638268,25.56,15.2,11.54,14.70387091,0.742649241,,,,,0.742649241,,0,0,1.77636E-15,-1.82427E-08,1.09728E-05,-,-,-,-,1.09728E-05
2/23/2025,2025,146,25.62,15.475,11.74,14.90964496,0.747483698,NA,NA,NA,NA,0.747483698,25.62,15.475,11.74,14.90964495,0.74750373,,,,,0.74750373,,-3.55271E-15,1.77636E-15,0,-1.84113E-08,2.00324E-05,-,-,-,-,2.00324E-05
2/24/2025,2025,147,25.94,15.625,11.8,15.03573062,0.744173273,NA,NA,NA,NA,0.744173273,25.94,15.625,11.8,15.03573061,0.744172047,,,,,0.744172047,,-3.55271E-15,0,0,-1.86026E-08,-1.2258E-06,-,-,-,-,-1.2258E-06
2/25/2025,2025,148,26.14,15.075,11.36,14.64734029,0.714552086,NA,NA,NA,NA,0.714552086,26.14,15.075,11.36,14.64734027,0.71455126,,,,,0.71455126,,-3.55271E-15,0,1.77636E-15,-1.83805E-08,-8.2511E-07,-,-,-,-,-8.2511E-07
2/26/2025,2025,149,25.24,14.875,11.06,14.29790938,0.689636572,NA,NA,NA,NA,0.689636572,25.24,14.875,11.06,14.29790936,0.689641753,,,,,0.689641753,,3.55271E-15,0,-1.77636E-15,-1.78752E-08,5.18068E-06,-,-,-,-,5.18068E-06
2/27/2025,2025,150,25,14.925,11.14,14.32363023,0.69125401,NA,NA,NA,NA,0.69125401,25,14.925,11.14,14.32363021,0.691251254,,,,,0.691251254,,-3.55271E-15,0,0,-1.78193E-08,-2.75532E-06,-,-,-,-,-2.75532E-06
2/28/2025,2025,151,24.98,14.775,11.06,14.2284738,0.67831,NA,NA,NA,NA,0.67831,24.98,14.775,11.06,14.22847378,0.678295099,,,,,0.678295099,,0,1.77636E-15,-1.77636E-15,-1.77407E-08,-1.49016E-05,-,-,-,-,-1.49016E-05
3/1/2025,2025,152,25.22,14.725,10.98,14.20275295,0.665384763,NA,NA,NA,NA,0.665384763,25.22,14.725,10.98,14.20275293,0.66539253,,,,,0.66539253,,0,1.77636E-15,0,-1.77967E-08,7.76643E-06,-,-,-,-,7.76643E-06
3/2/2025,2025,153,25.34,14.7,10.9,14.16882088,0.653054324,NA,NA,NA,NA,0.653054324,25.34,14.7,10.9,14.16882086,0.653062752,,,,,0.653062752,,-3.55271E-15,0,0,-1.78132E-08,8.42741E-06,-,-,-,-,8.42741E-06
3/3/2025,2025,154,25.36,14.5,10.7,13.99922859,0.647459726,NA,NA,NA,NA,0.647459726,25.36,14.5,10.7,13.99922857,0.647461544,,,,,0.647461544,,0,0,0,-1.77001E-08,1.81837E-06,-,-,-,-,1.81837E-06
3/4/2025,2025,155,25.56,14.525,10.7,14.03524676,0.641073114,NA,NA,NA,NA,0.641073114,25.56,14.525,10.7,14.03524674,0.641078528,,,,,0.641078528,,0,0,0,-1.7787E-08,5.41383E-06,-,-,-,-,5.41383E-06
3/5/2025,2025,156,25.72,14.45,10.6,13.97955794,0.631370503,NA,NA,NA,NA,0.631370503,25.72,14.45,10.6,13.97955792,0.631377405,,,,,0.631377405,,0,0,0,-1.77977E-08,6.9024E-06,-,-,-,-,6.9024E-06
3/6/2025,2025,157,26,14.6,10.7,14.12118657,0.634686625,NA,NA,NA,NA,0.634686625,26,14.6,10.7,14.12118655,0.634694469,,,,,0.634694469,,0,0,0,-1.79847E-08,7.84435E-06,-,-,-,-,7.84435E-06
3/7/2025,2025,158,26.24,14.675,10.84,14.25323378,0.638561391,NA,NA,NA,NA,0.638561391,26.24,14.675,10.84,14.25323376,0.638549155,,,,,0.638549155,,0,0,0,-1.81436E-08,-1.2236E-05,-,-,-,-,-1.2236E-05
3/8/2025,2025,159,26.1,14.575,10.96,14.26359916,0.639526825,NA,NA,NA,NA,0.639526825,26.1,14.575,10.96,14.26359914,0.639530028,,,,,0.639530028,,0,1.77636E-15,0,-1.80909E-08,3.20317E-06,-,-,-,-,3.20317E-06
3/9/2025,2025,160,26.14,14.775,11,14.35719788,0.64235598,NA,NA,NA,NA,0.64235598,26.14,14.775,11,14.35719786,0.642365202,,,,,0.642365202,,3.55271E-15,0,0,-1.81818E-08,9.22259E-06,-,-,-,-,9.22259E-06
3/10/2025,2025,161,26.38,14.85,11.02,14.42603015,0.638199226,NA,NA,NA,NA,0.638199226,26.38,14.85,11.02,14.42603013,0.638184405,,,,,0.638184405,,-3.55271E-15,1.77636E-15,0,-1.83062E-08,-1.48207E-05,-,-,-,-,-1.48207E-05
3/11/2025,2025,162,26.28,14.725,10.94,14.32819117,0.633378275,NA,NA,NA,NA,0.633378275,26.28,14.725,10.94,14.32819115,0.633398469,,,,,0.633398469,,0,1.77636E-15,1.77636E-15,-1.8204E-08,2.01946E-05,-,-,-,-,2.01946E-05
3/12/2025,2025,163,26.32,14.45,10.76,14.14677464,0.623276168,NA,NA,NA,NA,0.623276168,26.32,14.45,10.76,14.14677462,0.623284319,,,,,0.623284319,,0,0,0,-1.80807E-08,8.15098E-06,-,-,-,-,8.15098E-06
3/13/2025,2025,164,26.2,14.225,10.5,13.91784972,0.612621596,NA,NA,NA,NA,0.612621596,26.2,14.225,10.5,13.9178497,0.612627644,,,,,0.612627644,,0,0,1.77636E-15,-1.78871E-08,6.04793E-06,-,-,-,-,6.04793E-06
3/14/2025,2025,165,26.38,14.275,10.56,13.99108582,0.609942894,NA,NA,NA,NA,0.609942894,26.38,14.275,10.56,13.9910858,0.609942321,,,,,0.609942321,,-3.55271E-15,0,-1.77636E-15,-1.79913E-08,-5.72898E-07,-,-,-,-,-5.72898E-07
3/15/2025,2025,166,26.9,14.475,10.6,14.15102863,0.615718826,NA,NA,NA,NA,0.615718826,26.9,14.475,10.6,14.15102861,0.615707127,,,,,0.615707127,,0,0,0,-1.82719E-08,-1.16989E-05,-,-,-,-,-1.16989E-05
3/16/2025,2025,167,27.46,14.825,10.62,14.35621308,0.628671898,NA,NA,NA,NA,0.628671898,27.46,14.825,10.62,14.35621306,0.628687309,,,,,0.628687309,,0,0,0,-1.86101E-08,1.5411E-05,-,-,-,-,1.5411E-05
3/17/2025,2025,168,28.5,15.9,10.96,15.03918398,0.666289678,NA,NA,NA,NA,0.666289678,28.5,15.9,10.96,15.03918396,0.666270967,,,,,0.666270967,,0,-1.77636E-15,0,-1.94604E-08,-1.87108E-05,-,-,-,-,-1.87108E-05
3/18/2025,2025,169,30.06,17.525,11.34,15.99934487,0.714095704,NA,NA,NA,NA,0.714095704,30.06,17.525,11.34,15.99934485,0.714096343,,,,,0.714096343,,-3.55271E-15,0,0,-2.07024E-08,6.38788E-07,-,-,-,-,6.38788E-07
3/19/2025,2025,170,30.56,17.55,11.3,16.05575645,0.724311109,NA,NA,NA,NA,0.724311109,30.56,17.55,11.3,16.05575643,0.724299387,,,,,0.724299387,,3.55271E-15,0,0,-2.08964E-08,-1.17219E-05,-,-,-,-,-1.17219E-05
3/20/2025,2025,171,30.88,17.7,11.46,16.23452123,0.743558387,NA,NA,NA,NA,0.743558387,30.88,17.7,11.46,16.23452121,0.743554148,,,,,0.743554148,,3.55271E-15,0,-1.77636E-15,-2.11165E-08,-4.23948E-06,-,-,-,-,-4.23948E-06
3/21/2025,2025,172,31.06,17.75,11.44,16.26561404,0.752132169,NA,NA,NA,NA,0.752132169,31.06,17.75,11.44,16.26561402,0.752118771,,,,,0.752118771,,3.55271E-15,0,1.77636E-15,-2.11978E-08,-1.33982E-05,-,-,-,-,-1.33982E-05
3/22/2025,2025,173,31.42,17.975,11.5,16.42235277,0.77309116,NA,NA,NA,NA,0.77309116,31.42,17.975,11.5,16.42235275,0.773080058,,,,,0.773080058,,3.55271E-15,-3.55271E-15,0,-2.14287E-08,-1.11016E-05,-,-,-,-,-1.11016E-05
3/23/2025,2025,174,31.98,18.1,11.58,16.5837715,0.790406976,NA,NA,NA,NA,0.790406976,31.98,18.1,11.58,16.58377148,0.790397254,,,,,0.790397254,,0,0,0,-2.17127E-08,-9.72209E-06,-,-,-,-,-9.72209E-06
3/24/2025,2025,175,32.4,17.85,11.38,16.45271635,0.784614282,NA,NA,NA,NA,0.784614282,32.4,17.85,11.38,16.45271633,0.784623908,,,,,0.784623908,,0,-3.55271E-15,-1.77636E-15,-2.17417E-08,9.62605E-06,-,-,-,-,9.62605E-06
3/25/2025,2025,176,32.32,17.75,11.06,16.23958663,0.775650964,NA,NA,NA,NA,0.775650964,32.32,17.75,11.06,16.2395866,0.775664275,,,,,0.775664275,,7.10543E-15,0,-1.77636E-15,-2.15865E-08,1.33112E-05,-,-,-,-,1.33112E-05
3/26/2025,2025,177,32.14,17.425,10.5,15.81083214,0.755749539,NA,NA,NA,NA,0.755749539,32.14,17.425,10.5,15.81083212,0.755761307,,,,,0.755761307,,0,0,0,-2.12514E-08,1.17681E-05,-,-,-,-,1.17681E-05
3/27/2025,2025,178,31.78,16.9,9.7,15.16377035,0.72985053,NA,NA,NA,NA,0.72985053,31.78,16.9,9.7,15.16377033,0.729842829,,,,,0.729842829,,0,3.55271E-15,0,-2.07126E-08,-7.70135E-06,-,-,-,-,-7.70135E-06
3/28/2025,2025,179,31.16,16.05,8.72,14.27707737,0.692416517,NA,NA,NA,NA,0.692416517,31.16,16.05,8.72,14.27707735,0.692403927,,,,,0.692403927,,3.55271E-15,-3.55271E-15,1.77636E-15,-1.99162E-08,-1.25906E-05,-,-,-,-,-1.25906E-05
3/29/2025,2025,180,30.52,15.575,8.12,13.7134227,0.665804166,NA,NA,NA,NA,0.665804166,30.52,15.575,8.12,13.71342268,0.665787044,,,,,0.665787044,,0,-1.77636E-15,1.77636E-15,-1.93401E-08,-1.71219E-05,-,-,-,-,-1.71219E-05
3/30/2025,2025,181,30.56,15.35,8.16,13.66464982,0.664123708,NA,NA,NA,NA,0.664123708,30.56,15.35,8.16,13.6646498,0.66410188,,,,,0.66410188,,3.55271E-15,0,0,-1.92959E-08,-2.18275E-05,-,-,-,-,-2.18275E-05
3/31/2025,2025,182,30.88,15.325,8,13.61621783,0.65864112,NA,NA,NA,NA,0.65864112,30.88,15.325,8,13.61621781,0.658653374,,,,,0.658653374,,3.55271E-15,1.77636E-15,0,-1.93684E-08,1.22545E-05,-,-,-,-,1.22545E-05
4/1/2025,2025,183,31.04,15.25,8.04,13.63427978,0.649868715,NA,NA,NA,NA,0.649868715,31.04,15.25,8.04,13.63427976,0.649874783,,,,,0.649874783,,0,0,0,-1.94193E-08,6.06811E-06,-,-,-,-,6.06811E-06
4/2/2025,2025,184,31.28,15.45,8.32,13.88195174,0.655044792,NA,NA,NA,NA,0.655044792,31.28,15.45,8.32,13.88195172,0.655031094,,,,,0.655031094,,0,1.77636E-15,0,-1.9658E-08,-1.36979E-05,-,-,-,-,-1.36979E-05
4/3/2025,2025,185,31.54,15.5,8.52,14.03999596,0.65742743,NA,NA,NA,NA,0.65742743,31.54,15.5,8.52,14.03999594,0.65742444,,,,,0.65742444,,0,1.77636E-15,0,-1.98341E-08,-2.99076E-06,-,-,-,-,-2.99076E-06
4/4/2025,2025,186,31.74,15.5,8.58,14.0992468,0.661665166,NA,NA,NA,NA,0.661665166,31.74,15.5,8.58,14.09924678,0.661670231,,,,,0.661670231,,0,-1.77636E-15,0,-1.99303E-08,5.06518E-06,-,-,-,-,5.06518E-06
4/5/2025,2025,187,31.6,15.275,8.46,13.94130831,0.649683757,NA,NA,NA,NA,0.649683757,31.6,15.275,8.46,13.94130829,0.6496813,,,,,0.6496813,,0,0,0,-1.9769E-08,-2.45769E-06,-,-,-,-,-2.45769E-06
4/6/2025,2025,188,31.78,15.05,8.18,13.74331262,0.638402741,NA,NA,NA,NA,0.638402741,31.78,15.05,8.18,13.7433126,0.638402109,,,,,0.638402109,,0,0,1.77636E-15,-1.96882E-08,-6.31873E-07,-,-,-,-,-6.31873E-07
4/7/2025,2025,189,31.78,14.35,7.62,13.21381518,0.599852247,NA,NA,NA,NA,0.599852247,31.78,14.35,7.62,13.21381516,0.599868178,,,,,0.599868178,,0,0,-8.88178E-16,-1.93049E-08,1.59308E-05,-,-,-,-,1.59308E-05
4/8/2025,2025,190,31.6,13.775,6.94,12.63809776,0.567139214,NA,NA,NA,NA,0.567139214,31.6,13.775,6.94,12.63809774,0.567143878,,,,,0.567143878,,0,0,-8.88178E-16,-1.88559E-08,4.66303E-06,-,-,-,-,4.66303E-06
4/9/2025,2025,191,30.68,12.8,6.32,11.85771055,0.529988922,NA,NA,NA,NA,0.529988922,30.68,12.8,6.32,11.85771054,0.529972464,,,,,0.529972464,,-3.55271E-15,0,0,-1.80045E-08,-1.6458E-05,-,-,-,-,-1.6458E-05
4/10/2025,2025,192,30.06,12.275,5.92,11.38542885,0.504923863,NA,NA,NA,NA,0.504923863,30.06,12.275,5.92,11.38542883,0.50491599,,,,,0.50491599,,3.55271E-15,0,0,-1.74778E-08,-7.87306E-06,-,-,-,-,-7.87306E-06
4/11/2025,2025,193,29.72,11.475,5.36,10.77543848,0.476286282,NA,NA,NA,NA,0.476286282,29.72,11.475,5.36,10.77543847,0.476298618,,,,,0.476298618,,0,0,0,-1.69284E-08,1.23359E-05,-,-,-,-,1.23359E-05
4/12/2025,2025,194,29.1,10.3,4.58,9.88523135,0.430892654,NA,NA,NA,NA,0.430892654,29.1,10.3,4.58,9.885231334,0.430883947,,,,,0.430883947,,0,-1.77636E-15,0,-1.6086E-08,-8.70641E-06,-,-,-,-,-8.70641E-06
4/13/2025,2025,195,28.32,9.425,4.08,9.220908641,0.403598678,NA,NA,NA,NA,0.403598678,28.32,9.425,4.08,9.220908625,0.403578667,,,,,0.403578667,,0,0,0,-1.53562E-08,-2.00109E-05,-,-,-,-,-2.00109E-05
4/14/2025,2025,196,27.6,8.925,3.82,8.816930814,0.394874734,NA,NA,NA,NA,0.394874734,27.6,8.925,3.82,8.816930799,0.39487789,,,,,0.39487789,,0,0,4.44089E-16,-1.48381E-08,3.15621E-06,-,-,-,-,3.15621E-06
4/15/2025,2025,197,27.24,8.4,3.64,8.49647955,0.388177652,NA,NA,NA,NA,0.388177652,27.24,8.4,3.64,8.496479535,0.388188438,,,,,0.388188438,,0,-1.77636E-15,-4.44089E-16,-1.44773E-08,1.07859E-05,-,-,-,-,1.07859E-05
4/16/2025,2025,198,26.66,7.65,3.28,7.975424972,0.369011501,NA,NA,NA,NA,0.369011501,26.66,7.65,3.28,7.975424958,0.369014246,,,,,0.369014246,,3.55271E-15,-8.88178E-16,0,-1.39064E-08,2.74478E-06,-,-,-,-,2.74478E-06
4/17/2025,2025,199,25.94,6.8,2.82,7.34884172,0.350637756,NA,NA,NA,NA,0.350637756,25.94,6.8,2.82,7.348841707,0.350646668,,,,,0.350646668,,-3.55271E-15,0,0,-1.32197E-08,8.91221E-06,-,-,-,-,8.91221E-06
4/18/2025,2025,200,25.08,6.05,2.34,6.725871482,0.334352132,NA,NA,NA,NA,0.334352132,25.08,6.05,2.34,6.72587147,0.334362057,,,,,0.334362057,,3.55271E-15,8.88178E-16,0,-1.25037E-08,9.92456E-06,-,-,-,-,9.92456E-06
4/19/2025,2025,201,24.48,5.45,2.06,6.294444657,0.330451735,NA,NA,NA,NA,0.330451735,24.48,5.45,2.06,6.294444645,0.330451199,,,,,0.330451199,,0,0,0,-1.19955E-08,-5.3609E-07,-,-,-,-,-5.3609E-07
4/20/2025,2025,202,23.94,4.775,1.74,5.825114799,0.319341856,NA,NA,NA,NA,0.319341856,23.94,4.775,1.74,5.825114787,0.319333818,,,,,0.319333818,,0,0,-2.22045E-16,-1.14757E-08,-8.03853E-06,-,-,-,-,-8.03853E-06
4/21/2025,2025,203,23.4,4.15,1.38,5.351462892,0.303027344,NA,NA,NA,NA,0.303027344,23.4,4.15,1.38,5.351462881,0.303021698,,,,,0.303021698,,0,0,2.22045E-16,-1.09603E-08,-5.64616E-06,-,-,-,-,-5.64616E-06
4/22/2025,2025,204,22.92,3.75,0.94,4.919333896,0.290912708,NA,NA,NA,NA,0.290912708,22.92,3.75,0.94,4.919333885,0.290909101,,,,,0.290909101,,0,0,1.11022E-16,-1.05173E-08,-3.60679E-06,-,-,-,-,-3.60679E-06
4/23/2025,2025,205,22.34,3.25,0.48,4.429348194,0.266844279,NA,NA,NA,NA,0.266844279,22.34,3.25,0.48,4.429348184,0.266836572,,,,,0.266836572,,0,0,0,-9.99712E-09,-7.70756E-06,-,-,-,-,-7.70756E-06
4/24/2025,2025,206,21.66,2.775,0.2,4.028738018,0.245071964,NA,NA,NA,NA,0.245071964,21.66,2.775,0.2,4.028738008,0.24507809,,,,,0.24507809,,0,0,0,-9.49709E-09,6.12551E-06,-,-,-,-,6.12551E-06
4/25/2025,2025,207,21.16,2.55,0.12,3.842113103,0.238359272,NA,NA,NA,NA,0.238359272,21.16,2.55,0.12,3.842113093,0.238362644,,,,,0.238362644,,0,0,0,-9.20505E-09,3.37208E-06,-,-,-,-,3.37208E-06
4/26/2025,2025,208,20.48,2.325,0.08,3.651680801,0.237739635,NA,NA,NA,NA,0.237739635,20.48,2.325,0.08,3.651680792,0.237745147,,,,,0.237745147,,0,0,0,-8.85338E-09,5.51155E-06,-,-,-,-,5.51155E-06
4/27/2025,2025,209,19.9,2.15,0.06,3.502355607,0.238061148,NA,NA,NA,NA,0.238061148,19.9,2.15,0.06,3.502355598,0.238054709,,,,,0.238054709,,0,0,0,-8.56285E-09,-6.43932E-06,-,-,-,-,-6.43932E-06
4/28/2025,2025,210,19.2,1.925,0.06,3.330230615,0.236052638,NA,NA,NA,NA,0.236052638,19.2,1.925,0.06,3.330230607,0.236051597,,,,,0.236051597,,0,0,0,-8.21476E-09,-1.04039E-06,-,-,-,-,-1.04039E-06
4/29/2025,2025,211,18.52,1.575,0.02,3.097924317,0.227337221,NA,NA,NA,NA,0.227337221,18.52,1.575,0.02,3.097924309,0.227343532,,,,,0.227343532,,0,0,0,-7.82334E-09,6.31101E-06,-,-,-,-,6.31101E-06
4/30/2025,2025,212,17.94,1.275,0.02,2.91726095,0.2157897,NA,NA,NA,NA,0.2157897,17.94,1.275,0.02,2.917260942,0.215794811,,,,,0.215794811,,0,0,0,-7.49881E-09,5.11127E-06,-,-,-,-,5.11127E-06
5/1/2025,2025,213,17.38,1.075,0,2.762325293,0.211138523,NA,NA,NA,NA,0.211138523,17.38,1.075,0,2.762325286,0.211144421,,,,,0.211144421,,3.55271E-15,0,0,-7.20823E-09,5.89774E-06,-,-,-,-,5.89774E-06
5/2/2025,2025,214,16.72,0.8,0,2.578979377,0.204941146,NA,NA,NA,NA,0.204941146,16.72,0.8,0,2.57897937,0.204940512,,,,,0.204940512,,0,0,0,-6.86004E-09,-6.33571E-07,-,-,-,-,-6.33571E-07
5/3/2025,2025,215,16.02,0.475,0,2.373355188,0.197582017,NA,NA,NA,NA,0.197582017,16.02,0.475,0,2.373355182,0.197574855,,,,,0.197574855,,0,0,0,-6.48015E-09,-7.16211E-06,-,-,-,-,-7.16211E-06
5/4/2025,2025,216,15.1,0.075,0,2.112198893,0.174432149,NA,NA,NA,NA,0.174432149,15.1,0.075,0,2.112198887,0.174434608,,,,,0.174434608,,0,0,0,-5.98949E-09,2.45919E-06,-,-,-,-,2.45919E-06
5/5/2025,2025,217,14.52,0,0,2.00690872,0.165450018,NA,NA,NA,NA,0.165450018,14.52,0,0,2.006908714,0.165445184,,,,,0.165445184,,0,0,0,-5.7365E-09,-4.83374E-06,-,-,-,-,-4.83374E-06
5/6/2025,2025,218,14.02,0,0,1.937800293,0.160387377,NA,NA,NA,NA,0.160387377,14.02,0,0,1.937800288,0.160389584,,,,,0.160389584,,0,0,0,-5.53896E-09,2.20696E-06,-,-,-,-,2.20696E-06
5/7/2025,2025,219,13.34,0,0,1.843812832,0.155517277,NA,NA,NA,NA,0.155517277,13.34,0,0,1.843812827,0.155510967,,,,,0.155510967,,-1.77636E-15,0,0,-5.27031E-09,-6.30987E-06,-,-,-,-,-6.30987E-06
5/8/2025,2025,220,12.56,0,0,1.736003686,0.153547115,NA,NA,NA,NA,0.153547115,12.56,0,0,1.736003681,0.153545858,,,,,0.153545858,,-1.77636E-15,0,0,-4.96215E-09,-1.25783E-06,-,-,-,-,-1.25783E-06
